Respondent_ID,Age,Annual_Income,Satisfaction_Score,Work_Hours_Per_Week,Spending_Score,Gender,Education_Level,Employment_Status
1,39,39822,1.22,12,79.29,Non-binary,High School,Self-employed
2,33,45417,4.94,61,73.98,Non-binary,High School,Retired
3,41,41039,4.2,37,23.41,Female,Master's Degree,Employed
4,50,51656,4.48,38,32,Non-binary,Master's Degree,Student
5,32,67957,3.78,39,78.86,Non-binary,High School,Employed
6,32,38434,1.74,43,35.77,Non-binary,Master's Degree,Unemployed
7,50,65012,1.12,39,40.36,Male,High School,Unemployed
8,42,38274,4.46,38,36.44,Male,High School,Employed
9,30,37285,2.59,53,16.16,Prefer not to say,Bachelor's Degree,Employed
10,40,62278,2.06,45,34.09,Female,Bachelor's Degree,Student
11,30,63829,3.25,30,80.29,Non-binary,Bachelor's Degree,Employed
12,30,62771,2.68,47,49.11,Non-binary,Doctorate,Self-employed
13,37,30263,3.61,45,45.82,Male,Associate Degree,Retired
14,18,43010,2.94,34,15.64,Male,Master's Degree,Student
15,18,62344,3.79,47,17.76,Male,Bachelor's Degree,Employed
16,29,50623,4.41,38,4.3,Female,Associate Degree,Self-employed
17,24,33894,1.78,37,1.4,Male,Associate Degree,Employed
18,38,56874,2.32,37,48.8,Non-binary,Master's Degree,Student
19,25,39277,2.75,15,40.92,Non-binary,Doctorate,Student
20,20,76917,4.85,34,27.54,Non-binary,High School,Unemployed
21,49,73172,2.46,47,99,Prefer not to say,Bachelor's Degree,Unemployed
22,32,59061,2.52,39,39.8,Female,Doctorate,Employed
23,35,70415,3.61,27,78.88,Non-binary,Master's Degree,Retired
24,20,50971,2.68,49,21.05,Non-binary,Doctorate,Self-employed
25,29,61481,4.8,37,24.7,Non-binary,Associate Degree,Unemployed
26,36,72165,4.58,27,56.84,Male,Doctorate,Unemployed
27,23,53682,3.05,62,0.4,Non-binary,Bachelor's Degree,Retired
28,38,46172,3.58,29,1.74,Male,Doctorate,Student
29,28,24430,1.23,48,14.22,Male,Doctorate,Employed
30,32,48752,3.78,32,22.31,Female,Associate Degree,Employed
31,28,62351,3.83,41,52.78,Female,Doctorate,Self-employed
32,53,64184,2.44,30,68.62,Non-binary,Associate Degree,Retired
33,34,57565,1.88,27,31.19,Female,Bachelor's Degree,Retired
34,24,41880,4.66,45,23.91,Male,Bachelor's Degree,Retired
35,43,20347,2.71,44,82.28,Male,High School,Student
36,22,42571,3.61,51,16.28,Non-binary,High School,Retired
37,37,45434,1.13,39,67.83,Non-binary,Associate Degree,Student
38,18,45306,2.66,62,93.13,Non-binary,High School,Employed
39,21,59278,4.27,42,23.22,Male,High School,Student
40,36,79785,2.55,45,8.7,Male,Master's Degree,Employed
41,42,51852,3.41,26,97.98,Non-binary,High School,Self-employed
42,36,46749,1.84,33,27.08,Non-binary,Doctorate,Retired
43,33,46111,2.67,45,27.57,Male,Bachelor's Degree,Self-employed
44,31,51865,4.71,39,48.38,Female,High School,Retired
45,20,37575,3.27,41,23.11,Male,Associate Degree,Self-employed
46,27,51802,4.61,31,99.29,Female,Master's Degree,Unemployed
47,30,56762,4.61,41,4.3,Non-binary,Master's Degree,Unemployed
48,45,53145,4.78,41,45.15,Male,Bachelor's Degree,Student
49,38,56863,4.58,28,54.83,Non-binary,Bachelor's Degree,Self-employed
50,18,56506,1.01,46,46.7,Non-binary,Associate Degree,Retired
51,38,23421,4.74,22,52.05,Non-binary,Associate Degree,Employed
52,31,59553,1.55,41,98.76,Prefer not to say,Associate Degree,Student
53,28,39934,1.16,57,87.69,Prefer not to say,Master's Degree,Student
54,41,33562,1.22,46,30.84,Male,Master's Degree,Unemployed
55,45,33433,2.4,46,55.15,Prefer not to say,Associate Degree,Self-employed
56,44,56503,3.48,31,0.03,Male,High School,Self-employed
57,26,46661,2.61,57,40.96,Female,High School,Student
58,31,24770,1.1,53,16.39,Male,Associate Degree,Unemployed
59,38,57170,2.91,31,71.14,Prefer not to say,Associate Degree,Employed
60,44,28405,2.77,35,22.11,Prefer not to say,Master's Degree,Unemployed
61,30,52097,4.03,52,74.89,Female,High School,Self-employed
62,33,53577,2.12,57,31.32,Female,Bachelor's Degree,Employed
63,23,63283,1.87,27,92.58,Male,Bachelor's Degree,Student
64,23,76725,2.02,29,44.54,Male,Doctorate,Employed
65,43,29529,2.21,38,83.95,Non-binary,Bachelor's Degree,Student
66,48,49212,3.4,18,62.82,Non-binary,High School,Unemployed
67,34,45854,2.89,40,97.74,Male,Master's Degree,Employed
68,45,56506,2.35,51,74.27,Female,High School,Retired
69,38,53235,2.5,25,72.77,Male,High School,Self-employed
70,28,44711,2.48,41,26.49,Non-binary,Bachelor's Degree,Student
71,38,43386,4.89,34,50.49,Female,Associate Degree,Employed
72,50,33253,1.93,56,29.01,Non-binary,Doctorate,Employed
73,34,64817,4.27,34,1.93,Male,Bachelor's Degree,Retired
74,50,56888,3.83,55,71.06,Male,Bachelor's Degree,Unemployed
75,18,63766,1.02,34,23.58,Prefer not to say,Bachelor's Degree,Retired
76,43,45344,4.97,47,39.73,Male,Doctorate,Employed
77,35,40147,4.03,42,28.46,Prefer not to say,Master's Degree,Self-employed
78,32,33825,3.73,38,19.96,Prefer not to say,Bachelor's Degree,Employed
79,35,55383,2.62,32,6.71,Prefer not to say,Master's Degree,Employed
80,18,34403,3.22,43,33.79,Prefer not to say,Master's Degree,Employed
81,32,77729,2.01,35,8.17,Non-binary,High School,Retired
82,38,30385,1.14,33,54.03,Male,Associate Degree,Retired
83,49,54104,4.34,54,1.96,Male,Doctorate,Student
84,29,73502,4.59,45,94,Male,Associate Degree,Student
85,26,58986,1.65,46,96.65,Prefer not to say,Master's Degree,Student
86,29,52635,4.15,36,30.47,Non-binary,Master's Degree,Employed
87,44,35472,3.96,38,26.02,Non-binary,Doctorate,Student
88,38,29273,1.71,37,10.44,Prefer not to say,Associate Degree,Student
89,29,61550,2.69,43,90.49,Prefer not to say,High School,Unemployed
90,40,72592,2.69,46,58.69,Male,Associate Degree,Retired
91,35,43417,4.04,39,61.01,Non-binary,Bachelor's Degree,Student
92,44,32914,4.35,32,89.59,Female,Associate Degree,Retired
93,27,20000,1.38,47,91.08,Female,Master's Degree,Self-employed
94,31,35288,3.25,40,82.83,Female,Doctorate,Unemployed
95,31,48295,4.05,25,77.34,Female,Bachelor's Degree,Self-employed
96,20,73986,4.14,18,87.72,Prefer not to say,Master's Degree,Retired
97,37,60097,1.59,42,87.6,Male,Associate Degree,Retired
98,37,54576,3.1,31,36.86,Female,Doctorate,Self-employed
99,35,43998,4.43,44,97.34,Male,Bachelor's Degree,Student
100,32,41252,2.27,32,70.91,Male,Associate Degree,Unemployed
101,20,71084,2.7,41,37.02,Non-binary,Bachelor's Degree,Retired
102,30,53011,4.22,36,44.2,Female,High School,Employed
103,31,20000,1.36,57,68.71,Male,High School,Unemployed
104,26,39896,4.44,49,36.11,Non-binary,Doctorate,Self-employed
105,33,37126,2.24,53,82.66,Prefer not to say,High School,Retired
106,39,41806,1.01,40,14.81,Male,Master's Degree,Retired
107,53,58443,1.94,48,90.76,Male,Associate Degree,Self-employed
108,36,48388,1.36,40,30.12,Non-binary,Bachelor's Degree,Employed
109,37,48847,1.37,54,15.27,Male,Bachelor's Degree,Employed
110,34,69702,3.77,39,85.8,Prefer not to say,High School,Retired
111,18,39553,1.86,26,23.95,Prefer not to say,Bachelor's Degree,Student
112,34,77962,4.74,20,84.34,Non-binary,Bachelor's Degree,Employed
113,35,39930,3.07,56,29.63,Female,Associate Degree,Employed
114,59,51337,2.84,44,93.39,Male,Doctorate,Student
115,33,45781,2.74,45,21.91,Male,Bachelor's Degree,Employed
116,38,51851,3.77,54,6.96,Female,High School,Student
117,34,56668,2.81,23,93.65,Prefer not to say,High School,Self-employed
118,23,56507,1.51,36,16.56,Male,Doctorate,Unemployed
119,46,38703,4.52,37,94.41,Non-binary,Bachelor's Degree,Unemployed
120,42,33156,2.71,47,82.4,Non-binary,Bachelor's Degree,Self-employed
121,42,87547,1.3,33,8.19,Non-binary,Bachelor's Degree,Employed
122,25,42740,3.12,27,44.51,Male,Doctorate,Unemployed
123,49,60488,3.59,27,7.34,Female,High School,Self-employed
124,20,25885,2.1,51,32.98,Male,Bachelor's Degree,Unemployed
125,40,45805,4.2,32,35.15,Female,Bachelor's Degree,Employed
126,56,48092,3.68,34,59.96,Female,Master's Degree,Student
127,25,57092,3.6,46,97.59,Male,Associate Degree,Self-employed
128,29,20000,2.68,33,16.98,Prefer not to say,Doctorate,Unemployed
129,35,52492,4.85,22,32.92,Female,Associate Degree,Employed
130,29,32753,2.1,24,58.71,Male,Doctorate,Unemployed
131,19,54865,3.31,39,17.14,Prefer not to say,Associate Degree,Employed
132,35,34455,2.24,44,71.07,Prefer not to say,Master's Degree,Employed
133,24,37167,3.98,37,40.37,Male,Associate Degree,Employed
134,39,45895,1.19,44,94.96,Male,Bachelor's Degree,Employed
135,25,34215,1.18,23,62.99,Prefer not to say,Associate Degree,Self-employed
136,50,42866,4.24,24,36.31,Male,Associate Degree,Student
137,27,32099,2.74,62,71.95,Prefer not to say,High School,Self-employed
138,31,22502,2.36,52,83.88,Prefer not to say,Doctorate,Unemployed
139,43,65269,3.43,47,80.05,Prefer not to say,Associate Degree,Self-employed
140,22,30559,3.81,33,26.28,Non-binary,Bachelor's Degree,Self-employed
141,37,47319,1.8,37,41.7,Male,Bachelor's Degree,Unemployed
142,48,61293,1.74,39,45.22,Non-binary,Doctorate,Student
143,18,40775,4.83,53,38.84,Male,Master's Degree,Self-employed
144,36,37622,3.36,44,31.09,Female,Doctorate,Employed
145,37,53393,2.56,45,75.27,Non-binary,Bachelor's Degree,Self-employed
146,42,66769,4.21,38,1.22,Male,Master's Degree,Unemployed
147,22,32460,3.1,47,29.35,Male,Master's Degree,Student
148,21,47747,1.97,43,14.16,Prefer not to say,High School,Self-employed
149,40,24012,1.83,40,12.88,Female,Associate Degree,Self-employed
150,37,44101,2.59,32,27.7,Female,High School,Unemployed
151,37,50513,4.44,38,76.22,Male,Associate Degree,Retired
152,38,37180,1.25,29,96.94,Female,High School,Retired
153,28,43145,1.87,39,51.46,Female,Master's Degree,Self-employed
154,37,28876,4.57,40,33.9,Non-binary,Associate Degree,Employed
155,37,51156,1.49,15,82.92,Female,Bachelor's Degree,Self-employed
156,27,65835,3.52,37,6.71,Female,Master's Degree,Retired
157,53,33542,1.85,28,9.32,Prefer not to say,Doctorate,Self-employed
158,39,40659,3.42,44,34.54,Prefer not to say,Master's Degree,Employed
159,23,57538,2.53,46,44.84,Non-binary,Bachelor's Degree,Student
160,41,68181,1.41,35,79.78,Male,High School,Self-employed
161,25,27602,3.33,45,92.53,Prefer not to say,Associate Degree,Unemployed
162,42,47468,3.73,45,53.13,Non-binary,High School,Employed
163,46,54246,3.72,37,49.56,Female,High School,Self-employed
164,26,48469,3.55,55,21.3,Non-binary,Associate Degree,Retired
165,44,20000,3,32,45.12,Prefer not to say,High School,Self-employed
166,39,57516,3.08,54,92.36,Female,Bachelor's Degree,Retired
167,43,72790,3.54,37,39.29,Non-binary,Doctorate,Unemployed
168,53,51749,3.76,31,21.07,Prefer not to say,Associate Degree,Student
169,32,34533,3.62,36,33.73,Non-binary,High School,Retired
170,27,42303,3.35,29,51.46,Male,Associate Degree,Self-employed
171,26,76548,1.62,47,59.86,Female,High School,Unemployed
172,26,63649,1.84,23,43.24,Non-binary,Bachelor's Degree,Employed
173,34,59600,2.04,53,75.85,Non-binary,Master's Degree,Self-employed
174,38,55346,4.68,30,58.45,Female,Doctorate,Employed
175,37,40082,4.04,48,66.5,Prefer not to say,Doctorate,Retired
176,43,46991,3.21,40,86.29,Non-binary,Associate Degree,Unemployed
177,35,48831,2.01,42,86.57,Prefer not to say,Doctorate,Student
178,49,58243,1.44,34,20.35,Male,High School,Self-employed
179,32,72633,4.6,43,62.33,Female,Bachelor's Degree,Unemployed
180,62,66775,4.57,41,71.66,Prefer not to say,Bachelor's Degree,Unemployed
181,41,28709,1.44,25,14.59,Prefer not to say,Associate Degree,Student
182,26,53359,4.19,30,84.28,Prefer not to say,High School,Retired
183,24,61051,2.79,34,18.05,Male,Doctorate,Student
184,39,59282,2.3,32,79.93,Female,High School,Student
185,32,40561,3.96,52,16.15,Prefer not to say,Doctorate,Student
186,42,93711,3.46,40,74.18,Prefer not to say,High School,Employed
187,39,30843,4.12,32,14.81,Male,Doctorate,Self-employed
188,34,33752,1.3,35,37.88,Female,Doctorate,Student
189,26,53503,2.27,34,14.35,Non-binary,Bachelor's Degree,Self-employed
190,19,81752,2.28,37,27.07,Female,Master's Degree,Student
191,30,37457,2.32,29,98.45,Non-binary,Master's Degree,Retired
192,43,46012,3.01,31,10.77,Male,Associate Degree,Retired
193,37,66159,2.13,47,40.65,Non-binary,Master's Degree,Student
194,22,49732,2.78,41,67.69,Male,Associate Degree,Unemployed
195,36,44980,2.47,38,9.46,Non-binary,Bachelor's Degree,Self-employed
196,38,58484,3.94,40,10.9,Male,Associate Degree,Retired
197,26,54087,3.41,39,14.33,Female,Master's Degree,Employed
198,36,65456,3.61,37,64.5,Female,Doctorate,Unemployed
199,35,69372,1.84,45,90.93,Non-binary,Associate Degree,Retired
200,23,54605,2.3,44,82.6,Female,Master's Degree,Unemployed
201,38,54375,1.08,24,98.31,Non-binary,Master's Degree,Self-employed
202,40,53211,1.43,38,57.81,Male,Doctorate,Unemployed
203,45,57336,2.06,24,96.15,Prefer not to say,High School,Employed
204,45,50827,1.26,46,30.49,Male,Master's Degree,Unemployed
205,21,49990,3.41,47,42.15,Prefer not to say,Bachelor's Degree,Retired
206,25,67949,4.99,33,39.6,Female,Doctorate,Employed
207,40,72741,1.4,38,4.74,Female,High School,Self-employed
208,40,27386,4.28,18,82.97,Non-binary,Doctorate,Retired
209,40,50150,1.48,49,2.47,Non-binary,Associate Degree,Self-employed
210,70,39669,3.68,47,72.99,Prefer not to say,Master's Degree,Student
211,40,45335,3.57,51,40.71,Male,Master's Degree,Retired
212,46,56037,4.61,54,0.62,Prefer not to say,Doctorate,Unemployed
213,44,60041,1.46,27,28.99,Prefer not to say,Associate Degree,Self-employed
214,41,48318,2.26,48,34.61,Male,Doctorate,Unemployed
215,31,21299,1.36,54,96.47,Non-binary,Bachelor's Degree,Employed
216,42,35524,2.63,25,66.11,Female,Master's Degree,Self-employed
217,27,63447,4.65,38,54.36,Female,Master's Degree,Self-employed
218,32,20000,4.13,36,12.71,Non-binary,Bachelor's Degree,Employed
219,30,67811,3.89,48,39.11,Prefer not to say,High School,Employed
220,35,57818,3.13,16,3.58,Non-binary,Master's Degree,Employed
221,58,69742,4.53,58,76.17,Prefer not to say,Doctorate,Employed
222,18,47021,2.8,38,16.28,Female,High School,Student
223,41,20000,1.6,49,59.44,Prefer not to say,High School,Self-employed
224,18,56455,4.35,39,69.94,Female,Doctorate,Student
225,30,69119,2.12,44,36.65,Female,Bachelor's Degree,Student
226,45,63870,1.21,16,63.26,Prefer not to say,High School,Unemployed
227,35,40059,1.5,36,76.42,Female,Master's Degree,Self-employed
228,24,51301,3.44,48,18.41,Non-binary,Associate Degree,Self-employed
229,27,42007,3.43,42,60.09,Prefer not to say,High School,Self-employed
230,41,37711,2.04,23,73.39,Male,Bachelor's Degree,Self-employed
231,27,64330,3.91,40,35.7,Female,Doctorate,Employed
232,37,32037,4.09,31,16.25,Prefer not to say,Master's Degree,Retired
233,35,36592,4.68,30,28.61,Prefer not to say,Associate Degree,Unemployed
234,28,33439,3.34,24,93.31,Prefer not to say,High School,Unemployed
235,56,27646,4.12,46,35.74,Male,Bachelor's Degree,Employed
236,41,52196,4.01,51,10.77,Male,Associate Degree,Student
237,18,67422,2.03,61,8.27,Female,Associate Degree,Retired
238,36,47226,2.24,25,18.05,Non-binary,Master's Degree,Unemployed
239,28,27413,2.91,47,12.75,Male,Master's Degree,Student
240,43,62599,1.08,48,49.5,Male,High School,Self-employed
241,27,75285,2.19,34,34.76,Prefer not to say,High School,Retired
242,33,40306,2.9,30,84.14,Prefer not to say,Associate Degree,Retired
243,40,42821,1.43,29,88.11,Non-binary,Bachelor's Degree,Self-employed
244,43,57734,1.51,34,47.33,Female,Associate Degree,Unemployed
245,22,74328,2.85,42,88.85,Prefer not to say,Bachelor's Degree,Retired
246,31,42202,3.92,53,45.05,Female,Master's Degree,Employed
247,30,30013,4.33,51,64.2,Non-binary,Bachelor's Degree,Employed
248,28,59471,3.19,23,16.25,Non-binary,Bachelor's Degree,Employed
249,52,61986,2.9,32,5.26,Male,Master's Degree,Retired
250,39,50091,2.54,52,16.01,Female,Doctorate,Unemployed
251,22,41628,1.77,32,25.18,Prefer not to say,Associate Degree,Student
252,44,64915,1.59,39,75.1,Prefer not to say,High School,Unemployed
253,56,57920,4.17,22,17.35,Female,Bachelor's Degree,Student
254,45,38473,2.86,51,13.07,Prefer not to say,High School,Retired
255,19,50736,4.16,20,92.76,Prefer not to say,High School,Self-employed
256,30,29724,3.82,23,68.88,Prefer not to say,Associate Degree,Student
257,47,60288,1.78,50,47.33,Prefer not to say,Doctorate,Student
258,27,46066,3.04,59,9.5,Non-binary,Doctorate,Unemployed
259,39,43464,2.78,37,85.18,Non-binary,Doctorate,Retired
260,42,49506,2.7,39,10.83,Prefer not to say,Doctorate,Unemployed
261,25,50604,3.17,49,61.1,Female,Master's Degree,Retired
262,34,63423,4.93,42,66.77,Prefer not to say,High School,Student
263,18,58866,4.25,36,40.01,Female,High School,Self-employed
264,24,47653,4.61,35,91.12,Female,Master's Degree,Retired
265,32,61455,1.12,24,5.07,Male,Associate Degree,Student
266,22,56011,1.56,42,81.81,Male,Bachelor's Degree,Self-employed
267,51,43601,1.34,39,55.38,Male,Doctorate,Unemployed
268,20,48129,2.05,35,61.12,Female,Doctorate,Unemployed
269,30,47776,2.77,29,98.68,Female,Master's Degree,Retired
270,36,57578,3.57,30,58.26,Female,Doctorate,Retired
271,49,44494,3,46,79.7,Female,Master's Degree,Retired
272,20,44143,4.61,48,15.35,Female,Bachelor's Degree,Unemployed
273,46,79531,4.76,36,80.93,Non-binary,High School,Retired
274,35,64096,1.65,35,76.11,Prefer not to say,Doctorate,Student
275,25,38590,4.41,31,96.81,Male,Associate Degree,Employed
276,39,58564,2.93,49,93.57,Female,Master's Degree,Employed
277,36,51775,2.81,40,21.4,Non-binary,Bachelor's Degree,Retired
278,28,55873,4.14,43,46.49,Male,Associate Degree,Student
279,35,52060,1.37,43,91.15,Prefer not to say,High School,Student
280,31,67844,4.53,36,64.08,Non-binary,Associate Degree,Student
281,36,55184,3.68,28,46.37,Female,Master's Degree,Self-employed
282,41,49068,4.5,30,10.89,Non-binary,Doctorate,Student
283,50,65632,4.98,51,35.18,Non-binary,High School,Unemployed
284,22,53499,3.07,32,66.52,Prefer not to say,Master's Degree,Unemployed
285,56,51822,1.37,35,77.69,Non-binary,Bachelor's Degree,Student
286,18,54710,1.67,28,44.72,Male,Associate Degree,Employed
287,33,48595,2.29,27,5.58,Non-binary,Associate Degree,Self-employed
288,40,50138,1.41,32,63.32,Male,High School,Unemployed
289,37,41199,4.26,56,92.16,Female,High School,Unemployed
290,28,38732,2.19,46,49.64,Female,Bachelor's Degree,Unemployed
291,32,35021,4.9,34,92.84,Male,Bachelor's Degree,Self-employed
292,30,29120,3.81,50,35.41,Female,High School,Student
293,29,36804,1.69,38,88.64,Prefer not to say,Master's Degree,Self-employed
294,43,47385,2.9,53,78.63,Prefer not to say,Master's Degree,Student
295,38,51546,2.87,62,96.17,Prefer not to say,High School,Retired
296,28,45930,2.97,50,79.1,Prefer not to say,Associate Degree,Unemployed
297,43,20000,3.14,40,32.15,Male,Doctorate,Employed
298,38,73618,1.12,46,90.06,Prefer not to say,Bachelor's Degree,Self-employed
299,43,66297,3.75,40,66.97,Male,Master's Degree,Self-employed
300,41,56686,2.95,21,16.21,Non-binary,Doctorate,Unemployed
301,26,78612,4.16,33,4.6,Male,Associate Degree,Unemployed
302,29,35339,4.26,30,36.58,Female,Bachelor's Degree,Employed
303,42,78314,1.92,33,78.69,Prefer not to say,Master's Degree,Employed
304,41,35521,1.19,57,61.82,Male,Master's Degree,Unemployed
305,34,53581,3.81,51,52.71,Male,Associate Degree,Student
306,36,30892,4.91,44,0.37,Male,Associate Degree,Unemployed
307,47,50220,2.79,48,43.55,Non-binary,Master's Degree,Employed
308,29,55792,2.04,21,15.77,Male,Master's Degree,Unemployed
309,40,47679,1.63,47,45.46,Prefer not to say,Doctorate,Employed
310,32,60708,2.15,49,99.18,Female,Associate Degree,Retired
311,32,51485,2.31,17,87.95,Non-binary,Associate Degree,Student
312,45,42163,2.7,47,31.06,Female,Doctorate,Employed
313,43,41497,3.62,25,59.35,Non-binary,Associate Degree,Self-employed
314,43,62163,2.09,20,50.21,Non-binary,High School,Self-employed
315,48,40193,1.2,53,13,Prefer not to say,Bachelor's Degree,Student
316,35,63731,2.49,29,98.98,Female,High School,Student
317,41,68340,4.42,32,42.52,Female,Associate Degree,Self-employed
318,31,24969,2.99,49,50.57,Non-binary,Doctorate,Retired
319,38,66993,4.86,36,64.76,Prefer not to say,Master's Degree,Retired
320,33,80906,3.01,38,19.15,Prefer not to say,Associate Degree,Employed
321,35,53780,2.1,37,22.22,Non-binary,Master's Degree,Student
322,40,58986,1.77,43,19.26,Female,Bachelor's Degree,Self-employed
323,26,65555,3.78,37,38.45,Non-binary,High School,Student
324,55,45867,3.15,41,19.97,Non-binary,Bachelor's Degree,Self-employed
325,24,52734,3.42,34,92.64,Non-binary,Master's Degree,Self-employed
326,22,30287,4.02,43,71.43,Prefer not to say,Bachelor's Degree,Employed
327,46,52079,3.9,43,89.78,Non-binary,Master's Degree,Student
328,42,57471,1.17,58,84.85,Non-binary,High School,Retired
329,41,57742,4.21,36,70.32,Male,Master's Degree,Student
330,41,65981,3.13,38,24.27,Prefer not to say,High School,Self-employed
331,34,38377,2.57,42,61.53,Prefer not to say,Associate Degree,Retired
332,26,42010,3.15,49,18.63,Male,Master's Degree,Self-employed
333,35,78432,3.45,29,13.25,Non-binary,Bachelor's Degree,Student
334,28,47745,1.6,41,63.26,Prefer not to say,Doctorate,Self-employed
335,44,53000,2.67,14,62.46,Male,Bachelor's Degree,Unemployed
336,33,48994,2.34,37,15.66,Non-binary,Doctorate,Retired
337,26,37674,2.4,50,35.24,Prefer not to say,Bachelor's Degree,Employed
338,31,74352,1.37,32,6.63,Prefer not to say,Master's Degree,Unemployed
339,39,42084,1.64,41,71.57,Non-binary,Associate Degree,Self-employed
340,29,33090,1.65,34,98.75,Non-binary,Master's Degree,Student
341,26,43238,2.49,31,73.99,Male,High School,Self-employed
342,37,20000,4.58,49,84.42,Non-binary,Associate Degree,Employed
343,37,40230,1.82,29,47.63,Male,Master's Degree,Student
344,29,35478,2.66,42,9.56,Non-binary,Associate Degree,Retired
345,30,59261,2.25,43,72.66,Prefer not to say,High School,Retired
346,37,39898,4.15,31,25.65,Male,Doctorate,Self-employed
347,20,63317,1.2,41,38.83,Male,Associate Degree,Unemployed
348,20,70977,1.79,30,70.31,Female,Associate Degree,Student
349,27,61717,1.84,45,90.48,Prefer not to say,High School,Unemployed
350,32,46769,4.97,26,48.62,Non-binary,Master's Degree,Self-employed
351,38,52116,3.28,36,96.16,Male,Doctorate,Student
352,49,27125,1.56,37,51.99,Female,Associate Degree,Retired
353,43,47993,2.09,51,12.25,Non-binary,Associate Degree,Retired
354,33,37093,1.67,41,51.84,Prefer not to say,Associate Degree,Self-employed
355,34,60414,1.5,49,86.06,Male,Associate Degree,Student
356,24,88591,4.19,45,53.8,Female,High School,Self-employed
357,34,57497,2.98,45,74.78,Female,Associate Degree,Retired
358,32,20132,3.52,36,54.8,Female,Doctorate,Employed
359,38,44581,2.33,50,54.61,Male,High School,Unemployed
360,26,51837,3.21,36,28.48,Prefer not to say,Associate Degree,Self-employed
361,40,51310,2.03,22,20.13,Non-binary,Doctorate,Employed
362,50,39037,2.23,37,27.89,Non-binary,Bachelor's Degree,Retired
363,33,53679,3.61,44,44.08,Female,Bachelor's Degree,Self-employed
364,39,31362,1.6,23,80.96,Non-binary,Doctorate,Retired
365,41,35826,3.47,31,82.9,Prefer not to say,Associate Degree,Retired
366,30,59686,4.41,27,16.34,Female,Associate Degree,Self-employed
367,37,34765,1.48,47,55.29,Prefer not to say,High School,Employed
368,35,58073,4.59,56,41.6,Prefer not to say,Associate Degree,Self-employed
369,35,29458,1.32,37,57.09,Male,High School,Retired
370,27,76472,2.4,45,64.76,Male,Associate Degree,Student
371,35,38385,3.44,45,27.96,Non-binary,Master's Degree,Retired
372,39,46645,3.24,55,91.92,Female,Master's Degree,Self-employed
373,49,54959,1.39,33,93.54,Male,Doctorate,Employed
374,44,41519,4.2,37,10.54,Non-binary,Master's Degree,Retired
375,56,52151,4.89,36,70.3,Female,Bachelor's Degree,Employed
376,27,58630,1.72,40,3.32,Prefer not to say,Bachelor's Degree,Employed
377,43,64409,4.58,65,4.66,Prefer not to say,High School,Unemployed
378,36,61872,3.23,40,95.78,Male,Bachelor's Degree,Employed
379,56,47422,4.74,31,69.49,Prefer not to say,Associate Degree,Retired
380,26,47800,1.7,28,32.45,Non-binary,High School,Retired
381,26,85236,4.17,52,66.99,Female,Master's Degree,Self-employed
382,29,64248,1.24,31,84.58,Female,Master's Degree,Self-employed
383,18,36172,4.53,46,87.09,Male,Bachelor's Degree,Employed
384,29,51499,3.7,33,2.05,Non-binary,Bachelor's Degree,Student
385,27,44972,2.48,27,81.82,Non-binary,Associate Degree,Retired
386,36,47969,1.76,46,85.32,Female,Master's Degree,Employed
387,38,31557,4.27,33,59.56,Male,Bachelor's Degree,Self-employed
388,53,43821,3.41,44,47.99,Male,Master's Degree,Retired
389,44,77173,2.44,44,11.1,Prefer not to say,Master's Degree,Unemployed
390,29,58686,2.78,45,23.96,Non-binary,Bachelor's Degree,Self-employed
391,26,20000,4.31,37,49.05,Prefer not to say,Master's Degree,Unemployed
392,39,68250,2.36,46,86.51,Prefer not to say,Bachelor's Degree,Retired
393,21,66344,1.36,30,80.31,Female,Doctorate,Student
394,53,44610,4.65,15,49.59,Non-binary,Bachelor's Degree,Employed
395,46,60758,2.55,47,78.56,Non-binary,Master's Degree,Employed
396,30,37109,2.39,41,76.57,Female,Doctorate,Student
397,18,42946,1.82,33,57.9,Male,Master's Degree,Employed
398,48,72478,4.59,25,22.03,Prefer not to say,Master's Degree,Employed
399,33,45924,1.87,19,34.8,Prefer not to say,Doctorate,Unemployed
400,47,21954,3.55,40,16.41,Prefer not to say,Associate Degree,Employed
401,19,49050,4.52,56,0.72,Prefer not to say,Doctorate,Unemployed
402,29,48821,1.14,38,8.05,Non-binary,Master's Degree,Employed
403,35,67975,4.32,36,75.96,Female,Master's Degree,Employed
404,35,50215,2.64,39,3.35,Male,Associate Degree,Self-employed
405,30,43676,3.63,61,39.99,Female,Doctorate,Student
406,41,65675,2.49,47,98.58,Female,Bachelor's Degree,Self-employed
407,24,51811,3.78,30,79.52,Prefer not to say,Master's Degree,Employed
408,33,38749,2.02,40,75.06,Prefer not to say,Doctorate,Unemployed
409,36,67324,1.09,43,27.47,Prefer not to say,High School,Employed
410,40,52904,4.79,29,64.17,Female,Master's Degree,Retired
411,42,50043,1.07,47,49.87,Male,Bachelor's Degree,Retired
412,23,52668,4.3,31,62.38,Male,Master's Degree,Retired
413,19,33939,1.68,24,43.58,Male,Doctorate,Retired
414,47,42085,2.57,40,53.1,Non-binary,Associate Degree,Employed
415,38,50053,4.29,39,98.84,Non-binary,High School,Retired
416,27,47080,1.82,39,32.93,Prefer not to say,Bachelor's Degree,Student
417,50,69086,4.46,32,21.65,Male,Master's Degree,Employed
418,36,53261,2.99,33,44.85,Non-binary,Bachelor's Degree,Self-employed
419,46,62823,2.46,51,52.43,Female,Associate Degree,Employed
420,35,50140,3.65,44,8.56,Female,High School,Unemployed
421,55,65844,2.37,30,80.6,Prefer not to say,Bachelor's Degree,Student
422,52,55962,2.39,20,42.21,Female,Doctorate,Employed
423,32,50201,3.93,30,41.32,Non-binary,Doctorate,Self-employed
424,44,49800,2.24,41,65.88,Male,Bachelor's Degree,Unemployed
425,41,35683,1.8,33,77.32,Non-binary,High School,Unemployed
426,48,57603,4.23,32,98.59,Non-binary,Master's Degree,Self-employed
427,25,49396,4.22,34,17.35,Prefer not to say,Doctorate,Self-employed
428,41,42470,2.99,39,34.56,Male,Master's Degree,Self-employed
429,45,66596,3.11,47,16.83,Female,Master's Degree,Self-employed
430,18,31246,3.78,39,88.09,Male,Bachelor's Degree,Retired
431,23,43662,3.04,40,54.85,Female,Doctorate,Student
432,18,65415,2.67,37,85.24,Prefer not to say,Bachelor's Degree,Self-employed
433,32,54732,4.98,35,98.52,Male,Associate Degree,Retired
434,42,49282,1.59,48,55.02,Non-binary,Master's Degree,Employed
435,50,53765,3.37,47,11.82,Male,High School,Unemployed
436,35,52691,4.54,60,36.13,Prefer not to say,Master's Degree,Employed
437,51,27250,3.75,46,3.62,Male,High School,Employed
438,21,44761,4.52,35,84.93,Female,Bachelor's Degree,Retired
439,18,74247,2.35,30,1.79,Male,Doctorate,Retired
440,34,40110,2.09,49,59.22,Male,Master's Degree,Self-employed
441,38,45225,4.41,31,10.61,Prefer not to say,Associate Degree,Self-employed
442,34,41875,2.58,48,0.76,Male,Master's Degree,Retired
443,18,48694,3.84,32,25.62,Male,High School,Student
444,34,41253,1.59,43,55.19,Non-binary,High School,Self-employed
445,21,57301,4.02,29,7.51,Male,High School,Employed
446,41,52959,3.2,47,61.49,Male,Doctorate,Self-employed
447,38,61603,2.07,27,67.2,Prefer not to say,Associate Degree,Self-employed
448,25,34235,2.98,42,96.97,Female,Associate Degree,Student
449,29,44894,3.79,38,89.95,Male,High School,Retired
450,24,46614,1.05,41,56.68,Non-binary,Associate Degree,Student
451,34,56834,3.55,36,79.34,Prefer not to say,Associate Degree,Self-employed
452,44,38101,3.17,35,36.36,Female,Bachelor's Degree,Student
453,25,63734,1.88,41,58.57,Prefer not to say,Associate Degree,Self-employed
454,40,67796,4.01,29,40.34,Female,High School,Student
455,29,35166,2.21,29,33.7,Male,Doctorate,Unemployed
456,27,42636,2.11,36,72.76,Female,Bachelor's Degree,Unemployed
457,33,42021,2.88,36,29.67,Female,Associate Degree,Self-employed
458,24,89485,3.7,29,38.06,Male,Bachelor's Degree,Student
459,29,43551,4.72,49,36.72,Non-binary,Master's Degree,Self-employed
460,23,75164,1.57,36,87.04,Non-binary,Bachelor's Degree,Student
461,54,31000,2.59,37,17.04,Male,Bachelor's Degree,Retired
462,35,35155,1.27,26,38.15,Prefer not to say,Bachelor's Degree,Student
463,28,39700,4.03,60,88.79,Prefer not to say,Associate Degree,Student
464,37,37314,2.79,64,1.53,Female,Bachelor's Degree,Self-employed
465,33,45981,3.83,32,94.79,Prefer not to say,Doctorate,Student
466,32,39368,2.29,52,89.89,Prefer not to say,Associate Degree,Self-employed
467,41,37709,4.38,39,41.78,Male,High School,Self-employed
468,42,67377,3.14,56,65.3,Male,Master's Degree,Employed
469,29,68356,4.77,43,99.11,Female,High School,Self-employed
470,29,64239,1.32,40,55.49,Prefer not to say,Associate Degree,Student
471,32,57859,3.06,15,9.69,Female,High School,Unemployed
472,18,51391,4.07,31,85.36,Male,Master's Degree,Retired
473,19,42544,3.4,40,13.42,Prefer not to say,Bachelor's Degree,Student
474,48,35702,1.09,41,25.73,Female,High School,Student
475,51,55444,4.89,27,87.35,Female,Associate Degree,Student
476,32,32395,2.19,32,25.6,Non-binary,Doctorate,Employed
477,40,35091,2,45,74.51,Non-binary,Master's Degree,Unemployed
478,38,67293,2.94,26,44.77,Prefer not to say,High School,Student
479,65,78509,3.17,41,75.97,Prefer not to say,Doctorate,Self-employed
480,46,55899,4.07,52,23.24,Male,Master's Degree,Unemployed
481,33,66596,2.57,43,41.96,Male,High School,Unemployed
482,25,46312,2.76,43,31.82,Male,Associate Degree,Student
483,18,29934,3.14,19,24.9,Non-binary,Doctorate,Self-employed
484,37,59182,2.58,31,31.44,Female,Doctorate,Unemployed
485,27,58539,4.66,60,32.3,Male,High School,Retired
486,20,51075,4.41,34,95.54,Non-binary,High School,Self-employed
487,28,46364,2.82,52,53.32,Male,Associate Degree,Unemployed
488,24,64433,1,33,46.21,Non-binary,Associate Degree,Unemployed
489,51,35214,4.6,37,50.33,Non-binary,Bachelor's Degree,Self-employed
490,43,38393,1.5,45,99.61,Prefer not to say,High School,Employed
491,34,34878,1.98,41,65.36,Female,Associate Degree,Self-employed
492,49,51274,1.61,43,70.35,Non-binary,High School,Retired
493,35,33681,1.72,31,31.36,Female,Associate Degree,Employed
494,26,39736,4.21,28,47.15,Male,Master's Degree,Student
495,50,39413,3.32,31,18.41,Prefer not to say,Associate Degree,Employed
496,40,46090,4.82,34,68.52,Prefer not to say,Associate Degree,Retired
497,24,27689,1.93,37,34.45,Female,Master's Degree,Retired
498,33,51308,2.94,50,74.83,Prefer not to say,Master's Degree,Retired
499,26,68709,4.91,40,21.32,Prefer not to say,Bachelor's Degree,Unemployed
500,21,52032,4.31,44,40.35,Male,Associate Degree,Employed
501,44,73119,3.91,41,47.12,Male,Master's Degree,Retired
502,54,70009,1.76,28,16.65,Prefer not to say,Bachelor's Degree,Employed
503,21,61666,4.08,40,6.96,Prefer not to say,Bachelor's Degree,Employed
504,40,51120,2.39,41,31.71,Female,High School,Student
505,28,50337,3.12,47,54.49,Male,Master's Degree,Student
506,30,61456,3.44,29,65.27,Prefer not to say,Doctorate,Student
507,29,44124,3.44,19,42.53,Prefer not to say,Master's Degree,Unemployed
508,26,21762,3.91,41,50.03,Male,Master's Degree,Unemployed
509,35,57380,3.65,43,54.32,Male,Bachelor's Degree,Student
510,26,33033,1.27,38,51.19,Male,Master's Degree,Retired
511,37,35567,2.83,40,9.03,Non-binary,Master's Degree,Self-employed
512,34,50003,3.66,48,40.5,Non-binary,Bachelor's Degree,Unemployed
513,32,48573,2.18,35,20.43,Female,Bachelor's Degree,Self-employed
514,25,28818,2.25,37,53.37,Non-binary,High School,Unemployed
515,29,52482,1.5,40,75.81,Non-binary,High School,Employed
516,42,64492,2.67,27,57.95,Non-binary,Master's Degree,Retired
517,40,33074,4.95,38,22.18,Non-binary,Master's Degree,Unemployed
518,25,69087,2.14,39,20.78,Prefer not to say,Associate Degree,Employed
519,35,26597,3.13,56,3.7,Prefer not to say,Doctorate,Retired
520,42,81759,3.97,37,42.64,Prefer not to say,Associate Degree,Unemployed
521,18,43831,1.05,42,43.29,Non-binary,Associate Degree,Retired
522,40,52184,4.6,49,23.64,Non-binary,Master's Degree,Unemployed
523,28,21619,2.55,31,76.43,Female,Bachelor's Degree,Student
524,40,49067,4.48,53,38.65,Female,Bachelor's Degree,Unemployed
525,27,53427,1.16,57,66.94,Female,Doctorate,Unemployed
526,18,48707,1.58,39,64.01,Non-binary,Bachelor's Degree,Employed
527,18,41553,2.29,34,60.47,Prefer not to say,Master's Degree,Student
528,35,35801,2.38,56,90.81,Non-binary,Bachelor's Degree,Self-employed
529,37,66957,4.39,47,1.59,Non-binary,High School,Retired
530,25,50462,1.04,40,6.8,Male,Doctorate,Self-employed
531,41,73111,3.56,54,72.21,Non-binary,Bachelor's Degree,Self-employed
532,18,42102,1.53,53,35.35,Female,Bachelor's Degree,Student
533,34,43478,4.29,36,98.65,Male,High School,Student
534,22,62233,4.11,42,21.64,Male,Associate Degree,Student
535,28,25655,3,45,18.34,Non-binary,Master's Degree,Employed
536,35,31798,1.85,40,58.82,Non-binary,Bachelor's Degree,Employed
537,26,66462,3.54,26,27.94,Female,High School,Retired
538,31,32420,1.63,30,34.05,Female,High School,Student
539,45,22714,1.76,26,92.1,Non-binary,Associate Degree,Self-employed
540,29,78027,3.51,44,2.62,Female,Bachelor's Degree,Retired
541,43,29092,4.96,28,53.13,Female,Associate Degree,Employed
542,23,52761,4.56,41,33.49,Non-binary,Doctorate,Unemployed
543,40,51036,3.37,58,34.6,Female,High School,Unemployed
544,49,20000,3.15,54,24.78,Male,Master's Degree,Retired
545,18,45990,4.99,21,13.49,Male,High School,Employed
546,27,56726,3.19,27,3.45,Female,Associate Degree,Retired
547,40,55314,2.68,32,98.77,Male,Master's Degree,Employed
548,32,63552,4.64,28,66.04,Prefer not to say,Master's Degree,Student
549,38,44187,1.94,23,77.72,Female,High School,Unemployed
550,28,60687,1.39,39,6.5,Male,Master's Degree,Self-employed
551,35,39660,3.54,47,1.48,Prefer not to say,Bachelor's Degree,Student
552,33,28842,1.38,49,60.03,Prefer not to say,High School,Self-employed
553,46,30534,2.49,35,72.38,Female,Associate Degree,Retired
554,37,28068,2.69,37,39.49,Non-binary,Doctorate,Unemployed
555,38,65143,3.19,43,38.78,Prefer not to say,Associate Degree,Self-employed
556,30,27281,4.97,38,38.45,Female,Bachelor's Degree,Retired
557,30,54110,1.88,48,15.28,Non-binary,Doctorate,Employed
558,30,46011,2.5,44,75.39,Prefer not to say,Doctorate,Student
559,38,48460,1.53,36,21.52,Prefer not to say,Associate Degree,Employed
560,30,70454,3.43,21,32.44,Prefer not to say,High School,Student
561,37,43423,3.91,54,67.13,Female,High School,Unemployed
562,55,59174,2.93,33,0.01,Female,Doctorate,Self-employed
563,43,50563,1.98,43,76.63,Non-binary,Associate Degree,Employed
564,31,47719,3.48,20,89.91,Prefer not to say,Associate Degree,Employed
565,47,84499,3.16,39,5.16,Male,High School,Self-employed
566,30,28379,1.68,41,59.16,Non-binary,Bachelor's Degree,Self-employed
567,18,69336,2.62,41,40.85,Male,High School,Retired
568,24,59846,2.74,70,7.85,Prefer not to say,High School,Student
569,18,42807,4.93,33,68.22,Female,Bachelor's Degree,Retired
570,31,74439,4.4,48,61.23,Male,High School,Employed
571,35,22278,3.94,45,64.27,Female,Doctorate,Self-employed
572,51,42173,4.56,33,81.35,Prefer not to say,Doctorate,Unemployed
573,38,31872,3.94,48,28.69,Non-binary,Doctorate,Employed
574,32,56181,4.61,38,67.71,Male,Doctorate,Employed
575,43,33304,1.22,48,74.33,Female,Doctorate,Student
576,18,56495,2.82,59,16.88,Male,Associate Degree,Retired
577,37,47203,3.99,41,95.71,Prefer not to say,Associate Degree,Student
578,42,42809,3.33,37,34,Non-binary,Bachelor's Degree,Employed
579,20,55829,1.7,50,71.37,Prefer not to say,Master's Degree,Self-employed
580,46,45970,2.36,53,75.4,Female,Doctorate,Unemployed
581,38,33670,2.27,31,50.4,Prefer not to say,Master's Degree,Student
582,30,92020,2.05,35,12.87,Non-binary,Master's Degree,Employed
583,41,42692,2.37,46,27.57,Prefer not to say,Doctorate,Retired
584,57,20000,3.06,38,23.42,Female,High School,Student
585,36,37368,4.42,30,51.86,Prefer not to say,Bachelor's Degree,Employed
586,37,30990,3.97,45,26.13,Male,Master's Degree,Retired
587,30,62392,4.34,46,54.68,Male,High School,Retired
588,26,54824,4.53,36,28.82,Male,High School,Unemployed
589,43,55980,2.66,40,0.1,Male,Doctorate,Self-employed
590,26,44449,2.38,34,36.33,Non-binary,Bachelor's Degree,Unemployed
591,35,45809,1.23,29,60.69,Female,Doctorate,Retired
592,30,44436,4.72,35,77.37,Male,Bachelor's Degree,Student
593,39,48782,1.26,40,2.84,Male,Doctorate,Self-employed
594,38,62530,3.96,25,25.83,Male,Bachelor's Degree,Retired
595,45,55041,2.51,35,98.55,Male,Associate Degree,Self-employed
596,29,57501,4.8,40,26.18,Female,High School,Student
597,32,57493,2.68,51,77.72,Prefer not to say,High School,Employed
598,25,63266,4.27,36,50.94,Male,High School,Employed
599,30,54322,2.13,27,12.22,Prefer not to say,Bachelor's Degree,Retired
600,38,55382,2.2,37,64.34,Female,High School,Retired
601,42,67832,3.38,34,96.63,Prefer not to say,Associate Degree,Unemployed
602,25,40024,4.99,45,88.68,Prefer not to say,Associate Degree,Retired
603,43,37163,3.07,36,69.03,Non-binary,Master's Degree,Employed
604,48,32211,4.75,12,51.21,Prefer not to say,High School,Employed
605,39,52743,4.14,76,31.93,Prefer not to say,Doctorate,Unemployed
606,53,22194,4.18,41,35.7,Prefer not to say,Doctorate,Student
607,27,56932,2.74,40,34.62,Male,Doctorate,Self-employed
608,22,48362,2.55,24,92.21,Male,Associate Degree,Employed
609,18,67019,1.77,25,21.13,Non-binary,Master's Degree,Self-employed
610,49,39921,4.86,39,37.8,Non-binary,Master's Degree,Retired
611,41,46950,4.84,43,43.2,Prefer not to say,Associate Degree,Retired
612,34,66833,3.99,47,40.89,Male,Master's Degree,Student
613,37,70747,2.19,42,0.42,Prefer not to say,Doctorate,Self-employed
614,23,39797,1.98,28,27.1,Male,Doctorate,Employed
615,59,52726,4.95,14,49.86,Non-binary,Associate Degree,Unemployed
616,36,54416,1.27,38,76.05,Female,Doctorate,Employed
617,36,55604,4.37,34,56.95,Female,Bachelor's Degree,Self-employed
618,42,46061,2.42,27,38.49,Prefer not to say,Doctorate,Self-employed
619,39,69220,2.68,48,66.51,Non-binary,High School,Employed
620,37,21654,4.33,24,66.59,Male,Associate Degree,Employed
621,27,43683,1.36,46,24.79,Prefer not to say,Associate Degree,Student
622,39,56718,2.42,25,10.38,Prefer not to say,Master's Degree,Retired
623,53,56858,4.81,41,80.32,Male,Master's Degree,Student
624,48,70291,3.8,49,52.98,Prefer not to say,Master's Degree,Employed
625,50,67973,4.02,36,17.65,Male,High School,Employed
626,29,45716,4.03,56,26.21,Non-binary,Doctorate,Unemployed
627,25,69498,1.24,59,76.64,Non-binary,Associate Degree,Retired
628,33,39289,1.81,42,65.33,Female,Doctorate,Unemployed
629,35,63963,2.97,45,94.52,Non-binary,Master's Degree,Retired
630,45,77157,2.47,50,46.49,Male,Associate Degree,Retired
631,18,68224,2.64,45,5.22,Non-binary,Master's Degree,Self-employed
632,50,51586,4.13,44,70.04,Non-binary,High School,Retired
633,33,45023,1.06,34,25.49,Male,Associate Degree,Employed
634,30,27071,3.64,23,32.39,Male,Master's Degree,Retired
635,24,54658,1,26,19.66,Non-binary,Master's Degree,Student
636,18,33271,1.25,63,30.89,Prefer not to say,Master's Degree,Self-employed
637,43,38102,2.63,43,82.95,Non-binary,High School,Unemployed
638,35,32138,4.36,37,57.67,Male,Doctorate,Retired
639,22,43094,1.58,52,10.92,Male,Doctorate,Unemployed
640,22,49580,3.22,32,58.66,Prefer not to say,Doctorate,Employed
641,31,54104,3.71,45,63.36,Prefer not to say,High School,Unemployed
642,51,40992,1.92,40,88.48,Non-binary,Doctorate,Retired
643,32,66039,3.05,44,85.96,Non-binary,Doctorate,Unemployed
644,19,46876,4.65,36,6.29,Female,High School,Employed
645,32,38184,3.05,30,86.67,Male,Associate Degree,Retired
646,32,53394,1.63,31,5.09,Non-binary,Master's Degree,Unemployed
647,18,79453,3.51,32,15.41,Male,Master's Degree,Unemployed
648,34,55027,3.37,39,11.16,Male,High School,Employed
649,32,44557,1.11,24,18.17,Male,Doctorate,Student
650,41,27088,1.36,27,80.33,Prefer not to say,Bachelor's Degree,Student
651,53,46708,1.63,41,68.61,Male,Doctorate,Self-employed
652,46,53523,1.55,38,68.7,Non-binary,Bachelor's Degree,Employed
653,32,44186,2.04,41,92.21,Female,Master's Degree,Student
654,23,25019,2.82,39,39.19,Prefer not to say,High School,Unemployed
655,60,37241,2.49,65,0.33,Female,Doctorate,Employed
656,35,71818,4.56,41,63.98,Non-binary,High School,Unemployed
657,35,71510,3.45,36,86.81,Prefer not to say,Doctorate,Unemployed
658,34,36700,4.5,41,97.63,Female,Doctorate,Self-employed
659,36,60091,3.11,50,36.39,Prefer not to say,Doctorate,Self-employed
660,33,32321,1.36,39,82.22,Male,Bachelor's Degree,Retired
661,29,71064,2.85,46,84.92,Non-binary,High School,Employed
662,29,53678,4.29,43,14.44,Non-binary,Master's Degree,Student
663,34,64244,1.78,37,63.15,Non-binary,Associate Degree,Self-employed
664,29,24273,1.36,41,17.31,Male,Bachelor's Degree,Employed
665,27,60164,2.32,55,44.66,Male,Master's Degree,Self-employed
666,36,49884,2.56,42,87.93,Male,High School,Student
667,32,62778,2.23,30,78.95,Non-binary,Associate Degree,Self-employed
668,50,63723,1.54,36,57.03,Male,Associate Degree,Retired
669,18,50986,2,18,80.87,Non-binary,High School,Employed
670,45,40987,3.73,41,15.28,Prefer not to say,Bachelor's Degree,Employed
671,47,61695,2.54,53,19.49,Prefer not to say,Doctorate,Unemployed
672,18,49097,3.53,26,20.89,Male,Doctorate,Retired
673,31,36908,3.15,41,77.6,Male,Doctorate,Self-employed
674,31,36197,3.2,49,89.1,Male,Master's Degree,Unemployed
675,20,27842,1.99,50,56.28,Prefer not to say,High School,Self-employed
676,27,42345,3.09,52,95.8,Male,Bachelor's Degree,Retired
677,23,66540,1.09,21,72.8,Prefer not to say,High School,Unemployed
678,52,52667,2.73,45,56.37,Female,Associate Degree,Student
679,44,42053,3.29,24,61.16,Male,Master's Degree,Employed
680,47,62072,1.73,30,84.95,Female,Bachelor's Degree,Retired
681,42,37512,2.03,48,9.02,Non-binary,Associate Degree,Retired
682,23,51430,1.88,41,16.8,Non-binary,Doctorate,Self-employed
683,29,47305,1.28,47,26.63,Prefer not to say,Doctorate,Student
684,39,61686,2.39,30,89.48,Prefer not to say,Doctorate,Student
685,22,26341,4.92,54,94.49,Prefer not to say,High School,Retired
686,42,37247,2.42,46,35.62,Female,Associate Degree,Retired
687,32,25426,2.84,48,92.39,Non-binary,Bachelor's Degree,Employed
688,31,46106,3.61,29,54.68,Prefer not to say,Associate Degree,Student
689,42,68171,3.59,51,47.33,Prefer not to say,Bachelor's Degree,Retired
690,39,42418,4.8,36,83.28,Male,Master's Degree,Employed
691,31,42339,4.43,33,54.61,Female,Master's Degree,Self-employed
692,46,63075,4.18,46,45.45,Female,Bachelor's Degree,Student
693,24,66028,4.81,45,1.6,Non-binary,Associate Degree,Unemployed
694,41,48671,1.92,31,1.29,Non-binary,Bachelor's Degree,Unemployed
695,40,60270,3.47,60,62.76,Prefer not to say,Bachelor's Degree,Retired
696,31,33845,4.55,58,7.34,Female,Doctorate,Retired
697,38,70669,3.5,46,73.69,Non-binary,Bachelor's Degree,Employed
698,22,82230,4.91,44,62.23,Female,Doctorate,Retired
699,44,57818,1.4,43,45.77,Prefer not to say,Doctorate,Retired
700,33,20000,2.76,24,70.98,Prefer not to say,Bachelor's Degree,Employed
701,29,41626,4.91,41,99.31,Prefer not to say,High School,Unemployed
702,45,59192,2.52,40,24.64,Prefer not to say,Associate Degree,Employed
703,27,43677,3.96,34,55.71,Female,Bachelor's Degree,Student
704,20,69082,1.12,36,84.29,Prefer not to say,Master's Degree,Student
705,19,58822,3.78,16,1.69,Female,Bachelor's Degree,Retired
706,41,39402,4.74,29,20.35,Male,Bachelor's Degree,Retired
707,22,50483,2.53,49,52.1,Prefer not to say,Master's Degree,Unemployed
708,52,36592,1.09,57,55.22,Male,Doctorate,Unemployed
709,18,47261,1.11,30,8.63,Non-binary,Doctorate,Self-employed
710,51,41681,4.57,41,40.74,Prefer not to say,High School,Student
711,37,67621,3.89,50,51.98,Female,Bachelor's Degree,Student
712,34,81740,1.43,34,42.3,Non-binary,Bachelor's Degree,Self-employed
713,29,28532,1.22,46,70.06,Prefer not to say,Associate Degree,Self-employed
714,38,21151,4.22,39,77.14,Male,Doctorate,Student
715,34,46322,4.24,51,46.03,Non-binary,Bachelor's Degree,Retired
716,46,27223,1.48,27,42.57,Female,Associate Degree,Student
717,36,50693,2.21,28,70.54,Female,High School,Self-employed
718,36,61234,4.12,42,55.53,Male,Associate Degree,Unemployed
719,31,72412,3.1,40,87.04,Female,Doctorate,Employed
720,34,53020,4.83,39,48.11,Prefer not to say,Doctorate,Unemployed
721,38,47102,2.92,45,57.43,Non-binary,High School,Unemployed
722,18,20324,3.71,30,12.88,Prefer not to say,Bachelor's Degree,Self-employed
723,21,50392,3.04,26,83.6,Female,Associate Degree,Student
724,42,51069,4.77,34,42.23,Male,Bachelor's Degree,Self-employed
725,36,59584,2.59,36,71.91,Prefer not to say,Bachelor's Degree,Self-employed
726,33,39372,1.92,37,42.95,Female,Bachelor's Degree,Retired
727,35,43474,2.31,52,0.1,Male,Master's Degree,Retired
728,38,27829,4.41,47,40.04,Prefer not to say,High School,Employed
729,29,20000,2.99,45,14.75,Female,Bachelor's Degree,Retired
730,27,33372,2.42,42,39.86,Male,High School,Employed
731,36,26445,3.18,35,32.13,Male,Bachelor's Degree,Unemployed
732,25,55050,1.53,31,20.25,Prefer not to say,Associate Degree,Unemployed
733,39,42227,1.02,28,12.38,Prefer not to say,Associate Degree,Self-employed
734,18,41926,2.12,33,72.86,Female,High School,Unemployed
735,45,35233,3.42,39,75.49,Non-binary,Bachelor's Degree,Retired
736,39,20000,3.85,28,26.5,Prefer not to say,High School,Retired
737,37,72624,4.31,41,49.52,Prefer not to say,High School,Retired
738,44,34995,4.71,38,46.41,Male,Master's Degree,Student
739,51,43813,2.65,36,35.52,Female,Bachelor's Degree,Retired
740,45,28176,3.96,51,27.76,Non-binary,Master's Degree,Self-employed
741,18,64578,1.3,15,18.6,Non-binary,Bachelor's Degree,Self-employed
742,22,52151,1.23,36,87.29,Prefer not to say,Doctorate,Unemployed
743,28,37604,1.5,16,83.33,Non-binary,Doctorate,Employed
744,35,44116,2.79,42,41.72,Non-binary,Master's Degree,Student
745,40,75172,1.85,47,72.12,Male,Doctorate,Employed
746,27,48905,2.15,26,49.83,Male,Master's Degree,Student
747,36,47273,3.59,27,8.54,Male,Doctorate,Self-employed
748,27,35879,2.43,23,82.24,Prefer not to say,Master's Degree,Self-employed
749,28,21581,3.23,40,21.93,Non-binary,Doctorate,Student
750,20,47599,2.65,36,70.68,Male,High School,Unemployed
751,25,54882,1.68,37,52.74,Female,High School,Retired
752,21,66493,1.3,36,69.05,Non-binary,High School,Retired
753,25,20000,1.94,30,47.12,Female,Bachelor's Degree,Employed
754,45,33123,1.23,51,70.26,Non-binary,Associate Degree,Self-employed
755,25,41288,3.47,42,3.28,Female,Master's Degree,Retired
756,61,49947,4.18,28,4.09,Female,Associate Degree,Self-employed
757,39,47824,2.36,32,89.63,Prefer not to say,High School,Self-employed
758,36,48174,2.55,31,74.97,Female,Master's Degree,Self-employed
759,26,56121,4.26,54,82.85,Male,Master's Degree,Retired
760,42,36450,1.89,47,45.66,Male,Bachelor's Degree,Retired
761,29,64012,1.48,38,45.96,Non-binary,Associate Degree,Retired
762,36,56501,3,57,53.4,Male,Associate Degree,Student
763,60,45202,3.58,54,24.37,Prefer not to say,Doctorate,Retired
764,34,74013,3.4,37,73.35,Male,Master's Degree,Self-employed
765,46,73346,3.86,35,82.95,Prefer not to say,High School,Self-employed
766,27,63993,1.23,36,90.72,Male,Doctorate,Employed
767,34,20000,2.71,30,51.7,Prefer not to say,Doctorate,Unemployed
768,52,73684,1.95,57,41.46,Non-binary,Master's Degree,Student
769,28,61921,4.04,29,83.09,Non-binary,Doctorate,Employed
770,53,80096,4.49,48,75.27,Male,Master's Degree,Student
771,42,68561,2.13,46,86.73,Non-binary,Master's Degree,Student
772,29,73675,1.38,36,65.57,Non-binary,Doctorate,Self-employed
773,41,63179,2.01,58,88.33,Non-binary,High School,Self-employed
774,44,70230,1.42,24,8.9,Male,Doctorate,Self-employed
775,41,79911,2.29,39,67.96,Prefer not to say,Associate Degree,Self-employed
776,19,53248,3.15,35,8.88,Male,Master's Degree,Employed
777,27,26416,4.89,49,74.89,Female,High School,Unemployed
778,32,45388,2.6,43,62.84,Prefer not to say,Bachelor's Degree,Unemployed
779,34,55849,1.88,22,1.6,Female,Bachelor's Degree,Employed
780,41,51123,1.67,52,59.93,Female,Doctorate,Unemployed
781,36,31301,1.69,44,14.63,Non-binary,Bachelor's Degree,Retired
782,21,25533,1.77,29,14.24,Prefer not to say,Associate Degree,Retired
783,38,38882,4.05,36,15.05,Prefer not to say,Doctorate,Retired
784,41,62116,1.24,27,48.38,Female,Doctorate,Self-employed
785,40,73705,4.99,38,11.55,Female,High School,Retired
786,45,63748,3.09,41,12.57,Non-binary,Master's Degree,Student
787,43,65861,3.18,36,25.62,Non-binary,Doctorate,Student
788,39,48787,2.43,35,0.09,Male,Doctorate,Employed
789,34,23868,3.76,23,27.58,Prefer not to say,Doctorate,Student
790,18,43171,2.89,43,61.84,Female,High School,Employed
791,39,46118,2.32,20,60.16,Male,Doctorate,Unemployed
792,37,42544,2.06,40,96.95,Non-binary,Master's Degree,Student
793,37,50820,4.7,22,11.96,Female,Master's Degree,Student
794,22,56621,2.16,40,86.56,Prefer not to say,Doctorate,Employed
795,24,62795,2.75,39,39.12,Female,High School,Student
796,45,45828,2.4,44,38.7,Female,Bachelor's Degree,Employed
797,34,21443,1.34,48,34.88,Male,Doctorate,Student
798,41,42756,1.74,50,12.47,Female,Doctorate,Self-employed
799,35,50655,1.76,23,47.85,Male,Associate Degree,Unemployed
800,35,68342,3.77,39,78.74,Male,High School,Student
801,44,41482,2.63,60,87.54,Non-binary,Master's Degree,Unemployed
802,29,57688,4.13,41,96.29,Female,High School,Student
803,35,54351,3.84,31,78.53,Male,High School,Student
804,30,50658,1.77,39,62.31,Female,Doctorate,Self-employed
805,30,63957,3.25,36,49.75,Prefer not to say,Associate Degree,Retired
806,31,40087,3.97,28,87.49,Female,Doctorate,Retired
807,37,41372,3.53,48,73.95,Non-binary,High School,Unemployed
808,30,49821,3.4,45,16.13,Male,Doctorate,Unemployed
809,47,40397,3.96,26,68.26,Male,High School,Self-employed
810,26,57620,1.23,39,43.1,Prefer not to say,Master's Degree,Employed
811,33,39302,3.93,34,59.58,Non-binary,Doctorate,Unemployed
812,30,53394,2.09,23,89.84,Male,Doctorate,Retired
813,49,48497,3.29,25,65.26,Prefer not to say,Master's Degree,Self-employed
814,36,53223,1.97,27,93.87,Male,Doctorate,Employed
815,45,43103,4.36,39,86.64,Male,High School,Self-employed
816,20,44913,2.92,35,12.89,Non-binary,Bachelor's Degree,Retired
817,37,51440,3.57,30,1.17,Prefer not to say,Doctorate,Self-employed
818,43,53031,4.18,36,38.44,Male,Master's Degree,Student
819,35,49936,4.58,47,86.53,Female,Master's Degree,Retired
820,45,75580,3.93,43,23.01,Prefer not to say,Bachelor's Degree,Employed
821,29,35138,1.6,50,69.14,Non-binary,High School,Self-employed
822,49,49036,4.42,37,47.6,Non-binary,Associate Degree,Retired
823,57,26395,3.47,56,74.61,Non-binary,High School,Retired
824,31,55581,3.44,43,16.5,Male,Doctorate,Employed
825,30,33271,4.69,35,23.91,Non-binary,Master's Degree,Retired
826,49,45825,2,40,24.25,Prefer not to say,Master's Degree,Employed
827,50,44419,1.96,27,54.85,Male,High School,Retired
828,29,54213,3.05,36,28.96,Female,High School,Self-employed
829,30,41708,4,44,81.17,Non-binary,Doctorate,Employed
830,32,41070,2.79,46,34.68,Non-binary,High School,Employed
831,21,71537,3.54,35,66.09,Non-binary,Bachelor's Degree,Retired
832,25,54268,2.81,67,94.85,Female,Bachelor's Degree,Student
833,24,41584,3.44,38,60.69,Male,Associate Degree,Employed
834,27,46237,4.29,23,24.22,Non-binary,Master's Degree,Student
835,34,74680,1.72,52,83.05,Female,Doctorate,Unemployed
836,37,46472,3.78,46,1.25,Male,Doctorate,Self-employed
837,50,39660,4.15,42,25.65,Prefer not to say,High School,Student
838,25,39725,2.79,35,38.75,Non-binary,Master's Degree,Self-employed
839,44,41763,2.29,43,19.6,Male,Associate Degree,Employed
840,32,41082,1.05,56,60.4,Non-binary,Associate Degree,Self-employed
841,34,30805,4.19,42,55.8,Female,Associate Degree,Student
842,41,33136,2.31,25,40.65,Male,Master's Degree,Employed
843,23,37560,2.43,10,29.44,Female,Associate Degree,Student
844,38,58873,2.34,43,43.39,Non-binary,Bachelor's Degree,Employed
845,36,44281,2.99,30,29.12,Prefer not to say,High School,Student
846,39,46892,3.81,39,22.13,Female,Associate Degree,Employed
847,37,69051,4.09,31,35.13,Male,Bachelor's Degree,Student
848,59,69425,2.57,31,60.23,Male,Bachelor's Degree,Unemployed
849,28,45768,3.65,32,64.84,Non-binary,Doctorate,Student
850,29,40537,3.88,33,29.73,Male,High School,Student
851,28,37033,2.19,47,94.74,Non-binary,Doctorate,Unemployed
852,29,60391,1.39,45,26.2,Female,Master's Degree,Self-employed
853,28,46929,4.58,27,71.21,Prefer not to say,Bachelor's Degree,Employed
854,46,44202,3.71,29,8.15,Female,Doctorate,Student
855,49,37795,3.59,43,66.48,Female,High School,Self-employed
856,29,38455,1.24,50,45.99,Non-binary,Bachelor's Degree,Retired
857,26,54800,4.27,50,56.91,Prefer not to say,Associate Degree,Self-employed
858,39,30268,3.26,29,18.41,Female,High School,Retired
859,29,64923,4.39,49,43.36,Non-binary,Associate Degree,Employed
860,41,41992,4.9,22,76.63,Female,Master's Degree,Retired
861,37,47755,4.83,37,76.71,Female,Associate Degree,Unemployed
862,19,29945,4.42,44,23.76,Male,Associate Degree,Unemployed
863,50,49814,1.04,19,35.26,Female,Master's Degree,Self-employed
864,52,45075,4.54,60,0.38,Prefer not to say,Master's Degree,Unemployed
865,28,49248,1.3,53,9,Female,Associate Degree,Unemployed
866,31,72075,4.4,46,12.67,Non-binary,Bachelor's Degree,Self-employed
867,37,52665,2.12,30,29.37,Male,Bachelor's Degree,Student
868,38,38080,3.44,39,75.9,Non-binary,Doctorate,Employed
869,41,39330,1.15,47,51.03,Prefer not to say,Doctorate,Retired
870,55,58926,4.08,28,79.26,Female,Master's Degree,Self-employed
871,33,69480,1.45,38,75.49,Female,High School,Unemployed
872,27,54228,2.64,49,58.71,Male,Associate Degree,Retired
873,21,60330,4.27,25,49.99,Female,Master's Degree,Student
874,27,59146,3.78,43,93.13,Non-binary,Master's Degree,Employed
875,34,71285,1.02,22,56.93,Non-binary,Master's Degree,Employed
876,52,20756,2.61,30,48.28,Male,Bachelor's Degree,Unemployed
877,29,60008,1.17,34,86.91,Female,High School,Student
878,37,64756,3.69,45,7.14,Male,Bachelor's Degree,Employed
879,34,29919,4.88,32,65.6,Prefer not to say,Doctorate,Retired
880,46,36714,3.62,41,11.3,Female,Master's Degree,Retired
881,60,37238,1.9,33,81.98,Female,Bachelor's Degree,Unemployed
882,29,39068,2.42,34,79.27,Female,Master's Degree,Student
883,30,42774,4.91,52,50.36,Prefer not to say,High School,Retired
884,45,53639,1.9,28,66.1,Prefer not to say,Associate Degree,Employed
885,41,62985,3.25,47,77.26,Prefer not to say,Bachelor's Degree,Retired
886,53,66219,2.6,39,48.33,Non-binary,High School,Employed
887,40,37432,4.07,34,90.6,Male,Associate Degree,Student
888,31,37329,4.47,27,43.7,Non-binary,Master's Degree,Unemployed
889,40,69737,2.36,28,89.2,Prefer not to say,High School,Unemployed
890,46,59701,3.64,32,58.27,Non-binary,Doctorate,Unemployed
891,43,51242,3.2,38,42.62,Non-binary,Associate Degree,Self-employed
892,40,57100,2.11,46,0.41,Male,Associate Degree,Unemployed
893,45,49552,2.09,36,29.56,Prefer not to say,Master's Degree,Unemployed
894,46,57868,3.15,37,86.79,Non-binary,Doctorate,Employed
895,48,44958,1.62,39,42.87,Non-binary,Bachelor's Degree,Student
896,41,54032,4.24,44,42.15,Female,High School,Student
897,33,27341,1.28,46,48.94,Female,Master's Degree,Retired
898,36,39683,1.38,26,28.63,Prefer not to say,Doctorate,Unemployed
899,47,39844,2.37,37,49.16,Non-binary,Associate Degree,Student
900,26,44384,1.47,52,37.58,Prefer not to say,Associate Degree,Student
901,38,36102,2.9,26,90.94,Male,Associate Degree,Student
902,31,41996,2.6,40,56.4,Prefer not to say,Doctorate,Student
903,35,27283,3.89,38,83.42,Prefer not to say,Doctorate,Employed
904,47,58230,4.81,34,68.69,Non-binary,Bachelor's Degree,Unemployed
905,36,48762,4.01,55,21.26,Male,High School,Student
906,35,24421,1.72,40,86.77,Prefer not to say,Associate Degree,Employed
907,21,37477,4.74,55,8.73,Female,Bachelor's Degree,Self-employed
908,42,55049,2.57,40,44.86,Male,Doctorate,Retired
909,41,41854,2.9,44,23.92,Non-binary,Bachelor's Degree,Employed
910,56,39545,2.69,34,53.76,Female,Associate Degree,Retired
911,31,48881,2.12,34,30,Male,High School,Retired
912,37,55153,4.58,44,72.28,Non-binary,Bachelor's Degree,Self-employed
913,37,28454,2.33,44,93.69,Non-binary,Doctorate,Self-employed
914,50,58251,3.31,45,70.91,Male,Master's Degree,Self-employed
915,34,37995,1.96,43,35.53,Male,Master's Degree,Employed
916,37,49731,4.19,26,60.01,Male,Bachelor's Degree,Self-employed
917,41,49468,4.1,31,88.85,Non-binary,Doctorate,Student
918,36,42094,2.19,48,27,Female,Bachelor's Degree,Employed
919,30,34645,3.73,20,11.82,Female,Bachelor's Degree,Unemployed
920,36,45714,3.82,42,13.08,Non-binary,Master's Degree,Self-employed
921,45,74379,3.25,38,49.49,Male,Bachelor's Degree,Employed
922,24,29574,3.4,48,73.21,Non-binary,Master's Degree,Self-employed
923,36,75384,3.3,44,65.73,Non-binary,Doctorate,Retired
924,27,46104,1.33,33,45.39,Non-binary,Doctorate,Student
925,46,50530,3.68,32,72.93,Non-binary,Doctorate,Retired
926,19,33699,2.88,34,63.4,Female,Master's Degree,Self-employed
927,29,38430,2.75,45,62.82,Male,Associate Degree,Employed
928,38,42456,4.44,16,20.24,Non-binary,Associate Degree,Student
929,50,34314,1.09,41,31.26,Non-binary,Associate Degree,Retired
930,34,46866,2.01,31,34.44,Male,Associate Degree,Student
931,29,43894,1.49,41,80.82,Male,Doctorate,Student
932,53,77761,1.14,43,77.51,Non-binary,Associate Degree,Self-employed
933,20,32510,2.1,23,25.27,Non-binary,Bachelor's Degree,Student
934,18,51540,4.95,37,5.52,Male,Master's Degree,Unemployed
935,39,53717,2.08,41,76.78,Male,Associate Degree,Unemployed
936,29,33945,3.65,40,40.99,Female,Doctorate,Retired
937,24,60302,1.47,38,21.98,Non-binary,Associate Degree,Retired
938,42,44025,3.41,27,11.7,Prefer not to say,Master's Degree,Employed
939,37,20000,4.94,29,1.28,Male,High School,Self-employed
940,29,59897,2.17,26,42.77,Male,High School,Retired
941,22,33245,4.39,45,33.98,Female,Doctorate,Employed
942,43,34283,4.99,38,69.65,Female,Doctorate,Retired
943,41,60318,3.35,39,97.67,Prefer not to say,Doctorate,Employed
944,34,44792,2.24,22,20.68,Male,Associate Degree,Self-employed
945,53,63766,3.69,39,24.3,Non-binary,Master's Degree,Self-employed
946,24,68152,4.38,46,33.73,Non-binary,Master's Degree,Retired
947,19,40326,1.69,21,46.59,Non-binary,Master's Degree,Unemployed
948,28,61898,2.81,34,69.77,Female,High School,Student
949,34,38668,2.28,24,35.2,Prefer not to say,Master's Degree,Retired
950,37,83496,2.13,35,10.42,Prefer not to say,Doctorate,Employed
951,32,39605,4.44,30,73.03,Prefer not to say,Associate Degree,Self-employed
952,38,65391,2.69,43,79.46,Male,High School,Retired
953,22,62656,2.36,41,24.76,Male,Associate Degree,Self-employed
954,49,54741,3.41,52,13.68,Prefer not to say,Bachelor's Degree,Retired
955,34,39941,1.88,39,52.78,Prefer not to say,Doctorate,Self-employed
956,46,47729,1.92,43,20.83,Prefer not to say,High School,Unemployed
957,38,20000,3.08,34,37.42,Female,Doctorate,Employed
958,39,53366,2.64,28,77.74,Prefer not to say,Associate Degree,Retired
959,40,55244,2.18,48,21.96,Non-binary,Master's Degree,Self-employed
960,39,52002,1.22,52,80.63,Male,Bachelor's Degree,Retired
961,41,20000,3.08,47,67.4,Non-binary,Doctorate,Employed
962,48,31015,4.27,41,21.97,Male,Bachelor's Degree,Retired
963,36,38778,4.41,30,52.64,Female,Associate Degree,Student
964,42,54374,1.94,51,61.41,Female,Doctorate,Self-employed
965,34,54340,3.4,45,20.03,Non-binary,Master's Degree,Employed
966,49,47446,4.42,60,14.49,Female,Bachelor's Degree,Unemployed
967,28,59528,2.63,28,53.12,Male,High School,Student
968,53,34606,4.73,48,69.38,Female,Associate Degree,Retired
969,34,59153,4.61,45,46.51,Non-binary,Doctorate,Retired
970,20,57121,1.83,36,7,Female,High School,Student
971,36,55663,2.04,53,92.52,Prefer not to say,Master's Degree,Unemployed
972,28,47269,1.72,44,69.5,Male,Master's Degree,Unemployed
973,43,77461,1.78,30,62.12,Female,Bachelor's Degree,Retired
974,28,57397,4.63,38,64.36,Male,Associate Degree,Retired
975,30,35474,4.72,30,39.86,Non-binary,Doctorate,Unemployed
976,18,53724,1.21,35,98.44,Prefer not to say,High School,Unemployed
977,30,61287,3.37,47,13.27,Male,Doctorate,Unemployed
978,18,41178,3.26,49,73.91,Prefer not to say,High School,Retired
979,19,66339,2.56,42,42.09,Prefer not to say,Associate Degree,Self-employed
980,42,55730,3.53,32,88.11,Prefer not to say,Master's Degree,Student
981,42,20000,4.79,43,71.73,Female,Master's Degree,Unemployed
982,39,54495,1.68,47,56.23,Female,Doctorate,Retired
983,25,43909,1.48,20,93.77,Non-binary,Doctorate,Employed
984,34,58057,1.13,41,91.24,Female,Bachelor's Degree,Retired
985,34,64163,2.46,38,5.23,Non-binary,High School,Self-employed
986,23,52927,2.35,49,19.26,Non-binary,Bachelor's Degree,Self-employed
987,50,74978,2.72,43,67.6,Prefer not to say,High School,Unemployed
988,43,47319,3.01,44,92.18,Male,Associate Degree,Student
989,32,59372,4.03,35,43.03,Female,Doctorate,Retired
990,35,62074,2.57,40,3.83,Male,High School,Student
991,37,48539,2.32,49,64.33,Non-binary,Master's Degree,Employed
992,18,61681,4.31,39,19.47,Non-binary,Associate Degree,Student
993,32,41079,4.4,41,55.23,Non-binary,Master's Degree,Student
994,28,43661,1.93,24,38.47,Prefer not to say,Associate Degree,Unemployed
995,24,30312,2.26,39,55.8,Male,High School,Employed
996,32,53621,4.3,19,93.24,Prefer not to say,Master's Degree,Self-employed
997,52,54878,1.32,34,48.58,Male,High School,Student
998,41,67688,2.3,40,3.45,Prefer not to say,Bachelor's Degree,Employed
999,29,61867,2.79,47,58.09,Non-binary,Associate Degree,Employed
1000,40,45728,1.75,30,32.57,Female,Doctorate,Self-employed
1001,48,32327,1.72,43,77.81,Prefer not to say,Master's Degree,Unemployed
1002,44,56492,2.7,54,46.99,Prefer not to say,High School,Employed
1003,35,66661,4.02,33,74.14,Female,Master's Degree,Self-employed
1004,28,61327,4.36,24,90.88,Female,High School,Retired
1005,41,66267,4.92,42,36.23,Prefer not to say,Bachelor's Degree,Employed
1006,38,46821,1.3,28,98.94,Non-binary,Doctorate,Retired
1007,43,43000,1.87,31,14.98,Non-binary,Master's Degree,Retired
1008,41,38946,4.03,49,64.39,Female,Master's Degree,Employed
1009,45,49161,3.16,58,3.48,Prefer not to say,High School,Self-employed
1010,29,48821,2.31,29,21.31,Male,High School,Retired
1011,48,53100,1.82,32,63.38,Female,Master's Degree,Unemployed
1012,36,48060,2.12,35,4.62,Male,Bachelor's Degree,Student
1013,55,47995,2.72,34,10.18,Female,Master's Degree,Retired
1014,28,38349,1.71,59,29.1,Prefer not to say,Associate Degree,Retired
1015,52,64124,4.86,34,57.56,Non-binary,Associate Degree,Student
1016,36,51147,1.43,36,1.6,Female,Master's Degree,Self-employed
1017,28,47383,4.94,56,48.24,Male,Bachelor's Degree,Unemployed
1018,30,38788,4.37,45,62.57,Prefer not to say,High School,Unemployed
1019,31,30021,2.69,49,40.25,Prefer not to say,High School,Retired
1020,39,69619,3.96,30,6.76,Prefer not to say,Master's Degree,Employed
1021,40,58319,3.69,34,61.09,Male,Doctorate,Employed
1022,29,25641,1.85,29,60.58,Female,High School,Retired
1023,34,61447,2.36,48,50.6,Non-binary,Associate Degree,Employed
1024,56,63837,3.05,52,69.31,Non-binary,Associate Degree,Unemployed
1025,52,51865,3.55,34,20.78,Male,Doctorate,Unemployed
1026,39,73971,3.17,36,67.85,Non-binary,Doctorate,Student
1027,35,53250,2.89,36,16.15,Female,Associate Degree,Unemployed
1028,36,28747,2.77,24,39.27,Male,Master's Degree,Self-employed
1029,41,55477,2.99,33,6.76,Male,Master's Degree,Unemployed
1030,24,53673,2.74,47,81.91,Female,Master's Degree,Retired
1031,32,40950,3.17,31,53.82,Prefer not to say,Associate Degree,Employed
1032,18,58603,4.55,40,97.1,Female,Doctorate,Employed
1033,38,24985,3.53,26,94.23,Female,Bachelor's Degree,Unemployed
1034,41,64858,3.89,38,99.86,Non-binary,Associate Degree,Unemployed
1035,30,36828,3.39,34,10.13,Non-binary,Associate Degree,Employed
1036,50,35225,3.57,27,60.66,Non-binary,High School,Employed
1037,22,48292,3.31,47,40.76,Prefer not to say,Master's Degree,Unemployed
1038,20,56494,1.11,48,53.27,Female,High School,Self-employed
1039,37,52458,5,30,30.88,Non-binary,Associate Degree,Self-employed
1040,45,38860,1.13,37,4.81,Prefer not to say,Associate Degree,Employed
1041,51,42408,2.58,40,70.78,Non-binary,Associate Degree,Student
1042,30,33004,1.42,21,96.58,Female,Bachelor's Degree,Self-employed
1043,45,46629,1.39,26,53.24,Female,High School,Retired
1044,34,66125,4.17,52,32.96,Female,Doctorate,Employed
1045,33,49936,2.7,29,93.83,Male,Master's Degree,Self-employed
1046,43,62891,4.2,52,36.47,Female,Master's Degree,Unemployed
1047,41,71831,2.09,26,91.45,Female,Bachelor's Degree,Student
1048,19,41179,2.03,46,85.57,Non-binary,High School,Unemployed
1049,49,47201,2,36,52.87,Male,Master's Degree,Unemployed
1050,48,82567,3.46,38,67.69,Non-binary,Associate Degree,Student
1051,28,71665,4.26,58,70.03,Prefer not to say,High School,Employed
1052,38,24913,2.81,27,64.11,Prefer not to say,Master's Degree,Unemployed
1053,39,55807,2.52,45,16.07,Male,High School,Employed
1054,37,50008,4.89,45,69.28,Female,Bachelor's Degree,Employed
1055,29,62396,1.47,73,0.32,Male,Doctorate,Employed
1056,28,38825,2.95,29,71,Female,Doctorate,Unemployed
1057,34,37405,2.63,33,55.48,Prefer not to say,High School,Employed
1058,46,39858,1.39,48,25.98,Prefer not to say,Bachelor's Degree,Unemployed
1059,40,41421,2.07,37,80.38,Male,Master's Degree,Employed
1060,31,62229,1.11,35,40.53,Non-binary,Associate Degree,Retired
1061,42,32281,4.51,49,48.58,Prefer not to say,High School,Unemployed
1062,18,40660,3.43,37,2.77,Male,High School,Retired
1063,46,23164,4.26,31,40.13,Male,Master's Degree,Employed
1064,18,65106,3.09,47,16.74,Prefer not to say,Associate Degree,Unemployed
1065,31,69065,3.4,43,27.61,Female,Associate Degree,Student
1066,23,45093,3.8,36,25.21,Non-binary,Master's Degree,Retired
1067,22,45530,4.63,36,4.6,Non-binary,High School,Self-employed
1068,46,56798,1.37,30,46.05,Female,Master's Degree,Self-employed
1069,30,72117,2.32,47,52.26,Prefer not to say,Doctorate,Student
1070,38,56129,3.84,36,57.11,Prefer not to say,Master's Degree,Student
1071,34,39536,4.83,32,46.22,Female,Bachelor's Degree,Self-employed
1072,39,25717,4.92,27,86.95,Prefer not to say,High School,Unemployed
1073,35,33273,3.55,43,3.77,Non-binary,Bachelor's Degree,Employed
1074,22,51098,1.77,34,61.38,Male,High School,Unemployed
1075,44,40170,1.48,19,86.61,Non-binary,High School,Self-employed
1076,30,52924,4.78,27,4.1,Non-binary,Doctorate,Retired
1077,19,41706,2.74,37,49.63,Non-binary,Master's Degree,Retired
1078,30,34127,1.78,37,58.9,Prefer not to say,Master's Degree,Employed
1079,50,32344,4.74,37,19.09,Female,Doctorate,Employed
1080,43,73435,1.42,36,25.25,Prefer not to say,Doctorate,Self-employed
1081,31,63334,3.92,25,78.56,Female,Associate Degree,Self-employed
1082,31,75957,3.5,31,56.74,Male,Bachelor's Degree,Employed
1083,31,58099,1.35,51,31.58,Male,High School,Retired
1084,55,43550,2.35,50,76.48,Non-binary,Associate Degree,Student
1085,38,69850,1.6,45,74.67,Female,Master's Degree,Student
1086,39,49503,3.42,44,34.54,Non-binary,Associate Degree,Student
1087,45,53312,2.91,49,48.86,Prefer not to say,Master's Degree,Retired
1088,37,49357,1.02,28,66.45,Female,Doctorate,Unemployed
1089,32,20000,4.9,40,34.32,Non-binary,High School,Unemployed
1090,33,74071,2.4,28,62.9,Prefer not to say,High School,Retired
1091,34,57365,2.03,28,25.11,Male,High School,Unemployed
1092,34,54947,1.89,43,29.2,Non-binary,Doctorate,Student
1093,42,49073,1.64,49,31.07,Female,Master's Degree,Retired
1094,35,52451,5,38,93.61,Female,Doctorate,Employed
1095,42,41040,2.18,56,83.37,Prefer not to say,High School,Retired
1096,34,59248,2.62,42,56.52,Non-binary,High School,Self-employed
1097,35,30393,4.49,32,56.39,Male,High School,Student
1098,18,52791,3.57,29,5.61,Non-binary,Master's Degree,Student
1099,44,58423,2.47,50,64.95,Non-binary,Master's Degree,Self-employed
1100,38,47019,4.59,41,32.81,Female,Associate Degree,Student
1101,44,55563,4,46,61.23,Prefer not to say,Associate Degree,Self-employed
1102,18,35129,1.91,13,84.02,Female,Bachelor's Degree,Self-employed
1103,55,35512,3.57,42,4.55,Male,Master's Degree,Student
1104,33,53550,4.69,34,60.71,Non-binary,Doctorate,Retired
1105,46,60178,2.99,26,56.42,Male,Master's Degree,Self-employed
1106,24,21877,3.93,39,20.68,Prefer not to say,Associate Degree,Employed
1107,41,57830,4.88,50,64.64,Prefer not to say,High School,Self-employed
1108,24,41851,3.76,62,55.48,Non-binary,Associate Degree,Employed
1109,28,47107,1.41,42,76.73,Prefer not to say,Associate Degree,Retired
1110,54,29907,1.98,32,11.06,Male,Associate Degree,Self-employed
1111,33,37225,3.38,32,44.36,Non-binary,Bachelor's Degree,Self-employed
1112,37,64491,2.1,49,99.79,Prefer not to say,Bachelor's Degree,Self-employed
1113,43,50492,4.83,30,68.93,Male,Bachelor's Degree,Employed
1114,39,44258,2.62,46,68.43,Non-binary,Doctorate,Retired
1115,36,48252,2.83,42,31.79,Prefer not to say,Bachelor's Degree,Student
1116,38,57338,3.81,41,9.39,Female,Doctorate,Unemployed
1117,59,56607,3.1,24,94.95,Non-binary,Master's Degree,Self-employed
1118,34,48874,2.53,36,10.55,Non-binary,Master's Degree,Self-employed
1119,37,66394,1.31,25,99.27,Female,Bachelor's Degree,Self-employed
1120,45,64556,3.39,34,12.58,Prefer not to say,Master's Degree,Student
1121,46,56200,4.47,49,17.09,Non-binary,Master's Degree,Retired
1122,46,50819,3.74,52,30.84,Male,High School,Employed
1123,41,59859,2.53,42,51.24,Prefer not to say,Bachelor's Degree,Student
1124,23,54714,1.51,34,79.04,Non-binary,Bachelor's Degree,Retired
1125,51,65912,4.27,55,97.1,Male,Associate Degree,Unemployed
1126,23,63493,4.77,34,35.88,Female,Associate Degree,Retired
1127,38,34726,2.55,28,2.04,Male,Master's Degree,Retired
1128,27,33710,3.91,46,61.67,Prefer not to say,Associate Degree,Employed
1129,34,39481,2.64,44,71.08,Female,High School,Retired
1130,38,64642,3.01,34,39.74,Male,Bachelor's Degree,Retired
1131,38,26355,4.35,41,18.35,Prefer not to say,High School,Self-employed
1132,39,55921,1.33,44,30.6,Female,Bachelor's Degree,Employed
1133,51,55438,3.12,42,65.58,Prefer not to say,Doctorate,Retired
1134,39,67439,1.86,44,49.42,Non-binary,Bachelor's Degree,Retired
1135,32,52705,2.36,34,74.34,Prefer not to say,High School,Self-employed
1136,44,29851,3.58,45,21.82,Male,Master's Degree,Employed
1137,46,35609,1.11,40,84.2,Prefer not to say,Associate Degree,Unemployed
1138,22,32270,3.38,35,15.59,Prefer not to say,Associate Degree,Employed
1139,40,41930,2.13,37,32.99,Female,High School,Student
1140,42,47256,3.68,39,59.12,Prefer not to say,Associate Degree,Retired
1141,32,32518,1.57,25,73.69,Prefer not to say,Master's Degree,Student
1142,48,72059,3.94,33,26.62,Non-binary,Associate Degree,Student
1143,33,30120,3.58,40,94.81,Non-binary,Doctorate,Unemployed
1144,36,70191,4.88,26,70.61,Female,Bachelor's Degree,Retired
1145,33,67777,4.64,33,21.77,Female,Doctorate,Employed
1146,35,63474,2.13,63,72.58,Male,Bachelor's Degree,Self-employed
1147,24,39593,1.11,28,69.63,Female,Doctorate,Retired
1148,20,55136,3.62,36,75.27,Prefer not to say,Associate Degree,Student
1149,50,30839,3.41,31,91.59,Non-binary,Associate Degree,Student
1150,26,63663,1.11,38,71.17,Female,Master's Degree,Retired
1151,25,48890,1.49,31,35.19,Male,Doctorate,Unemployed
1152,18,43860,3.34,37,79.05,Prefer not to say,Bachelor's Degree,Employed
1153,28,31643,4.65,32,69.59,Male,Bachelor's Degree,Self-employed
1154,21,20000,4.63,50,57.43,Male,Associate Degree,Unemployed
1155,51,34421,1.61,40,35.38,Male,Associate Degree,Employed
1156,45,66691,2.54,29,92.1,Male,Associate Degree,Retired
1157,28,43957,1.17,48,51.28,Prefer not to say,Doctorate,Unemployed
1158,57,47460,2.88,30,62.81,Prefer not to say,Bachelor's Degree,Self-employed
1159,44,59833,4.01,24,41.54,Male,Doctorate,Employed
1160,31,77085,4.16,39,78.08,Prefer not to say,Bachelor's Degree,Retired
1161,18,69875,3,59,34.1,Female,Bachelor's Degree,Employed
1162,57,35414,1.38,21,81.06,Prefer not to say,Master's Degree,Self-employed
1163,21,20861,2.53,26,10.79,Prefer not to say,Associate Degree,Retired
1164,18,85394,4.73,47,70.9,Male,Doctorate,Student
1165,45,84034,1.92,33,47.69,Prefer not to say,Doctorate,Student
1166,59,52826,2.28,46,69.88,Female,Associate Degree,Unemployed
1167,48,30942,3.99,31,53.14,Prefer not to say,Doctorate,Retired
1168,40,64448,3.93,41,13.43,Female,Master's Degree,Retired
1169,40,48380,4.65,57,47.7,Prefer not to say,Doctorate,Unemployed
1170,43,48305,2.55,28,96.46,Non-binary,Bachelor's Degree,Employed
1171,42,63416,3.06,50,75.48,Prefer not to say,Associate Degree,Unemployed
1172,37,55015,2.87,46,30.02,Female,Associate Degree,Retired
1173,36,32212,4.71,25,94.41,Female,Master's Degree,Student
1174,34,45128,4.08,45,77.89,Female,Doctorate,Employed
1175,27,59917,4.33,40,36.44,Male,Bachelor's Degree,Retired
1176,32,57653,1.53,40,60.36,Female,High School,Self-employed
1177,18,53930,4.17,43,42.67,Prefer not to say,Bachelor's Degree,Student
1178,34,64001,2.73,36,9.67,Non-binary,Bachelor's Degree,Student
1179,25,44574,1.09,40,80.6,Female,Doctorate,Unemployed
1180,23,52680,1.24,42,19.11,Male,High School,Retired
1181,36,20000,3.71,47,45.8,Prefer not to say,Master's Degree,Retired
1182,48,43255,2.49,24,70.26,Female,Doctorate,Unemployed
1183,44,61458,4.47,52,93.22,Male,Associate Degree,Retired
1184,19,44144,3.94,28,6.27,Male,High School,Retired
1185,25,43006,1.09,47,39.32,Male,Associate Degree,Student
1186,44,34378,3.75,40,61.46,Female,High School,Employed
1187,25,65050,1.77,27,77.93,Female,Associate Degree,Self-employed
1188,32,58226,2.69,45,92.09,Female,Doctorate,Self-employed
1189,40,62381,3.5,30,0.05,Non-binary,High School,Employed
1190,25,24106,4.49,50,62.78,Non-binary,Master's Degree,Self-employed
1191,36,47593,2.82,32,0.69,Prefer not to say,Doctorate,Employed
1192,21,45798,4.23,25,78.73,Prefer not to say,High School,Retired
1193,28,45791,4.13,55,14.97,Male,Associate Degree,Unemployed
1194,38,40759,2.66,41,89.46,Non-binary,Bachelor's Degree,Retired
1195,19,44808,3,48,15.51,Female,High School,Unemployed
1196,39,62744,3.8,31,76.43,Prefer not to say,Doctorate,Employed
1197,34,21307,1.12,21,28.93,Female,Associate Degree,Retired
1198,40,76659,4.56,56,55.73,Female,Doctorate,Employed
1199,37,57257,4.08,39,60.84,Non-binary,Associate Degree,Student
1200,48,49365,2,44,20.68,Prefer not to say,Doctorate,Employed
1201,36,63602,4.92,46,29.87,Male,High School,Retired
1202,30,28222,1.72,36,10.75,Prefer not to say,High School,Unemployed
1203,36,40029,4.66,42,0.53,Prefer not to say,High School,Student
1204,40,48183,2.3,55,23.95,Prefer not to say,Associate Degree,Retired
1205,35,70483,4.05,39,51.6,Non-binary,Master's Degree,Retired
1206,35,49302,2.83,49,71.36,Prefer not to say,Doctorate,Retired
1207,27,56750,3.95,20,79.36,Male,Master's Degree,Student
1208,28,41156,1.62,51,6.98,Prefer not to say,Master's Degree,Retired
1209,20,57302,2.08,24,27.24,Female,Master's Degree,Unemployed
1210,52,75158,1.4,50,77.02,Male,Bachelor's Degree,Retired
1211,22,64932,4.46,43,48.09,Prefer not to say,Doctorate,Self-employed
1212,28,48778,2.19,39,18.22,Non-binary,Bachelor's Degree,Employed
1213,27,60132,3.78,39,39.22,Non-binary,Doctorate,Self-employed
1214,43,58662,4.28,37,27,Non-binary,Bachelor's Degree,Unemployed
1215,32,57598,4.61,31,5.07,Female,Doctorate,Unemployed
1216,47,66679,1.43,37,76.36,Female,High School,Employed
1217,28,66567,4.57,62,29.17,Non-binary,Master's Degree,Unemployed
1218,37,48092,1.79,53,94.51,Female,Associate Degree,Unemployed
1219,26,59628,3.95,31,88.81,Prefer not to say,Master's Degree,Retired
1220,56,44253,3.92,42,71.63,Prefer not to say,Doctorate,Employed
1221,23,36153,1.03,40,32.66,Non-binary,Associate Degree,Self-employed
1222,38,45957,1.88,38,27.99,Male,Master's Degree,Retired
1223,41,48855,2.97,29,47.53,Prefer not to say,Doctorate,Retired
1224,39,25076,2.68,44,35.46,Male,Master's Degree,Self-employed
1225,33,62904,4.67,48,90.12,Female,Doctorate,Unemployed
1226,33,20000,2.44,31,12.35,Female,Bachelor's Degree,Student
1227,35,90722,4.75,59,72.45,Prefer not to say,Bachelor's Degree,Student
1228,33,72528,2.84,55,61.09,Prefer not to say,High School,Unemployed
1229,44,46084,4.86,45,80.63,Female,Associate Degree,Retired
1230,57,50141,3.95,27,54.25,Female,Bachelor's Degree,Self-employed
1231,29,54544,4.32,44,62.95,Male,Doctorate,Student
1232,21,41162,1.42,42,96.27,Prefer not to say,Master's Degree,Retired
1233,34,52889,3.34,45,9.2,Non-binary,High School,Student
1234,60,47840,1.57,55,10.49,Non-binary,Master's Degree,Self-employed
1235,26,48585,2.19,38,39.36,Female,Master's Degree,Retired
1236,51,52721,3.49,60,47.27,Non-binary,Associate Degree,Employed
1237,51,30297,3.9,44,19.99,Female,Master's Degree,Retired
1238,29,50593,1.16,37,8.27,Non-binary,Associate Degree,Employed
1239,40,52451,3.12,63,2.22,Female,Doctorate,Unemployed
1240,51,51932,3.26,48,76.46,Female,Master's Degree,Self-employed
1241,31,46762,1.32,35,48.51,Non-binary,Master's Degree,Student
1242,32,67067,3,40,84.34,Prefer not to say,Master's Degree,Unemployed
1243,29,44695,3.86,46,36.08,Female,Doctorate,Unemployed
1244,24,53409,1.21,38,70.34,Non-binary,Bachelor's Degree,Retired
1245,28,69459,4.04,41,48.85,Prefer not to say,Bachelor's Degree,Retired
1246,22,48809,3.31,31,61.21,Male,Doctorate,Employed
1247,35,53216,4.33,23,37.02,Female,High School,Employed
1248,27,48554,1.87,41,8.12,Female,High School,Unemployed
1249,37,68560,4.33,41,94.74,Male,Associate Degree,Unemployed
1250,19,46134,1.38,45,83.61,Female,Doctorate,Retired
1251,38,69250,2.62,34,31.19,Male,High School,Retired
1252,43,48446,1.8,26,95.87,Non-binary,Associate Degree,Student
1253,18,37108,4.5,30,30.05,Male,Master's Degree,Self-employed
1254,38,60190,3.82,50,44.3,Prefer not to say,Master's Degree,Student
1255,47,45429,1.1,33,75.51,Non-binary,High School,Self-employed
1256,22,59307,1.04,35,30.9,Male,Associate Degree,Unemployed
1257,51,20000,2.16,36,32.45,Prefer not to say,Associate Degree,Retired
1258,39,50078,1.57,33,41.01,Male,Bachelor's Degree,Student
1259,27,43105,3.52,33,46.84,Prefer not to say,High School,Self-employed
1260,34,34051,3.66,31,12.36,Male,Bachelor's Degree,Employed
1261,40,41701,4.77,54,1.75,Female,Doctorate,Self-employed
1262,35,41394,4.81,46,91.92,Prefer not to say,Associate Degree,Self-employed
1263,40,49280,3.64,52,35.32,Female,Bachelor's Degree,Retired
1264,25,29490,1.02,54,10.17,Female,Associate Degree,Student
1265,36,54744,2.44,16,75.92,Prefer not to say,Doctorate,Unemployed
1266,20,70493,3.05,43,29.51,Female,Bachelor's Degree,Student
1267,33,54213,3,34,18.17,Non-binary,Doctorate,Unemployed
1268,25,62134,3.41,51,96.26,Male,Associate Degree,Employed
1269,27,66418,4.84,32,92.05,Prefer not to say,Associate Degree,Retired
1270,47,68547,4.54,29,10.57,Non-binary,Master's Degree,Self-employed
1271,45,78052,1.44,25,89.93,Prefer not to say,Associate Degree,Student
1272,41,42511,2.06,36,89.09,Male,Master's Degree,Student
1273,24,39222,4.33,49,63.44,Prefer not to say,Doctorate,Unemployed
1274,31,61751,4.3,42,52.97,Male,High School,Student
1275,47,60623,2.1,27,21.74,Non-binary,Doctorate,Self-employed
1276,36,61635,3.92,61,12.14,Prefer not to say,Master's Degree,Unemployed
1277,58,78339,3.69,46,60.64,Male,High School,Self-employed
1278,38,50170,2.89,47,82.2,Female,Master's Degree,Unemployed
1279,36,56392,1.81,52,68.86,Female,Associate Degree,Self-employed
1280,31,35294,4.55,23,18.08,Non-binary,Master's Degree,Unemployed
1281,36,82029,3.71,30,29,Non-binary,High School,Retired
1282,33,44951,1.68,48,54.64,Non-binary,Master's Degree,Student
1283,42,45376,3.82,31,62.5,Female,Bachelor's Degree,Self-employed
1284,44,44798,3.97,37,7.23,Male,Bachelor's Degree,Employed
1285,27,40326,4.55,39,61.41,Non-binary,Doctorate,Retired
1286,21,39058,1.89,27,73.63,Male,Doctorate,Retired
1287,18,42144,4.96,36,18.14,Male,High School,Self-employed
1288,40,29513,1.61,49,24.62,Non-binary,Master's Degree,Self-employed
1289,23,38220,3.4,47,25.89,Non-binary,Associate Degree,Employed
1290,18,79234,3.63,51,93.98,Female,High School,Self-employed
1291,38,61034,2.68,50,40.7,Non-binary,High School,Employed
1292,59,63888,2.9,44,53.06,Female,High School,Self-employed
1293,34,67658,4.56,43,72.43,Female,Doctorate,Employed
1294,43,77512,3.58,42,37.15,Male,High School,Unemployed
1295,35,23428,2.99,33,10.56,Female,Master's Degree,Student
1296,34,31551,1.51,29,65.43,Male,High School,Student
1297,44,37944,1.03,33,66.73,Female,Associate Degree,Self-employed
1298,32,42954,1.5,36,26.05,Non-binary,High School,Self-employed
1299,37,45491,4.82,33,3.52,Prefer not to say,Doctorate,Student
1300,38,43295,4.06,44,66.54,Male,Doctorate,Student
1301,28,53289,4.87,42,70.34,Non-binary,Associate Degree,Employed
1302,44,50529,1.14,43,2.61,Male,High School,Employed
1303,33,39157,3.72,43,69.32,Female,High School,Unemployed
1304,27,20000,1.18,51,93.89,Male,High School,Unemployed
1305,40,35106,4.13,39,17.88,Prefer not to say,Doctorate,Employed
1306,26,41761,2.52,50,52.13,Non-binary,High School,Unemployed
1307,35,46293,1.38,45,69.68,Male,Doctorate,Retired
1308,34,33054,3.27,51,23.01,Prefer not to say,Doctorate,Employed
1309,45,42637,2.12,56,75.15,Non-binary,Master's Degree,Unemployed
1310,39,33035,3.64,45,86.81,Prefer not to say,Bachelor's Degree,Unemployed
1311,34,48112,3.63,41,81.46,Male,Doctorate,Self-employed
1312,43,33903,3.82,40,25.89,Prefer not to say,Bachelor's Degree,Self-employed
1313,48,37266,4.97,35,80.42,Female,Master's Degree,Self-employed
1314,40,30369,2.55,34,41.33,Male,Bachelor's Degree,Student
1315,35,47697,2.86,49,26.65,Non-binary,Bachelor's Degree,Student
1316,21,37003,4.22,30,16.8,Female,Associate Degree,Student
1317,24,63601,3.31,56,90.9,Male,Associate Degree,Employed
1318,31,56087,1.15,38,42.69,Female,Bachelor's Degree,Self-employed
1319,28,48952,4.37,68,86.57,Prefer not to say,Doctorate,Self-employed
1320,33,38037,1.21,33,15.95,Non-binary,High School,Employed
1321,35,55707,1.68,42,76.7,Female,High School,Student
1322,40,60360,1.41,36,11,Prefer not to say,Master's Degree,Unemployed
1323,34,52140,1.31,32,1.76,Prefer not to say,Doctorate,Retired
1324,39,74055,1.1,50,99.5,Non-binary,Bachelor's Degree,Self-employed
1325,35,56894,1.22,28,7.35,Male,Associate Degree,Student
1326,18,63704,2.77,33,46.15,Non-binary,High School,Unemployed
1327,25,52003,2.01,45,87.84,Non-binary,Bachelor's Degree,Self-employed
1328,33,60134,1.51,47,81.94,Prefer not to say,High School,Self-employed
1329,22,38048,3.63,26,47.12,Non-binary,Associate Degree,Retired
1330,40,43124,1.9,45,61.08,Non-binary,Associate Degree,Student
1331,50,55240,1.08,41,62.97,Male,Doctorate,Employed
1332,47,55131,2.67,30,10.98,Non-binary,Bachelor's Degree,Unemployed
1333,32,57614,2.24,32,28.49,Non-binary,Bachelor's Degree,Unemployed
1334,49,66505,2.27,19,30.1,Prefer not to say,Master's Degree,Student
1335,36,28625,2.78,57,37.81,Male,Master's Degree,Unemployed
1336,31,35383,3.68,50,27.39,Non-binary,Associate Degree,Employed
1337,28,53443,3.47,27,25.15,Male,Doctorate,Unemployed
1338,31,39134,4.75,47,35.48,Male,Bachelor's Degree,Student
1339,31,100666,3.07,34,37.92,Prefer not to say,Doctorate,Employed
1340,36,57735,2.89,49,48.72,Non-binary,Associate Degree,Retired
1341,36,48825,1.85,35,17.35,Female,Associate Degree,Student
1342,35,42267,4.02,36,78.83,Male,Master's Degree,Retired
1343,39,42797,1.56,37,86.07,Prefer not to say,Master's Degree,Unemployed
1344,46,50452,2.96,33,24.82,Male,Bachelor's Degree,Employed
1345,44,51679,2.69,53,12.33,Female,Doctorate,Unemployed
1346,20,43149,3.63,48,72.23,Female,Associate Degree,Student
1347,18,45902,4.67,41,92.42,Non-binary,Master's Degree,Retired
1348,44,70164,4.79,50,3.51,Prefer not to say,Doctorate,Retired
1349,21,70767,1.67,23,1.44,Female,Associate Degree,Unemployed
1350,32,53780,2.05,27,18.34,Male,Doctorate,Student
1351,23,29881,4.25,44,68.48,Female,High School,Unemployed
1352,18,58077,3.07,47,96.48,Male,High School,Self-employed
1353,40,73314,2.81,42,75.04,Prefer not to say,Master's Degree,Student
1354,42,70546,3.84,21,57.3,Non-binary,High School,Student
1355,29,61016,3.41,29,70.05,Female,Associate Degree,Employed
1356,18,71336,4.88,44,23.07,Prefer not to say,Master's Degree,Self-employed
1357,29,50800,3.34,64,68.86,Prefer not to say,Doctorate,Retired
1358,38,59421,2.86,52,32.14,Female,Bachelor's Degree,Unemployed
1359,20,39788,3.17,55,22.24,Prefer not to say,High School,Retired
1360,36,54383,4.23,43,23.66,Non-binary,High School,Student
1361,34,69943,3.45,43,66.78,Non-binary,Master's Degree,Unemployed
1362,40,41158,3.59,29,76.72,Female,Associate Degree,Retired
1363,36,37078,4.89,49,58.18,Female,High School,Unemployed
1364,25,51462,3.47,39,6.39,Prefer not to say,Doctorate,Retired
1365,46,46600,2.52,46,3.8,Prefer not to say,Associate Degree,Unemployed
1366,33,59737,3.77,40,21.72,Prefer not to say,High School,Retired
1367,34,43201,3.64,42,28.65,Female,High School,Retired
1368,25,75776,1.06,39,40.48,Female,Doctorate,Unemployed
1369,30,30654,2.87,42,7.6,Male,High School,Employed
1370,26,68806,3.97,50,72.52,Prefer not to say,Associate Degree,Unemployed
1371,33,38527,3,27,71.15,Female,Bachelor's Degree,Retired
1372,52,23060,4.12,25,34.67,Male,Bachelor's Degree,Self-employed
1373,21,53568,2.8,44,56.3,Non-binary,High School,Student
1374,18,46180,4.93,54,10.09,Male,Master's Degree,Employed
1375,49,33355,2.17,56,41.52,Non-binary,Associate Degree,Unemployed
1376,32,24779,1.37,27,85.76,Female,Bachelor's Degree,Student
1377,28,49874,2.72,35,66.06,Prefer not to say,Master's Degree,Employed
1378,45,64637,3.17,25,10.39,Non-binary,Bachelor's Degree,Self-employed
1379,28,58774,2.4,34,84.76,Prefer not to say,Master's Degree,Student
1380,53,50850,1.97,51,68.07,Prefer not to say,High School,Unemployed
1381,41,57182,3.69,39,45.31,Non-binary,Master's Degree,Self-employed
1382,30,49591,2.51,36,69.21,Prefer not to say,High School,Unemployed
1383,56,28554,3.53,45,17.28,Prefer not to say,Master's Degree,Student
1384,28,28686,4.12,32,55.05,Prefer not to say,Master's Degree,Unemployed
1385,42,46952,4.04,55,61.79,Prefer not to say,Master's Degree,Self-employed
1386,37,47590,2.5,40,92.77,Male,Associate Degree,Self-employed
1387,48,62764,3.27,35,6.69,Non-binary,Bachelor's Degree,Student
1388,50,61359,2.8,45,37.48,Prefer not to say,Master's Degree,Student
1389,35,59076,4.48,49,93.68,Prefer not to say,High School,Retired
1390,27,45795,4.52,55,21.72,Female,Master's Degree,Self-employed
1391,39,29290,2.37,37,81.32,Female,Associate Degree,Retired
1392,28,56181,1.37,50,0.16,Non-binary,Associate Degree,Unemployed
1393,55,57877,1.67,41,2.59,Prefer not to say,Associate Degree,Student
1394,36,20000,2.47,33,32.76,Non-binary,Master's Degree,Employed
1395,31,37484,3.26,32,76.85,Female,Master's Degree,Unemployed
1396,36,39634,3.63,29,10.41,Female,Master's Degree,Retired
1397,21,51775,2.33,32,38.29,Female,Bachelor's Degree,Self-employed
1398,25,37949,3.67,51,13.15,Male,Master's Degree,Student
1399,47,49427,4.75,47,22.36,Male,Doctorate,Student
1400,28,46841,3.61,27,50.3,Female,Associate Degree,Unemployed
1401,24,47612,1.63,22,31.91,Female,Master's Degree,Unemployed
1402,40,39254,3.32,28,21.19,Male,Bachelor's Degree,Student
1403,46,40415,3.17,32,39.35,Female,High School,Retired
1404,42,33795,4.48,36,70.11,Female,Associate Degree,Self-employed
1405,44,55701,2.4,51,11.94,Male,Master's Degree,Student
1406,27,58566,2.69,34,47.96,Male,Master's Degree,Student
1407,20,38440,3.39,56,27.47,Male,High School,Unemployed
1408,50,72809,3.1,23,37.86,Female,Bachelor's Degree,Self-employed
1409,31,45280,3.88,36,82.16,Female,Doctorate,Student
1410,32,72952,1.16,47,92.97,Prefer not to say,High School,Unemployed
1411,48,40368,3.25,48,24.3,Female,Bachelor's Degree,Employed
1412,40,20000,1.49,36,63,Female,Bachelor's Degree,Student
1413,39,56032,2.26,50,67.67,Male,Master's Degree,Employed
1414,56,53728,3.65,48,84.25,Non-binary,Master's Degree,Self-employed
1415,28,50515,1.63,33,89.9,Female,Associate Degree,Self-employed
1416,44,40366,2.24,43,46.8,Female,Master's Degree,Student
1417,35,49481,3.81,47,98.26,Female,Master's Degree,Retired
1418,37,42331,3.6,33,97.08,Prefer not to say,Bachelor's Degree,Unemployed
1419,50,45464,1.36,56,50.65,Male,Master's Degree,Unemployed
1420,40,62624,3.31,31,54.2,Prefer not to say,Master's Degree,Retired
1421,40,52763,1.59,41,66.77,Prefer not to say,Master's Degree,Employed
1422,45,59149,2.01,27,37.38,Non-binary,Doctorate,Self-employed
1423,31,46521,2.84,41,66.2,Female,Doctorate,Student
1424,26,44869,1.44,29,51.43,Prefer not to say,Associate Degree,Unemployed
1425,24,32697,4.97,37,3.54,Prefer not to say,High School,Unemployed
1426,18,44449,1.66,24,85.27,Prefer not to say,Bachelor's Degree,Student
1427,55,20000,4.13,47,94.04,Male,Associate Degree,Student
1428,23,41146,4.32,43,2.62,Female,Bachelor's Degree,Unemployed
1429,32,48771,4.98,50,78.93,Prefer not to say,High School,Unemployed
1430,32,58455,2.71,36,38.58,Female,High School,Unemployed
1431,38,45969,4.5,51,58.56,Female,Associate Degree,Student
1432,43,55215,4.83,40,50,Non-binary,Doctorate,Employed
1433,43,20000,1.69,41,55.13,Male,Doctorate,Unemployed
1434,29,49147,2.92,61,49.52,Prefer not to say,Doctorate,Employed
1435,33,24807,1.24,35,85.34,Prefer not to say,Master's Degree,Unemployed
1436,37,31875,3.48,52,68.35,Non-binary,Master's Degree,Student
1437,32,47192,3.33,44,41.26,Prefer not to say,Associate Degree,Retired
1438,51,69143,1.82,34,68.86,Male,Master's Degree,Employed
1439,39,55568,4.19,26,96.5,Prefer not to say,Bachelor's Degree,Retired
1440,42,50273,1.15,29,8.03,Male,Associate Degree,Unemployed
1441,41,49707,4.22,51,38.81,Prefer not to say,Associate Degree,Unemployed
1442,46,39295,1.11,57,87.05,Female,High School,Student
1443,36,41840,3.63,40,73.91,Female,High School,Retired
1444,22,56410,1.32,41,93.49,Non-binary,Associate Degree,Retired
1445,38,29219,2,47,3.98,Prefer not to say,Doctorate,Unemployed
1446,28,58895,3.89,40,86.28,Prefer not to say,High School,Self-employed
1447,29,44172,2.12,50,79.18,Male,Master's Degree,Self-employed
1448,40,62383,3.04,42,81.5,Prefer not to say,Associate Degree,Retired
1449,47,64416,4.66,41,59.73,Non-binary,Bachelor's Degree,Retired
1450,35,24903,1.2,33,5.19,Prefer not to say,Associate Degree,Employed
1451,38,41276,4.24,30,53.91,Female,Bachelor's Degree,Unemployed
1452,52,37167,1.26,10,40.78,Non-binary,High School,Self-employed
1453,37,22809,1.51,52,52.7,Female,Doctorate,Student
1454,61,34512,1.48,38,74.03,Non-binary,Bachelor's Degree,Employed
1455,40,86618,4.98,35,59.6,Non-binary,Doctorate,Self-employed
1456,18,59142,1.72,20,29.26,Non-binary,Bachelor's Degree,Unemployed
1457,42,78759,4.59,33,59.95,Non-binary,Doctorate,Unemployed
1458,38,62436,4.96,32,8.31,Male,Bachelor's Degree,Unemployed
1459,47,38872,2.54,32,0.54,Non-binary,Associate Degree,Self-employed
1460,41,44273,3.52,43,40.15,Female,Associate Degree,Unemployed
1461,33,58826,4.12,41,75.72,Prefer not to say,High School,Student
1462,22,56562,2.57,26,82.26,Male,Associate Degree,Unemployed
1463,32,41339,1.65,27,54.98,Male,Master's Degree,Employed
1464,26,27350,2.74,27,86.8,Male,High School,Student
1465,29,99316,4.09,58,12.59,Prefer not to say,Associate Degree,Employed
1466,40,47882,4.12,54,96.41,Prefer not to say,Associate Degree,Employed
1467,51,45113,1.92,31,92.18,Male,Master's Degree,Retired
1468,38,51700,1.7,20,59.92,Male,Doctorate,Retired
1469,23,46359,4.68,41,5.87,Non-binary,Associate Degree,Unemployed
1470,39,51840,1.18,40,45.42,Non-binary,Bachelor's Degree,Student
1471,46,69304,3.94,43,17.93,Prefer not to say,Doctorate,Self-employed
1472,28,48131,1.19,47,62.84,Non-binary,Bachelor's Degree,Retired
1473,33,32559,4.35,44,19,Female,Doctorate,Student
1474,35,47575,4.62,28,48.18,Female,Bachelor's Degree,Retired
1475,27,43033,2.19,42,20.56,Non-binary,Associate Degree,Student
1476,41,71358,1.3,48,18.18,Non-binary,Bachelor's Degree,Unemployed
1477,33,67566,2.92,32,24.79,Male,Associate Degree,Employed
1478,39,51612,2.19,42,2.92,Non-binary,Master's Degree,Retired
1479,26,30818,2.67,34,71.61,Female,Bachelor's Degree,Employed
1480,30,31611,3.66,59,30.67,Prefer not to say,High School,Employed
1481,42,50226,1.84,26,69.81,Prefer not to say,High School,Self-employed
1482,31,55044,2.43,51,65.35,Male,Bachelor's Degree,Self-employed
1483,52,44380,4.13,23,6.61,Prefer not to say,Associate Degree,Unemployed
1484,31,42797,3.58,57,31.2,Non-binary,Doctorate,Student
1485,37,41108,2.31,28,56.69,Male,Master's Degree,Unemployed
1486,44,49649,3.66,41,91.84,Non-binary,Bachelor's Degree,Student
1487,20,20000,4.06,23,40.13,Prefer not to say,Master's Degree,Self-employed
1488,18,33480,3.37,26,50.48,Non-binary,Associate Degree,Unemployed
1489,19,40594,1.96,48,75.02,Male,High School,Student
1490,47,68112,1,50,80.33,Male,Associate Degree,Self-employed
1491,29,37792,4.21,42,92.33,Female,Associate Degree,Student
1492,60,52707,4.29,47,49.72,Prefer not to say,Bachelor's Degree,Unemployed
1493,29,53398,3.79,50,19.38,Non-binary,Master's Degree,Retired
1494,36,69468,1.31,33,76.44,Female,Doctorate,Retired
1495,50,68938,3.34,26,12.56,Female,Master's Degree,Unemployed
1496,55,49137,4.28,39,41.83,Prefer not to say,Doctorate,Employed
1497,55,42867,2.56,34,62.82,Non-binary,High School,Retired
1498,47,40042,1.79,43,69.19,Prefer not to say,Master's Degree,Retired
1499,45,46384,3.35,45,73.3,Non-binary,Doctorate,Retired
1500,40,43489,4.31,33,19.35,Female,Master's Degree,Employed
1501,42,58304,1.2,47,98.16,Female,Associate Degree,Self-employed
1502,29,56304,3.39,46,17.84,Female,High School,Self-employed
1503,26,58877,3.57,47,9.61,Non-binary,Master's Degree,Employed
1504,34,68889,3.41,35,66.41,Male,Associate Degree,Employed
1505,33,77943,3.6,47,91,Prefer not to say,Associate Degree,Unemployed
1506,30,51869,3.53,45,55.94,Non-binary,High School,Unemployed
1507,41,66491,1.52,46,59.55,Prefer not to say,Master's Degree,Unemployed
1508,44,44725,1.94,56,53.85,Prefer not to say,Bachelor's Degree,Self-employed
1509,35,67775,3.48,43,4.27,Female,Bachelor's Degree,Student
1510,49,65922,1.07,33,68.13,Prefer not to say,Bachelor's Degree,Retired
1511,23,65126,3.54,28,35.82,Male,Associate Degree,Unemployed
1512,33,51411,3.66,51,93.57,Non-binary,Master's Degree,Retired
1513,27,39974,1.96,43,18.68,Male,Doctorate,Employed
1514,18,29082,3.39,56,30.21,Male,Master's Degree,Self-employed
1515,34,49399,3.14,19,50.49,Female,High School,Unemployed
1516,33,72995,2.04,49,47.74,Non-binary,Doctorate,Student
1517,50,45352,2.85,37,40.03,Non-binary,High School,Self-employed
1518,41,61776,4.64,36,31.44,Male,Master's Degree,Employed
1519,24,62659,2.71,32,14.72,Non-binary,High School,Retired
1520,53,45744,3.52,48,82.09,Prefer not to say,Associate Degree,Self-employed
1521,47,69745,1.14,46,44.88,Non-binary,Bachelor's Degree,Retired
1522,40,20000,1.31,28,57.3,Non-binary,Master's Degree,Unemployed
1523,32,31658,1.33,41,54.66,Prefer not to say,Doctorate,Employed
1524,25,36265,4.11,47,57.55,Prefer not to say,Doctorate,Student
1525,31,37704,2.4,41,70.48,Prefer not to say,High School,Self-employed
1526,45,55043,1.91,51,62.94,Prefer not to say,Bachelor's Degree,Retired
1527,53,54350,3.99,37,27.39,Non-binary,Master's Degree,Employed
1528,50,55909,1.68,17,55.37,Female,Associate Degree,Employed
1529,30,58941,1.99,41,24.45,Female,High School,Unemployed
1530,23,35748,2.72,41,58.88,Prefer not to say,Master's Degree,Self-employed
1531,36,31727,2.33,43,43.19,Non-binary,Master's Degree,Unemployed
1532,18,55944,3.34,51,3.94,Non-binary,Bachelor's Degree,Unemployed
1533,38,40546,2.35,20,73.4,Non-binary,Doctorate,Unemployed
1534,33,26442,2.57,37,27.47,Non-binary,Bachelor's Degree,Employed
1535,30,64570,4.45,30,92.02,Non-binary,High School,Retired
1536,19,70926,4.54,27,28.06,Female,High School,Retired
1537,40,73357,4.31,39,99.66,Male,Bachelor's Degree,Student
1538,29,52805,4.46,47,46.3,Male,Master's Degree,Student
1539,23,59388,3.28,43,2.64,Male,Doctorate,Retired
1540,18,70548,3.58,33,7.63,Prefer not to say,High School,Unemployed
1541,34,40378,3.23,38,8.21,Prefer not to say,Bachelor's Degree,Employed
1542,52,66660,4.14,49,5.62,Female,High School,Unemployed
1543,51,54130,3.2,46,26.78,Female,Doctorate,Unemployed
1544,30,63705,1.44,34,32.46,Non-binary,Associate Degree,Unemployed
1545,28,52791,4.24,33,11.13,Female,Associate Degree,Self-employed
1546,39,69443,4.04,22,43.81,Prefer not to say,Master's Degree,Self-employed
1547,25,53352,4.28,35,36.54,Female,Master's Degree,Unemployed
1548,38,27740,1.76,22,63.63,Non-binary,Associate Degree,Student
1549,42,71778,2.09,60,19.59,Non-binary,Doctorate,Student
1550,47,35787,2.18,31,91.4,Non-binary,Bachelor's Degree,Retired
1551,33,68795,3.03,51,51.6,Prefer not to say,Bachelor's Degree,Employed
1552,32,48646,1.54,58,62.37,Male,Doctorate,Self-employed
1553,26,67640,2.54,42,3.95,Male,Bachelor's Degree,Unemployed
1554,26,67021,1.73,38,55.91,Prefer not to say,Master's Degree,Self-employed
1555,32,56452,2.06,26,36.81,Non-binary,Bachelor's Degree,Retired
1556,38,57628,3.83,34,92.42,Non-binary,Bachelor's Degree,Student
1557,44,56339,4.42,56,88.56,Prefer not to say,Master's Degree,Student
1558,26,20000,1.09,43,63.76,Male,High School,Employed
1559,49,51774,3.26,40,76.79,Non-binary,Associate Degree,Employed
1560,32,33259,1.14,53,64.46,Non-binary,Bachelor's Degree,Retired
1561,34,52567,1.34,46,1.7,Male,Associate Degree,Employed
1562,27,32855,3.82,38,70.31,Prefer not to say,Associate Degree,Retired
1563,18,32225,3.94,42,17.71,Female,Doctorate,Self-employed
1564,43,74074,4.26,32,68.26,Non-binary,Doctorate,Unemployed
1565,42,66041,2.9,34,1.05,Male,Doctorate,Student
1566,32,49937,4.44,37,31.09,Prefer not to say,High School,Unemployed
1567,35,52771,1.67,45,51.69,Male,High School,Self-employed
1568,40,46281,2,27,33.32,Male,Associate Degree,Employed
1569,19,58548,1.54,40,69.4,Female,Associate Degree,Student
1570,29,39859,4.19,36,52.27,Non-binary,Associate Degree,Employed
1571,42,64906,1.91,30,95.97,Non-binary,Associate Degree,Unemployed
1572,22,46203,1.62,36,35.78,Non-binary,Master's Degree,Employed
1573,37,43702,3.49,16,72.19,Female,Associate Degree,Retired
1574,21,50325,1.31,32,83.58,Male,Doctorate,Unemployed
1575,39,41132,1.18,29,25.36,Prefer not to say,Associate Degree,Employed
1576,34,54930,1.43,37,75.41,Male,Doctorate,Unemployed
1577,18,41939,1,17,39.33,Non-binary,Doctorate,Employed
1578,46,57027,3.79,41,12.87,Female,Associate Degree,Employed
1579,27,68240,3.25,49,0.36,Male,Associate Degree,Unemployed
1580,26,39210,1.84,38,74.38,Female,Bachelor's Degree,Self-employed
1581,37,48041,1.93,44,18.62,Prefer not to say,Doctorate,Unemployed
1582,46,56919,4.24,34,5.12,Prefer not to say,Associate Degree,Student
1583,24,43462,3.01,24,49.72,Non-binary,Associate Degree,Student
1584,35,56964,3.79,40,34.67,Female,Bachelor's Degree,Self-employed
1585,39,58330,2.81,46,69.18,Non-binary,Master's Degree,Employed
1586,41,66248,1.95,26,10.74,Female,Doctorate,Unemployed
1587,36,40910,4.88,35,13.27,Female,Doctorate,Employed
1588,31,35858,3.26,37,40.41,Prefer not to say,Bachelor's Degree,Employed
1589,26,45386,1.52,68,52.04,Male,Master's Degree,Student
1590,35,35483,2.62,42,82.42,Male,High School,Unemployed
1591,24,58467,2.32,20,58.56,Prefer not to say,Bachelor's Degree,Retired
1592,18,32573,1.86,18,90.26,Prefer not to say,Associate Degree,Student
1593,39,84995,4.73,47,21.78,Female,Associate Degree,Employed
1594,44,69438,4.52,64,59.62,Male,Associate Degree,Employed
1595,18,50188,1.8,37,65.52,Non-binary,High School,Retired
1596,24,63010,2.41,36,72.58,Non-binary,Associate Degree,Employed
1597,41,25447,4.05,44,98.87,Male,High School,Self-employed
1598,55,87850,1.83,32,46.8,Male,Bachelor's Degree,Retired
1599,35,41146,3.37,14,36.93,Male,High School,Employed
1600,27,48192,3.8,50,85.22,Female,Associate Degree,Student
1601,33,22161,3.62,33,17.68,Prefer not to say,Doctorate,Student
1602,48,57294,3.83,50,3.7,Prefer not to say,Associate Degree,Self-employed
1603,28,33404,3.83,32,44.36,Female,High School,Retired
1604,27,51524,4.86,41,24.72,Non-binary,High School,Retired
1605,30,41835,2.39,48,39.65,Female,Master's Degree,Employed
1606,25,33833,4.51,50,98.61,Male,Master's Degree,Employed
1607,36,37934,1.09,42,34.85,Prefer not to say,Master's Degree,Unemployed
1608,51,53386,2.15,41,70.8,Prefer not to say,Associate Degree,Self-employed
1609,38,30777,1.19,46,25.04,Female,High School,Retired
1610,32,38767,3.6,44,30.34,Prefer not to say,Master's Degree,Employed
1611,32,59949,1.4,27,24.32,Female,Doctorate,Retired
1612,19,89037,4.38,27,57.22,Prefer not to say,Bachelor's Degree,Self-employed
1613,43,57163,3.59,18,22.61,Female,Bachelor's Degree,Student
1614,34,36241,1.12,47,71.84,Male,Master's Degree,Self-employed
1615,33,44493,3.86,36,68.03,Female,Master's Degree,Retired
1616,66,50473,4.45,48,42.13,Prefer not to say,Master's Degree,Employed
1617,37,44758,3.64,44,2.56,Female,Bachelor's Degree,Retired
1618,27,63545,1.12,29,2.27,Female,Master's Degree,Unemployed
1619,30,53262,4.43,38,53.28,Prefer not to say,Doctorate,Self-employed
1620,46,63617,3.93,35,83.92,Male,Doctorate,Unemployed
1621,36,45283,2.51,33,59.89,Female,Doctorate,Retired
1622,20,69882,2.31,49,43.57,Non-binary,Doctorate,Retired
1623,44,47502,2.92,65,88.21,Non-binary,High School,Unemployed
1624,28,35432,4.47,51,19.7,Male,Master's Degree,Employed
1625,53,82659,2.01,39,35.94,Male,Associate Degree,Employed
1626,45,22625,1.4,52,56.53,Prefer not to say,High School,Self-employed
1627,30,38918,4.46,57,29.17,Prefer not to say,Associate Degree,Unemployed
1628,47,40594,1.11,26,99.77,Female,Associate Degree,Self-employed
1629,35,87624,4.64,52,45.23,Male,High School,Self-employed
1630,43,77102,2.22,47,5.17,Female,Master's Degree,Student
1631,39,72408,3.03,51,17.61,Prefer not to say,High School,Self-employed
1632,26,45040,1.53,48,53.25,Female,Bachelor's Degree,Self-employed
1633,28,86392,4.61,37,55.01,Female,Doctorate,Student
1634,45,55525,4,60,98.41,Female,High School,Self-employed
1635,31,64658,4.7,43,60,Male,High School,Self-employed
1636,30,52695,3.73,35,66.66,Non-binary,Bachelor's Degree,Self-employed
1637,25,49258,1.74,45,21.37,Male,Doctorate,Unemployed
1638,39,46223,2.23,49,10.69,Female,Associate Degree,Student
1639,55,46855,2.95,40,60.2,Prefer not to say,Bachelor's Degree,Employed
1640,24,59127,3.43,43,86.49,Non-binary,Master's Degree,Self-employed
1641,35,55507,4.71,40,58.74,Female,High School,Unemployed
1642,49,49527,2.54,33,44.28,Female,High School,Unemployed
1643,34,72642,3.81,31,57.82,Prefer not to say,Bachelor's Degree,Unemployed
1644,39,20000,4.84,25,46.88,Female,High School,Student
1645,24,57648,1.61,55,14.19,Female,Doctorate,Student
1646,39,60766,4.45,37,74.12,Non-binary,Doctorate,Retired
1647,33,67204,2.68,10,53.3,Male,Bachelor's Degree,Self-employed
1648,44,49026,3.93,43,39.93,Prefer not to say,Bachelor's Degree,Employed
1649,46,53118,2.17,43,55.96,Prefer not to say,Bachelor's Degree,Employed
1650,60,64789,2.34,21,24.12,Prefer not to say,Master's Degree,Retired
1651,40,72367,1.11,31,42.8,Male,High School,Employed
1652,38,45491,4.89,31,62.24,Male,Associate Degree,Self-employed
1653,36,54004,4.25,32,22.62,Non-binary,Associate Degree,Employed
1654,31,75178,1.38,52,74.9,Non-binary,Associate Degree,Self-employed
1655,38,20000,5,38,52.1,Prefer not to say,Bachelor's Degree,Student
1656,32,39649,3.42,35,86.17,Male,Master's Degree,Student
1657,36,71987,4.41,51,84.72,Non-binary,Master's Degree,Self-employed
1658,48,66388,1.27,44,49.45,Female,Associate Degree,Self-employed
1659,24,57836,2.56,22,19.55,Male,Associate Degree,Student
1660,46,43271,3.68,33,73.66,Female,Master's Degree,Self-employed
1661,48,36772,1.43,43,41.87,Non-binary,Bachelor's Degree,Retired
1662,33,41131,2.96,30,59.46,Female,Bachelor's Degree,Student
1663,18,73220,2.77,60,10.73,Non-binary,Associate Degree,Employed
1664,28,40573,1.86,41,63.16,Prefer not to say,Doctorate,Student
1665,47,51521,2.2,32,37.36,Prefer not to say,Bachelor's Degree,Employed
1666,34,38694,4.87,28,33.42,Prefer not to say,Doctorate,Employed
1667,25,62641,2.15,49,97.99,Male,High School,Retired
1668,29,41919,1.85,33,43.24,Male,Bachelor's Degree,Student
1669,43,48536,3.14,43,67.8,Prefer not to say,Doctorate,Student
1670,40,24749,3.68,28,62.77,Male,High School,Retired
1671,32,25799,3.9,40,10.43,Non-binary,High School,Student
1672,31,50115,4.02,33,74.79,Female,Associate Degree,Employed
1673,31,30122,1.15,36,32.32,Non-binary,Doctorate,Self-employed
1674,25,81576,2.58,32,79.89,Prefer not to say,Associate Degree,Retired
1675,51,20000,4.1,50,60.76,Female,High School,Retired
1676,31,37997,4.62,35,31.71,Non-binary,Bachelor's Degree,Self-employed
1677,47,50250,3.41,38,35.63,Female,Bachelor's Degree,Employed
1678,50,44523,1.21,39,73.15,Male,Bachelor's Degree,Self-employed
1679,44,33437,2.59,56,55.01,Female,Doctorate,Student
1680,30,35631,1.3,48,66.84,Female,Master's Degree,Self-employed
1681,39,35140,3.99,47,15.83,Prefer not to say,Associate Degree,Retired
1682,34,45699,1.25,24,78.7,Male,Master's Degree,Unemployed
1683,25,79278,1.74,33,32.04,Non-binary,Master's Degree,Student
1684,38,51169,2.67,51,61.99,Prefer not to say,High School,Self-employed
1685,23,67743,2.85,28,11.47,Female,Associate Degree,Self-employed
1686,46,57604,2.63,40,32.14,Non-binary,High School,Employed
1687,30,66707,2.85,29,64.89,Female,Master's Degree,Student
1688,37,20000,3.85,30,27.42,Female,High School,Employed
1689,37,45433,2.48,56,88.03,Non-binary,High School,Retired
1690,32,69607,3.19,47,66.12,Female,Doctorate,Retired
1691,40,41423,2.21,49,87.03,Female,Associate Degree,Employed
1692,30,76437,2.41,47,39.54,Non-binary,Associate Degree,Student
1693,43,72258,3.46,38,3.4,Non-binary,Master's Degree,Employed
1694,21,42963,2.96,33,57.61,Prefer not to say,Bachelor's Degree,Employed
1695,36,42452,3.89,35,33.92,Non-binary,High School,Student
1696,54,34795,3.24,38,44.82,Prefer not to say,Associate Degree,Retired
1697,24,40556,4.21,57,68.11,Non-binary,Bachelor's Degree,Unemployed
1698,28,31511,2.77,26,70.07,Prefer not to say,Associate Degree,Employed
1699,40,56432,2.96,34,2.76,Prefer not to say,Master's Degree,Employed
1700,36,28159,3.68,30,76.93,Female,High School,Self-employed
1701,38,59055,1.88,50,49.35,Male,Doctorate,Student
1702,39,59421,2.54,58,55.67,Non-binary,Master's Degree,Self-employed
1703,41,25081,3.5,43,29.8,Non-binary,Master's Degree,Retired
1704,46,73247,1.12,43,42.08,Female,Master's Degree,Self-employed
1705,39,57704,2.75,40,71.04,Male,Bachelor's Degree,Student
1706,32,61245,3.4,44,77.67,Male,Master's Degree,Employed
1707,41,38620,4.87,47,38.71,Non-binary,Doctorate,Employed
1708,53,59335,4.51,44,69.11,Non-binary,High School,Unemployed
1709,33,66895,2.12,44,25.8,Prefer not to say,Associate Degree,Retired
1710,25,48520,3.03,47,83.2,Male,Bachelor's Degree,Employed
1711,46,80028,1.23,22,60.98,Male,Master's Degree,Self-employed
1712,33,50660,1.96,40,77.52,Prefer not to say,Associate Degree,Unemployed
1713,18,67111,4.1,43,47.72,Prefer not to say,Master's Degree,Unemployed
1714,43,54395,1.49,44,22.91,Non-binary,High School,Retired
1715,29,58782,2.03,38,42.92,Male,Doctorate,Unemployed
1716,34,24930,4.78,41,38.15,Female,Doctorate,Student
1717,38,55565,4.3,32,33.27,Prefer not to say,Bachelor's Degree,Self-employed
1718,36,38975,4.13,22,21.22,Male,Associate Degree,Unemployed
1719,42,37304,4.46,49,75.92,Male,Associate Degree,Employed
1720,30,76161,4,28,8.64,Male,Doctorate,Self-employed
1721,40,46793,1.48,38,88.76,Male,High School,Retired
1722,32,34950,3.07,32,17.5,Prefer not to say,Bachelor's Degree,Unemployed
1723,42,44613,2.78,55,97.99,Female,Master's Degree,Self-employed
1724,41,30493,2.24,39,98.85,Female,Bachelor's Degree,Employed
1725,25,71508,4.34,36,39.84,Prefer not to say,Doctorate,Unemployed
1726,45,39564,2.86,47,98.78,Male,Master's Degree,Retired
1727,29,57939,1.24,61,86.91,Prefer not to say,Bachelor's Degree,Retired
1728,43,70341,2.1,44,8.24,Prefer not to say,High School,Retired
1729,38,42497,1.91,36,94.73,Male,Associate Degree,Unemployed
1730,53,57980,4.55,46,4.25,Prefer not to say,Master's Degree,Unemployed
1731,32,34548,3.59,24,18.19,Prefer not to say,Bachelor's Degree,Unemployed
1732,31,86686,3.24,40,58.46,Male,High School,Employed
1733,34,64045,3.03,59,8.07,Female,Bachelor's Degree,Retired
1734,31,47110,3.6,41,16.17,Prefer not to say,Master's Degree,Self-employed
1735,42,38407,4.02,41,95.35,Non-binary,High School,Self-employed
1736,18,48290,3.22,40,99.47,Male,Associate Degree,Unemployed
1737,24,44900,4.75,36,79.81,Non-binary,High School,Retired
1738,24,79294,4.91,43,51.52,Prefer not to say,Bachelor's Degree,Retired
1739,44,31616,4.98,47,90.03,Female,Bachelor's Degree,Unemployed
1740,52,52022,3.68,36,11.19,Prefer not to say,Bachelor's Degree,Employed
1741,33,49724,4.73,15,94.29,Male,Bachelor's Degree,Self-employed
1742,33,48238,2.62,44,35.16,Female,Bachelor's Degree,Self-employed
1743,35,48370,4.44,61,86.15,Prefer not to say,Doctorate,Student
1744,46,48258,4.64,36,66.84,Male,High School,Unemployed
1745,25,63095,4.62,25,96.03,Non-binary,High School,Self-employed
1746,37,59134,4.32,46,86.47,Prefer not to say,High School,Self-employed
1747,44,56283,2.63,57,88.79,Non-binary,High School,Employed
1748,40,20000,1.64,45,63.18,Male,Master's Degree,Unemployed
1749,36,54496,2.34,57,83.32,Male,Bachelor's Degree,Unemployed
1750,45,25165,4.07,47,75.71,Non-binary,Doctorate,Self-employed
1751,18,59694,1.93,47,16.16,Female,Master's Degree,Self-employed
1752,41,72117,2.91,34,64.86,Prefer not to say,High School,Retired
1753,28,36106,3.26,42,14.82,Male,High School,Student
1754,18,46073,3.42,39,86.95,Female,Doctorate,Self-employed
1755,40,41009,4.74,39,6.59,Male,High School,Unemployed
1756,48,68531,3.65,37,98.7,Male,High School,Retired
1757,33,51425,4.15,42,40.06,Male,High School,Employed
1758,44,75924,3.33,27,17.06,Non-binary,High School,Unemployed
1759,51,56206,4.33,48,93.57,Non-binary,Master's Degree,Retired
1760,48,53636,2.05,31,4.54,Male,Master's Degree,Unemployed
1761,51,51023,1.84,37,47.01,Prefer not to say,Master's Degree,Unemployed
1762,42,62269,4.71,43,77.02,Female,High School,Unemployed
1763,35,23934,3.77,30,31.68,Male,Associate Degree,Self-employed
1764,18,51280,3.69,20,52.88,Female,Master's Degree,Self-employed
1765,32,48949,2.87,36,70.04,Male,Bachelor's Degree,Student
1766,26,60881,2.51,25,95.2,Female,Bachelor's Degree,Employed
1767,56,47184,3.22,47,10.27,Prefer not to say,Associate Degree,Employed
1768,33,34418,1.48,28,15.72,Female,Doctorate,Self-employed
1769,36,50110,2.82,54,50.89,Male,Bachelor's Degree,Unemployed
1770,40,33757,2.82,39,41.85,Prefer not to say,Doctorate,Unemployed
1771,35,21121,3.15,40,41.08,Male,Bachelor's Degree,Retired
1772,51,60906,3.54,20,29.7,Male,Associate Degree,Retired
1773,28,58685,4.83,41,56.07,Non-binary,Master's Degree,Retired
1774,36,57006,3.61,39,88.33,Female,Doctorate,Employed
1775,27,69543,4.53,27,16.09,Male,Doctorate,Employed
1776,21,40024,3.23,40,21.53,Prefer not to say,Associate Degree,Retired
1777,28,28533,3.51,36,67.08,Prefer not to say,Doctorate,Retired
1778,34,48949,1.28,37,5.62,Prefer not to say,Bachelor's Degree,Retired
1779,30,44787,1.53,40,67.38,Non-binary,Master's Degree,Employed
1780,28,37365,3.32,35,31.45,Male,High School,Self-employed
1781,20,48802,2.58,42,35.79,Prefer not to say,Associate Degree,Unemployed
1782,34,40825,4.2,39,40.55,Non-binary,Doctorate,Self-employed
1783,19,22459,3.17,44,34.96,Prefer not to say,Doctorate,Employed
1784,42,43382,4.53,34,84.12,Non-binary,Doctorate,Employed
1785,35,32954,4.89,29,94.61,Female,Doctorate,Retired
1786,20,53474,1.59,32,54.8,Male,Associate Degree,Self-employed
1787,31,40159,2.58,54,58.19,Prefer not to say,Bachelor's Degree,Employed
1788,27,66674,3.66,49,7.05,Non-binary,Bachelor's Degree,Student
1789,38,74057,2.22,52,71.32,Male,Master's Degree,Self-employed
1790,48,60190,2.07,52,58.41,Female,Master's Degree,Self-employed
1791,18,26734,4.25,35,5.04,Non-binary,High School,Employed
1792,36,72577,4.92,42,19.84,Prefer not to say,Bachelor's Degree,Unemployed
1793,33,73635,4.1,40,20.19,Male,Associate Degree,Employed
1794,41,50281,3.09,46,17.1,Female,Bachelor's Degree,Self-employed
1795,37,69843,2.77,37,65.86,Female,Bachelor's Degree,Student
1796,27,41724,3.16,40,92.84,Non-binary,Master's Degree,Self-employed
1797,31,22006,2.85,40,76.3,Female,Doctorate,Employed
1798,27,38595,3.01,45,47.74,Prefer not to say,Doctorate,Retired
1799,45,75939,1.81,46,40.41,Non-binary,Bachelor's Degree,Unemployed
1800,35,27633,4.61,40,38.65,Female,Bachelor's Degree,Self-employed
1801,54,49992,4.02,41,60.12,Male,Bachelor's Degree,Student
1802,34,50512,3.72,42,35.92,Prefer not to say,Bachelor's Degree,Student
1803,27,42305,4.8,56,22.61,Male,Master's Degree,Student
1804,19,43347,2.14,22,60.28,Female,Bachelor's Degree,Unemployed
1805,18,51083,1.32,30,39.07,Prefer not to say,Bachelor's Degree,Self-employed
1806,19,41567,4.3,46,1.41,Male,High School,Retired
1807,37,28669,4.99,42,2.22,Female,High School,Employed
1808,40,53225,3.31,42,27.41,Prefer not to say,Bachelor's Degree,Self-employed
1809,19,66100,1.24,46,51.24,Prefer not to say,Doctorate,Self-employed
1810,43,63043,4.12,42,35.42,Prefer not to say,Associate Degree,Retired
1811,30,37853,1.29,34,2.41,Female,High School,Unemployed
1812,36,31231,3.16,46,22.32,Female,Bachelor's Degree,Employed
1813,51,45737,2.11,40,9.64,Prefer not to say,High School,Employed
1814,43,73516,4.66,35,94.86,Prefer not to say,Bachelor's Degree,Employed
1815,32,59683,2.81,46,31.28,Prefer not to say,Doctorate,Self-employed
1816,26,60559,4.59,46,1.48,Female,Doctorate,Retired
1817,18,63347,2.2,42,66.06,Non-binary,High School,Retired
1818,27,56311,2.55,57,23.24,Male,Associate Degree,Unemployed
1819,32,51809,4.79,53,56.67,Male,Associate Degree,Retired
1820,25,59934,1.81,50,15.07,Male,Associate Degree,Retired
1821,33,41807,3.31,65,98.4,Non-binary,Associate Degree,Employed
1822,35,28783,2.55,38,97.03,Female,Master's Degree,Unemployed
1823,32,60844,4.1,35,65.6,Prefer not to say,Bachelor's Degree,Retired
1824,28,68566,1.52,48,70.72,Prefer not to say,Doctorate,Retired
1825,36,33226,2.75,37,42.59,Non-binary,Associate Degree,Retired
1826,39,62328,3.8,40,96.22,Male,Master's Degree,Retired
1827,24,75211,2.63,30,42.37,Female,Bachelor's Degree,Employed
1828,49,49966,1.23,46,23.95,Female,Master's Degree,Self-employed
1829,34,37729,3.82,25,11.54,Female,High School,Unemployed
1830,35,51845,3.01,39,20.81,Prefer not to say,High School,Self-employed
1831,42,41741,1.05,39,57.22,Male,Associate Degree,Employed
1832,37,40749,3.45,35,24.51,Male,High School,Self-employed
1833,44,56497,4.68,22,65.42,Non-binary,Bachelor's Degree,Retired
1834,37,25944,1.44,22,38.22,Male,Associate Degree,Unemployed
1835,28,28341,3.36,32,88.69,Prefer not to say,Master's Degree,Retired
1836,38,50289,3.91,45,55.85,Prefer not to say,Doctorate,Unemployed
1837,23,49665,1.28,42,62.26,Female,Doctorate,Self-employed
1838,36,55153,1.09,39,55.66,Female,Doctorate,Retired
1839,34,78128,2.86,31,88.56,Male,Bachelor's Degree,Employed
1840,32,51567,4.16,43,6.34,Female,Associate Degree,Retired
1841,33,58972,1.64,22,6.73,Female,High School,Student
1842,18,35367,4.35,16,70.17,Non-binary,Associate Degree,Employed
1843,29,61519,3.63,37,76.8,Female,Master's Degree,Unemployed
1844,35,42104,2.33,34,43.36,Female,Doctorate,Student
1845,36,51071,3.06,50,35.23,Male,Associate Degree,Retired
1846,24,48367,4.86,41,27.79,Male,Associate Degree,Retired
1847,47,65494,1.87,56,23.44,Female,High School,Retired
1848,26,30350,3,34,91.2,Non-binary,Master's Degree,Retired
1849,44,20000,3.5,44,29.51,Prefer not to say,Doctorate,Student
1850,39,46798,1.55,37,64.81,Prefer not to say,High School,Employed
1851,28,57027,1.17,53,78.71,Prefer not to say,Doctorate,Student
1852,52,52284,1.05,37,2.2,Non-binary,High School,Employed
1853,23,68483,2.3,48,3.39,Female,High School,Self-employed
1854,44,56560,1.3,29,33.31,Prefer not to say,Doctorate,Self-employed
1855,45,41542,4.22,35,69.6,Female,Master's Degree,Employed
1856,28,20000,4.99,39,26.08,Female,Bachelor's Degree,Employed
1857,48,46440,1.25,52,0.15,Female,Bachelor's Degree,Employed
1858,32,65419,2.73,18,28.81,Prefer not to say,Associate Degree,Self-employed
1859,37,44119,1.1,36,9.01,Non-binary,Associate Degree,Employed
1860,37,50424,1.54,36,21.94,Non-binary,Master's Degree,Employed
1861,33,56320,2.29,19,33.32,Non-binary,Bachelor's Degree,Student
1862,43,34770,2.57,35,12.81,Non-binary,Associate Degree,Unemployed
1863,42,59348,4.76,24,70.64,Female,Bachelor's Degree,Retired
1864,18,74556,2.58,16,25.59,Prefer not to say,Bachelor's Degree,Retired
1865,48,47407,2.99,37,66.11,Non-binary,Bachelor's Degree,Student
1866,18,33064,1.98,37,59.9,Non-binary,Associate Degree,Employed
1867,45,49000,1,37,89.8,Non-binary,Associate Degree,Unemployed
1868,46,20000,4.6,42,8.79,Male,Master's Degree,Student
1869,24,55053,1.33,31,21.46,Female,High School,Unemployed
1870,30,56784,4.86,57,86.52,Non-binary,Associate Degree,Self-employed
1871,23,75134,1.52,39,82.21,Female,Doctorate,Unemployed
1872,32,47090,3.42,52,19.21,Female,High School,Student
1873,31,56127,5,23,10.77,Female,Bachelor's Degree,Retired
1874,42,37080,1.55,31,85.62,Male,Master's Degree,Self-employed
1875,48,44653,2.7,46,17.81,Male,Doctorate,Unemployed
1876,48,27122,4.12,37,87.11,Non-binary,Doctorate,Retired
1877,29,47078,1.13,29,96.11,Female,High School,Unemployed
1878,32,45420,3.76,21,22.08,Male,Master's Degree,Unemployed
1879,18,54487,1.32,47,84.04,Prefer not to say,High School,Employed
1880,26,40646,1.95,46,42.38,Prefer not to say,Associate Degree,Retired
1881,44,51250,1.64,42,78.88,Female,Bachelor's Degree,Self-employed
1882,51,44999,4.63,35,40.74,Prefer not to say,Master's Degree,Self-employed
1883,22,45027,1.72,28,7.04,Non-binary,Associate Degree,Self-employed
1884,29,51205,1.16,39,71.27,Prefer not to say,Bachelor's Degree,Unemployed
1885,34,50607,3.35,26,15.07,Prefer not to say,Bachelor's Degree,Retired
1886,37,61417,2.38,32,92.7,Prefer not to say,Associate Degree,Self-employed
1887,26,48190,2.62,52,41.77,Female,Master's Degree,Self-employed
1888,39,44751,1.48,21,8.2,Male,Doctorate,Unemployed
1889,30,47287,3.99,46,22.85,Prefer not to say,High School,Student
1890,34,39280,3.41,54,86.25,Prefer not to say,Master's Degree,Self-employed
1891,40,44601,2.46,48,32.11,Female,Doctorate,Retired
1892,35,80467,1.69,43,85.63,Non-binary,Doctorate,Self-employed
1893,30,36309,3.37,35,17.23,Non-binary,Doctorate,Unemployed
1894,33,45820,4.11,33,46.82,Male,High School,Student
1895,34,44187,2.25,17,87.83,Female,High School,Student
1896,31,46292,1.1,40,4.84,Male,High School,Retired
1897,32,45031,1.86,35,30.43,Prefer not to say,Doctorate,Student
1898,50,54188,3.73,33,90.99,Male,Associate Degree,Self-employed
1899,40,24347,4.96,39,59.65,Male,High School,Employed
1900,32,65557,1.05,40,71.62,Prefer not to say,Doctorate,Unemployed
1901,41,59488,2.22,33,84.21,Male,Master's Degree,Self-employed
1902,31,31356,1.25,56,52.36,Male,Doctorate,Self-employed
1903,46,20000,2.27,47,84.54,Prefer not to say,High School,Unemployed
1904,38,35343,2.62,48,63.88,Prefer not to say,High School,Unemployed
1905,33,46360,4.68,38,68.57,Prefer not to say,High School,Self-employed
1906,39,88704,1.32,45,15.29,Male,Associate Degree,Student
1907,19,58148,4.11,31,93.9,Prefer not to say,Bachelor's Degree,Retired
1908,23,22886,2.58,46,79.61,Female,Associate Degree,Self-employed
1909,23,39655,4.25,37,25.42,Male,Master's Degree,Employed
1910,36,49201,3.05,29,58,Prefer not to say,High School,Self-employed
1911,52,53805,1.16,39,37.65,Male,Bachelor's Degree,Employed
1912,57,30278,4.78,37,66.04,Female,Master's Degree,Self-employed
1913,41,47975,1.33,63,99.37,Prefer not to say,Doctorate,Self-employed
1914,40,39235,3.39,44,4.57,Prefer not to say,Bachelor's Degree,Employed
1915,18,33443,4.51,55,95.25,Non-binary,Associate Degree,Retired
1916,29,53893,1.32,51,7.24,Female,High School,Employed
1917,27,61608,3.22,40,46.08,Female,Bachelor's Degree,Retired
1918,28,62615,4.3,35,48.21,Non-binary,Master's Degree,Retired
1919,33,58615,4.95,22,26.87,Female,Associate Degree,Employed
1920,30,42539,3.9,31,56.67,Prefer not to say,Master's Degree,Unemployed
1921,18,60718,2.11,46,83.4,Non-binary,Master's Degree,Employed
1922,42,54635,3.8,36,29.4,Male,High School,Unemployed
1923,24,52009,3.82,43,7.04,Prefer not to say,Bachelor's Degree,Self-employed
1924,37,40824,3.8,19,63.23,Female,Master's Degree,Unemployed
1925,55,42546,4.42,44,75.17,Non-binary,Associate Degree,Student
1926,25,51108,1.35,50,95.45,Male,Master's Degree,Self-employed
1927,18,86598,1.43,22,15.95,Non-binary,Master's Degree,Self-employed
1928,32,54518,3.56,43,90.14,Prefer not to say,Associate Degree,Unemployed
1929,46,40832,4.82,53,48.21,Prefer not to say,Doctorate,Unemployed
1930,54,37514,2.86,56,23.58,Non-binary,Master's Degree,Student
1931,22,42623,4.84,34,96.27,Non-binary,Associate Degree,Self-employed
1932,39,82659,4.75,47,23.84,Female,High School,Unemployed
1933,30,44011,4.61,54,73.34,Prefer not to say,Bachelor's Degree,Employed
1934,33,63603,4.64,44,78.49,Male,Associate Degree,Retired
1935,61,44361,4.59,52,43.05,Non-binary,Associate Degree,Retired
1936,19,53917,4.28,39,69,Male,Bachelor's Degree,Unemployed
1937,37,61876,3.78,43,57.25,Non-binary,Associate Degree,Student
1938,39,41421,1.1,33,19.2,Prefer not to say,Doctorate,Unemployed
1939,45,40383,1.53,38,75.99,Non-binary,High School,Student
1940,35,74883,1.54,44,92.8,Female,Doctorate,Self-employed
1941,38,64768,1.09,33,48.86,Male,Master's Degree,Employed
1942,31,61860,1.47,37,99.43,Non-binary,High School,Self-employed
1943,37,61809,4.68,47,42.8,Prefer not to say,Master's Degree,Employed
1944,31,56893,3.66,60,47.97,Non-binary,Bachelor's Degree,Student
1945,41,80266,2.25,19,67.39,Male,Associate Degree,Unemployed
1946,31,50658,4.17,59,18.58,Prefer not to say,Associate Degree,Unemployed
1947,38,58658,2.95,37,90.19,Non-binary,High School,Unemployed
1948,34,28236,1.57,49,80.13,Female,Associate Degree,Unemployed
1949,46,37625,4.54,51,87.24,Female,Associate Degree,Self-employed
1950,34,31987,2.35,55,60.96,Female,Master's Degree,Self-employed
1951,18,69110,3.8,32,88.37,Prefer not to say,Doctorate,Student
1952,47,20000,2.16,37,68,Non-binary,Associate Degree,Employed
1953,25,43965,3,39,51.16,Prefer not to say,Master's Degree,Employed
1954,28,20000,4.27,36,93.18,Female,Doctorate,Employed
1955,29,37530,1.63,53,43.97,Prefer not to say,Associate Degree,Unemployed
1956,48,42635,4.91,39,50.06,Non-binary,High School,Self-employed
1957,18,70773,1.28,23,16.95,Female,High School,Retired
1958,66,55949,3.14,33,94.77,Prefer not to say,High School,Retired
1959,45,37502,4.66,24,22.11,Male,Bachelor's Degree,Unemployed
1960,37,65989,4.78,37,20.14,Female,High School,Retired
1961,34,50267,1.93,46,10.12,Male,Associate Degree,Employed
1962,37,50563,1.58,33,45.34,Female,Associate Degree,Employed
1963,40,31959,3.9,35,27.36,Non-binary,High School,Student
1964,41,35149,1.17,37,74.08,Prefer not to say,High School,Unemployed
1965,40,37623,2.94,41,30.75,Male,Master's Degree,Student
1966,35,50696,4.19,45,72.08,Male,Doctorate,Employed
1967,33,51168,3.24,48,19.6,Prefer not to say,High School,Self-employed
1968,33,73161,1.75,62,23,Non-binary,Master's Degree,Unemployed
1969,33,55775,2.95,41,80.62,Male,Associate Degree,Student
1970,46,20000,4.69,47,37.11,Prefer not to say,High School,Student
1971,40,53939,3.47,24,11.18,Male,Master's Degree,Employed
1972,18,28249,3.89,36,96.14,Non-binary,Master's Degree,Student
1973,41,35510,2.35,37,17.74,Male,Doctorate,Employed
1974,36,37817,1.75,29,15.02,Male,Associate Degree,Self-employed
1975,34,40049,2.02,34,35.84,Non-binary,Doctorate,Student
1976,31,29372,3.13,38,9.56,Male,Doctorate,Employed
1977,46,53052,2.12,34,15.56,Prefer not to say,Doctorate,Employed
1978,44,28837,3.17,66,84.64,Non-binary,Associate Degree,Self-employed
1979,27,55350,3.83,45,17.15,Male,High School,Student
1980,39,83554,3.94,60,11.14,Non-binary,Doctorate,Self-employed
1981,25,30059,1.66,54,88,Female,Bachelor's Degree,Self-employed
1982,21,45732,4,33,44.38,Prefer not to say,Associate Degree,Self-employed
1983,28,20000,3.69,40,15.72,Male,Master's Degree,Student
1984,43,45485,1.05,35,58.15,Prefer not to say,Master's Degree,Retired
1985,44,59640,1.24,38,4.15,Male,Associate Degree,Employed
1986,40,60809,3.58,30,42.74,Female,Master's Degree,Employed
1987,42,51160,2.53,35,59.03,Female,Associate Degree,Self-employed
1988,40,63338,1.58,43,95.71,Prefer not to say,High School,Self-employed
1989,28,88190,1.18,43,32.65,Prefer not to say,Associate Degree,Retired
1990,39,75684,1.64,42,76.51,Non-binary,High School,Unemployed
1991,43,42162,4.83,39,13.27,Male,Associate Degree,Employed
1992,42,28233,3.91,48,43.36,Male,Doctorate,Unemployed
1993,46,43907,3.11,37,22.31,Prefer not to say,Bachelor's Degree,Self-employed
1994,42,35795,4.77,53,49.25,Non-binary,High School,Employed
1995,38,56770,3.48,21,41.72,Female,Bachelor's Degree,Employed
1996,45,32282,3.9,46,97.98,Male,Master's Degree,Self-employed
1997,34,48907,2.13,44,91.75,Female,High School,Unemployed
1998,26,62570,3.36,33,58.22,Non-binary,Master's Degree,Unemployed
1999,33,48489,1.57,36,17.65,Male,Doctorate,Student
2000,27,35805,2.62,44,55.7,Non-binary,Doctorate,Student
2001,28,67622,1.13,49,79.21,Non-binary,High School,Retired
2002,33,21815,1.87,22,3.8,Male,High School,Retired
2003,27,45083,1.3,46,43.4,Female,Bachelor's Degree,Unemployed
2004,31,49375,2.55,35,4.26,Female,Master's Degree,Self-employed
2005,18,50238,4.37,51,24.4,Non-binary,Bachelor's Degree,Unemployed
2006,37,52707,2.51,21,9.21,Prefer not to say,High School,Employed
2007,35,59156,4.33,64,96.06,Non-binary,Bachelor's Degree,Student
2008,26,49468,3.63,31,16.88,Female,High School,Student
2009,41,44479,3.04,54,15.01,Non-binary,Associate Degree,Unemployed
2010,44,43886,1.95,39,97.21,Non-binary,Master's Degree,Employed
2011,18,40827,4.69,31,51.6,Male,Doctorate,Unemployed
2012,27,61813,1.22,42,75.8,Non-binary,Doctorate,Unemployed
2013,27,40302,3.76,50,32.73,Prefer not to say,Bachelor's Degree,Unemployed
2014,25,62701,3.48,24,53.29,Prefer not to say,Doctorate,Employed
2015,43,50284,2.76,47,0.69,Prefer not to say,Associate Degree,Student
2016,33,42181,1.96,39,40.88,Prefer not to say,Associate Degree,Self-employed
2017,32,59276,2.72,45,55.51,Non-binary,Bachelor's Degree,Retired
2018,18,39088,4.49,40,51.44,Prefer not to say,Doctorate,Employed
2019,41,59572,4.35,34,40.58,Prefer not to say,Doctorate,Student
2020,22,53190,4.77,28,78.79,Male,High School,Unemployed
2021,35,41055,2.23,46,50.16,Female,Bachelor's Degree,Self-employed
2022,37,57929,2.55,46,63.61,Male,High School,Retired
2023,48,58198,1.07,46,18.46,Prefer not to say,Associate Degree,Retired
2024,21,67362,4.77,44,86.15,Female,Bachelor's Degree,Employed
2025,18,64492,2.32,49,36.28,Male,High School,Unemployed
2026,36,57369,2.62,54,48.21,Non-binary,Associate Degree,Unemployed
2027,53,33086,4.63,21,35.22,Female,Doctorate,Self-employed
2028,47,86728,3.11,16,89.19,Male,Bachelor's Degree,Retired
2029,37,28945,3.26,57,90.07,Male,High School,Employed
2030,30,64238,1.7,26,22.43,Prefer not to say,Master's Degree,Unemployed
2031,43,56469,2.99,29,75.27,Female,Doctorate,Retired
2032,25,32387,4.67,37,10.29,Prefer not to say,High School,Retired
2033,39,48135,3.23,23,2.99,Female,High School,Student
2034,40,48818,2.02,36,83.66,Prefer not to say,Bachelor's Degree,Self-employed
2035,45,69583,1.12,30,13.12,Female,Master's Degree,Unemployed
2036,62,39300,2.35,37,15.48,Female,Doctorate,Student
2037,38,46070,3.29,42,60.66,Male,Doctorate,Self-employed
2038,29,20000,1.17,36,81.68,Prefer not to say,Bachelor's Degree,Student
2039,34,76021,3.44,36,18.96,Female,Bachelor's Degree,Unemployed
2040,18,33942,3.09,42,11.42,Female,Bachelor's Degree,Employed
2041,28,54903,4.13,50,7.73,Female,Master's Degree,Student
2042,30,48478,1.12,56,2.48,Non-binary,Bachelor's Degree,Student
2043,29,48529,4.12,37,11.65,Female,Master's Degree,Retired
2044,36,62147,3.08,58,94.27,Non-binary,Master's Degree,Unemployed
2045,26,75068,2.48,48,9.53,Female,Associate Degree,Student
2046,46,53772,4.86,27,59.76,Female,Bachelor's Degree,Employed
2047,35,59826,1.64,27,92.1,Male,Bachelor's Degree,Student
2048,34,54933,3.17,34,62.78,Male,Doctorate,Self-employed
2049,31,65262,2.28,54,3.27,Male,Bachelor's Degree,Employed
2050,36,43056,3.11,34,59.64,Male,Master's Degree,Employed
2051,43,66130,3.21,21,90.31,Prefer not to say,Bachelor's Degree,Student
2052,26,66657,1.36,37,32.26,Female,High School,Student
2053,28,66238,3.64,20,31.36,Non-binary,Doctorate,Retired
2054,31,40097,3.54,29,24.89,Female,High School,Unemployed
2055,21,47474,4.08,34,50.55,Female,Master's Degree,Retired
2056,26,53592,1.36,41,23.79,Female,High School,Self-employed
2057,30,29437,2.19,50,72.38,Male,Master's Degree,Unemployed
2058,43,73923,3.6,46,64.49,Female,Doctorate,Retired
2059,37,49815,1.55,28,40.08,Female,Associate Degree,Retired
2060,36,54258,3.71,36,72.26,Prefer not to say,High School,Student
2061,43,41344,1.24,40,9.85,Prefer not to say,Doctorate,Retired
2062,33,30096,2.34,37,74.95,Non-binary,Associate Degree,Student
2063,38,40939,4.39,37,60.29,Prefer not to say,Master's Degree,Employed
2064,33,53288,4.1,22,63.01,Male,Master's Degree,Unemployed
2065,37,60101,3.58,28,6.47,Prefer not to say,Associate Degree,Student
2066,29,52426,4.48,35,61.81,Non-binary,Doctorate,Retired
2067,18,55200,3.84,10,49.41,Non-binary,Associate Degree,Student
2068,33,44944,3.08,46,48.59,Prefer not to say,High School,Employed
2069,49,57443,4.92,26,32.19,Female,Associate Degree,Self-employed
2070,44,72242,3.78,46,0.76,Non-binary,Bachelor's Degree,Self-employed
2071,44,60571,3.41,45,42.26,Prefer not to say,High School,Employed
2072,47,62143,2.64,34,40.09,Prefer not to say,Doctorate,Retired
2073,35,54410,4.61,50,42.28,Prefer not to say,High School,Unemployed
2074,36,27452,2.18,47,61.2,Non-binary,Master's Degree,Unemployed
2075,28,34330,1.04,36,29.99,Female,Master's Degree,Student
2076,31,56823,1.79,35,26.94,Male,Master's Degree,Self-employed
2077,41,49835,1.44,50,49.78,Prefer not to say,High School,Employed
2078,47,56597,2.28,42,59.23,Female,Master's Degree,Retired
2079,33,75146,4.3,50,56.73,Male,Doctorate,Employed
2080,30,60890,3.61,16,88.16,Prefer not to say,Doctorate,Self-employed
2081,35,68883,1.68,40,76.91,Non-binary,High School,Employed
2082,41,51420,4.16,24,5.22,Male,Associate Degree,Employed
2083,20,37891,3.02,39,56.35,Female,Associate Degree,Employed
2084,18,49132,3.05,47,41.78,Male,Doctorate,Student
2085,29,37928,2.45,57,36.11,Female,High School,Retired
2086,22,73374,4.46,30,95.79,Female,Doctorate,Unemployed
2087,29,61855,2.27,34,45.68,Female,Master's Degree,Retired
2088,33,57807,1.38,39,71.94,Prefer not to say,Master's Degree,Self-employed
2089,30,68539,2.21,30,96.71,Male,Doctorate,Unemployed
2090,49,20000,3.86,49,15.1,Non-binary,Master's Degree,Student
2091,38,58822,3.63,39,5.46,Prefer not to say,Bachelor's Degree,Unemployed
2092,38,30340,1.75,41,31.36,Non-binary,Bachelor's Degree,Unemployed
2093,41,49891,1.45,46,4.44,Non-binary,Bachelor's Degree,Unemployed
2094,23,45324,3.64,39,11.68,Male,Associate Degree,Employed
2095,45,59926,3.71,31,99.17,Prefer not to say,Associate Degree,Self-employed
2096,34,53422,2.46,39,96.02,Male,High School,Student
2097,41,70176,4.37,31,69.13,Prefer not to say,Associate Degree,Self-employed
2098,24,40971,4.91,41,75.3,Prefer not to say,Doctorate,Employed
2099,19,60636,1.82,49,14.05,Male,High School,Student
2100,43,52433,3.31,28,59.52,Prefer not to say,High School,Employed
2101,38,25470,1.02,24,15.44,Male,Doctorate,Student
2102,25,36220,3.85,40,37.84,Female,Bachelor's Degree,Student
2103,26,47751,2.66,32,34.53,Female,Associate Degree,Retired
2104,46,66684,1.77,40,61.4,Non-binary,High School,Employed
2105,23,56955,4.01,43,7.97,Male,Bachelor's Degree,Self-employed
2106,51,32487,4.24,18,10.35,Non-binary,Master's Degree,Employed
2107,25,47895,1.44,46,60.99,Prefer not to say,Bachelor's Degree,Employed
2108,41,80267,1.16,28,63.61,Female,Bachelor's Degree,Employed
2109,31,51668,2.34,39,33.99,Male,Associate Degree,Retired
2110,41,45090,3.5,33,14.69,Non-binary,Master's Degree,Retired
2111,29,57376,4.17,34,88.61,Prefer not to say,High School,Retired
2112,33,61450,3.18,56,5.29,Prefer not to say,Doctorate,Retired
2113,35,43157,3.32,43,71.74,Male,High School,Employed
2114,24,57538,4.2,49,14,Prefer not to say,Associate Degree,Self-employed
2115,42,45066,3.12,41,63.74,Non-binary,High School,Unemployed
2116,29,60789,3.44,46,66.37,Male,Associate Degree,Employed
2117,32,52545,3.06,44,80.43,Non-binary,Associate Degree,Self-employed
2118,25,57229,4.52,42,39.5,Male,High School,Unemployed
2119,18,38612,1.94,51,2.18,Non-binary,Doctorate,Unemployed
2120,33,37680,2.06,41,81.1,Prefer not to say,Doctorate,Retired
2121,59,64182,1.51,62,44.41,Female,High School,Unemployed
2122,42,48809,4.28,49,84.71,Prefer not to say,Master's Degree,Self-employed
2123,34,54275,2.65,28,77.6,Prefer not to say,Bachelor's Degree,Retired
2124,32,45404,2.39,38,49.83,Non-binary,Doctorate,Employed
2125,35,63480,4.93,43,99.94,Non-binary,Associate Degree,Employed
2126,40,40882,4.71,40,46.21,Female,Doctorate,Retired
2127,23,47965,4.89,46,69.65,Female,Master's Degree,Retired
2128,46,61789,1.57,47,66.98,Non-binary,High School,Unemployed
2129,42,67594,4.57,26,51.81,Prefer not to say,Master's Degree,Unemployed
2130,42,42143,2.31,52,58.54,Male,Bachelor's Degree,Self-employed
2131,39,79395,1.05,35,79.86,Female,Doctorate,Retired
2132,35,54698,2.57,34,57.16,Prefer not to say,Associate Degree,Employed
2133,41,34356,3.04,34,45.01,Male,Associate Degree,Self-employed
2134,40,55535,1.43,48,66.21,Prefer not to say,Master's Degree,Employed
2135,31,44255,3.15,37,3.55,Female,High School,Employed
2136,29,56511,4.28,33,10.92,Non-binary,Bachelor's Degree,Self-employed
2137,36,49357,2.51,35,12.54,Non-binary,High School,Employed
2138,50,51114,2.41,22,42.58,Female,Doctorate,Retired
2139,22,36326,2.36,31,87.18,Non-binary,Master's Degree,Retired
2140,20,64850,4.69,27,64.33,Male,Master's Degree,Self-employed
2141,36,32658,1.2,37,97.26,Prefer not to say,Associate Degree,Employed
2142,35,33368,2.78,46,3.99,Non-binary,Doctorate,Employed
2143,36,55510,2.06,45,72.2,Non-binary,Associate Degree,Unemployed
2144,37,74042,4.58,52,31.42,Non-binary,High School,Student
2145,32,44711,1.38,50,2.33,Female,Master's Degree,Self-employed
2146,49,60514,2.65,34,82.59,Female,Master's Degree,Employed
2147,18,66100,2.63,40,16.27,Non-binary,Bachelor's Degree,Self-employed
2148,26,62220,4.55,39,21.41,Female,High School,Unemployed
2149,33,45331,1.86,18,34.05,Prefer not to say,Doctorate,Self-employed
2150,18,33634,3.58,27,78.84,Male,Bachelor's Degree,Retired
2151,33,20000,1.54,38,62.46,Prefer not to say,Master's Degree,Employed
2152,51,46057,4.82,38,26.49,Prefer not to say,Doctorate,Unemployed
2153,35,67671,3.37,45,16.85,Male,Associate Degree,Retired
2154,37,33137,3.51,44,10.95,Male,High School,Student
2155,22,60503,2.74,22,14.98,Prefer not to say,Associate Degree,Student
2156,28,35747,2.37,45,86.81,Male,Master's Degree,Self-employed
2157,31,51591,1.85,41,92.27,Prefer not to say,Bachelor's Degree,Employed
2158,31,60616,3.42,46,96.8,Non-binary,Associate Degree,Student
2159,47,40107,4.82,50,83.47,Female,Master's Degree,Unemployed
2160,40,52557,2.44,38,88.74,Male,Associate Degree,Employed
2161,23,43773,4.53,52,81.61,Non-binary,High School,Unemployed
2162,37,60577,1.6,31,95.81,Male,Associate Degree,Unemployed
2163,39,53529,4.74,30,84.57,Female,High School,Unemployed
2164,46,50847,2.4,44,46.2,Female,High School,Student
2165,50,73375,2.52,36,32.33,Female,Doctorate,Self-employed
2166,24,59934,2.85,42,58.42,Male,Bachelor's Degree,Student
2167,26,39644,3.87,59,60.82,Prefer not to say,Associate Degree,Student
2168,22,48712,3.88,43,57.49,Male,Master's Degree,Self-employed
2169,32,48861,2.92,42,70.67,Male,Doctorate,Retired
2170,39,51204,3.09,31,69.9,Non-binary,Bachelor's Degree,Unemployed
2171,44,87867,1.12,23,8.72,Non-binary,Doctorate,Retired
2172,34,55562,2.22,39,28.55,Prefer not to say,Associate Degree,Unemployed
2173,31,20000,2.38,50,88.99,Female,Associate Degree,Retired
2174,36,41858,3.23,36,59,Female,Associate Degree,Unemployed
2175,26,21014,3.23,44,32.85,Male,Bachelor's Degree,Self-employed
2176,55,45053,3.84,54,85.05,Female,Doctorate,Self-employed
2177,18,20190,3.87,54,24.9,Prefer not to say,Master's Degree,Self-employed
2178,36,36926,1.94,44,40.92,Female,Doctorate,Employed
2179,55,27189,4.08,41,27.63,Non-binary,Bachelor's Degree,Unemployed
2180,35,55762,1.08,24,87.13,Female,High School,Self-employed
2181,33,50008,3.86,33,72.83,Male,High School,Retired
2182,31,54544,1.41,37,46.02,Non-binary,High School,Employed
2183,33,48431,3.92,31,93.23,Prefer not to say,Master's Degree,Employed
2184,48,29085,3.11,42,92.74,Male,Bachelor's Degree,Self-employed
2185,18,57702,2.75,59,71.15,Male,Bachelor's Degree,Student
2186,50,78833,3.76,55,89.2,Non-binary,High School,Self-employed
2187,20,56138,1.15,42,71.94,Male,Bachelor's Degree,Student
2188,32,43611,1.89,47,62.82,Female,Bachelor's Degree,Self-employed
2189,30,28578,3.47,32,42.08,Female,Associate Degree,Unemployed
2190,40,36378,4.39,54,27.35,Non-binary,Master's Degree,Retired
2191,19,56795,2.52,24,6.03,Female,Bachelor's Degree,Student
2192,39,66096,2.04,49,80.09,Male,High School,Student
2193,55,53912,3.07,44,12.22,Non-binary,Doctorate,Employed
2194,21,61998,3.49,32,41.03,Non-binary,Doctorate,Student
2195,36,60615,2.68,37,23.46,Prefer not to say,Master's Degree,Unemployed
2196,28,57598,4.51,28,45.46,Male,Bachelor's Degree,Retired
2197,39,40122,3.09,29,31.5,Male,Associate Degree,Student
2198,35,52608,1.14,24,82.97,Prefer not to say,Bachelor's Degree,Employed
2199,28,37274,1.89,47,97.82,Prefer not to say,High School,Retired
2200,39,50261,2.8,52,94.16,Male,Bachelor's Degree,Student
2201,53,54962,3.79,18,62.24,Prefer not to say,Doctorate,Unemployed
2202,33,75181,1.88,58,97.93,Non-binary,Doctorate,Unemployed
2203,42,30354,4.91,39,40.07,Non-binary,Master's Degree,Retired
2204,22,57222,2.27,42,52.25,Male,High School,Employed
2205,25,72218,3.13,25,25.68,Non-binary,Master's Degree,Unemployed
2206,39,61382,1.08,53,89.8,Male,Bachelor's Degree,Self-employed
2207,49,62494,4.54,42,17.97,Prefer not to say,Associate Degree,Self-employed
2208,38,58815,4.16,51,61.05,Female,Master's Degree,Student
2209,31,69475,1.78,52,79.95,Non-binary,Doctorate,Unemployed
2210,34,33687,4.73,53,59.54,Non-binary,High School,Self-employed
2211,22,29211,2.26,33,7.88,Prefer not to say,Bachelor's Degree,Student
2212,41,49904,3.77,37,61.14,Non-binary,High School,Student
2213,43,20000,4.28,33,76.71,Male,High School,Student
2214,30,68459,3.96,48,18.78,Non-binary,High School,Employed
2215,30,68310,4.67,43,73.7,Prefer not to say,Doctorate,Student
2216,37,43499,4.46,50,87.86,Male,Associate Degree,Employed
2217,30,44438,4.98,51,98.65,Non-binary,Master's Degree,Self-employed
2218,34,48914,1.73,22,41.01,Non-binary,Doctorate,Student
2219,55,50780,2.22,53,2.52,Non-binary,Associate Degree,Self-employed
2220,32,51907,3.54,49,41.91,Non-binary,Bachelor's Degree,Unemployed
2221,31,58373,3.93,36,66.02,Female,Master's Degree,Employed
2222,28,47410,3.14,43,89.14,Female,Associate Degree,Self-employed
2223,42,64147,1.3,38,93.81,Prefer not to say,Bachelor's Degree,Student
2224,33,56689,4.37,46,90.96,Female,Master's Degree,Self-employed
2225,28,40895,4.84,36,65.8,Prefer not to say,Bachelor's Degree,Student
2226,48,70026,2.62,44,68.25,Male,Doctorate,Retired
2227,49,29626,1.9,40,0.24,Female,Bachelor's Degree,Employed
2228,28,48617,1.08,35,36.37,Male,High School,Unemployed
2229,18,64503,1.95,41,90.69,Female,Doctorate,Self-employed
2230,45,39153,3.8,67,68.96,Prefer not to say,Bachelor's Degree,Self-employed
2231,28,54643,4.65,33,46.79,Male,Doctorate,Retired
2232,42,58150,1.37,37,10.43,Non-binary,Master's Degree,Student
2233,18,37092,3.21,33,24.63,Non-binary,High School,Unemployed
2234,43,48912,3.78,34,55.49,Female,High School,Student
2235,22,47652,2.11,48,89.75,Male,Bachelor's Degree,Student
2236,42,41723,3.28,47,9.58,Prefer not to say,Master's Degree,Self-employed
2237,35,84525,3.86,39,15.38,Prefer not to say,Doctorate,Self-employed
2238,25,38553,4.35,50,65.5,Non-binary,Bachelor's Degree,Self-employed
2239,30,65073,2.81,47,29.41,Non-binary,Associate Degree,Employed
2240,41,44107,3.99,38,16.97,Female,Bachelor's Degree,Employed
2241,36,33700,2.21,24,17.84,Prefer not to say,Associate Degree,Self-employed
2242,40,51542,1.85,48,49.26,Male,High School,Student
2243,54,59736,1.75,41,58.37,Non-binary,Bachelor's Degree,Unemployed
2244,19,63807,2.44,40,90.43,Male,Bachelor's Degree,Unemployed
2245,51,73433,1.14,35,52.98,Prefer not to say,High School,Student
2246,36,94178,2.13,47,69.13,Male,Doctorate,Retired
2247,26,53757,3.61,43,18.07,Prefer not to say,Bachelor's Degree,Student
2248,21,40053,3.59,37,71.35,Prefer not to say,Master's Degree,Unemployed
2249,33,56793,1.29,27,64.87,Male,High School,Retired
2250,44,46006,2.15,50,21.62,Male,Doctorate,Retired
2251,33,63889,3.28,46,66.94,Male,High School,Unemployed
2252,50,30542,2.27,42,21.15,Prefer not to say,High School,Retired
2253,20,85525,2.67,13,59.36,Female,Doctorate,Employed
2254,34,62840,3.85,39,66.88,Prefer not to say,Doctorate,Self-employed
2255,22,24739,1.04,37,69.34,Prefer not to say,Doctorate,Retired
2256,38,39364,2.11,33,90.93,Female,Master's Degree,Retired
2257,43,62241,1.57,47,94.78,Non-binary,Associate Degree,Employed
2258,30,67645,1.51,47,81.02,Male,High School,Employed
2259,18,30916,4.84,44,87.87,Male,Bachelor's Degree,Student
2260,36,60695,2.51,50,1.93,Non-binary,Associate Degree,Unemployed
2261,39,20789,3.11,29,36.27,Male,Bachelor's Degree,Student
2262,39,48659,3.94,35,3.97,Prefer not to say,Bachelor's Degree,Unemployed
2263,47,66680,1.19,40,22.48,Non-binary,Bachelor's Degree,Employed
2264,24,41727,1.96,33,38.17,Female,Master's Degree,Self-employed
2265,41,27396,4.33,47,86.76,Prefer not to say,Master's Degree,Unemployed
2266,46,52193,4.45,34,51.18,Prefer not to say,Associate Degree,Unemployed
2267,18,40929,2.49,52,64.89,Prefer not to say,Doctorate,Employed
2268,38,59443,2.5,30,36.28,Prefer not to say,Master's Degree,Retired
2269,29,36720,4.03,61,60.29,Male,High School,Student
2270,34,38410,2.18,60,81.55,Prefer not to say,Associate Degree,Self-employed
2271,38,20000,1.47,39,30.12,Male,High School,Unemployed
2272,30,52549,2.03,51,93.23,Male,Bachelor's Degree,Retired
2273,28,47586,2.55,35,21.33,Male,High School,Employed
2274,35,32174,1.21,50,91.93,Male,Master's Degree,Unemployed
2275,24,52906,2.91,38,2.83,Female,High School,Retired
2276,24,65406,3.96,27,54.28,Male,Bachelor's Degree,Student
2277,41,46766,3.05,10,98.52,Male,Bachelor's Degree,Employed
2278,23,54022,1.29,37,60.98,Non-binary,Master's Degree,Retired
2279,41,54099,2.76,42,55.49,Female,Associate Degree,Retired
2280,39,31935,3.84,53,68.25,Prefer not to say,Doctorate,Unemployed
2281,18,80848,1.23,40,28.93,Male,Associate Degree,Student
2282,28,42937,1.24,50,5.39,Male,Doctorate,Employed
2283,46,59841,2.48,35,25.11,Female,Master's Degree,Employed
2284,25,61538,1.78,36,17.62,Non-binary,Master's Degree,Student
2285,30,47906,4.74,50,92.36,Prefer not to say,Master's Degree,Self-employed
2286,39,59101,3.33,15,85.23,Prefer not to say,Bachelor's Degree,Unemployed
2287,42,53687,2.15,40,31.77,Female,Associate Degree,Retired
2288,32,28735,3.82,36,83.61,Female,Doctorate,Unemployed
2289,29,45015,2.5,53,21.18,Non-binary,Associate Degree,Student
2290,49,40811,1.53,34,19.96,Female,Doctorate,Retired
2291,52,43073,1.95,45,76.75,Non-binary,High School,Self-employed
2292,44,30439,3.57,49,32.69,Non-binary,Associate Degree,Student
2293,35,66896,1.21,25,6.48,Male,High School,Unemployed
2294,26,74029,2.09,38,72,Prefer not to say,Master's Degree,Retired
2295,26,64670,1.83,35,98.96,Prefer not to say,Bachelor's Degree,Employed
2296,40,69057,1.8,49,56.6,Male,Bachelor's Degree,Retired
2297,39,44830,3.73,46,26.37,Prefer not to say,Associate Degree,Retired
2298,49,40456,4.3,37,37.29,Female,High School,Student
2299,41,38321,3.86,29,64.86,Male,High School,Self-employed
2300,19,59660,3.58,50,70.14,Non-binary,Doctorate,Retired
2301,45,53405,4.67,39,88.63,Non-binary,Associate Degree,Retired
2302,25,48841,1.23,23,90.88,Female,Associate Degree,Self-employed
2303,31,69427,1.67,24,86.13,Prefer not to say,High School,Self-employed
2304,37,56074,2.66,44,64.85,Female,High School,Retired
2305,54,37420,2.49,27,44.99,Male,Bachelor's Degree,Employed
2306,66,39786,2.67,58,67.93,Female,Associate Degree,Employed
2307,41,60229,1.83,30,66.66,Female,Bachelor's Degree,Employed
2308,33,65625,1.6,39,21.8,Female,Master's Degree,Student
2309,40,58275,3.04,41,50.76,Non-binary,Master's Degree,Student
2310,43,78453,4.71,32,20.82,Male,High School,Employed
2311,31,74525,2.57,17,89.91,Prefer not to say,Doctorate,Employed
2312,52,56615,1.17,41,32.32,Non-binary,High School,Employed
2313,37,37421,3.82,32,80.54,Non-binary,Associate Degree,Self-employed
2314,39,30350,2.16,41,37.72,Female,High School,Unemployed
2315,41,44189,1.98,38,76.37,Non-binary,Bachelor's Degree,Student
2316,39,61298,2.3,42,22.09,Male,High School,Student
2317,43,77399,3.9,55,76.37,Male,Bachelor's Degree,Student
2318,28,56261,4.28,34,17.95,Prefer not to say,Master's Degree,Unemployed
2319,29,67530,3.35,35,49.08,Male,Bachelor's Degree,Retired
2320,23,46320,2.29,23,11.36,Non-binary,Associate Degree,Student
2321,39,59341,2.24,38,52.79,Prefer not to say,High School,Retired
2322,42,62350,1.5,44,82.07,Non-binary,Associate Degree,Self-employed
2323,39,20306,4.73,35,75.55,Non-binary,Bachelor's Degree,Employed
2324,51,43798,3.55,44,5.07,Male,Bachelor's Degree,Employed
2325,34,64245,1.11,38,49.22,Male,Bachelor's Degree,Self-employed
2326,41,54117,3.65,26,85.22,Prefer not to say,Bachelor's Degree,Employed
2327,24,32052,2.79,43,65.01,Male,Bachelor's Degree,Self-employed
2328,31,20000,4.89,37,5.92,Non-binary,High School,Employed
2329,41,44513,4.28,41,32.56,Prefer not to say,Doctorate,Self-employed
2330,43,48926,1.69,34,55.66,Prefer not to say,Associate Degree,Self-employed
2331,32,36741,3.88,33,17.27,Prefer not to say,Master's Degree,Employed
2332,34,52146,2.94,41,68.19,Male,Master's Degree,Retired
2333,19,57595,1.75,37,63.48,Prefer not to say,Associate Degree,Student
2334,31,60060,3.79,57,20.24,Male,High School,Student
2335,43,20000,3.19,47,55.04,Female,Associate Degree,Unemployed
2336,40,30285,1.12,45,81.17,Prefer not to say,Bachelor's Degree,Unemployed
2337,40,45430,3.59,38,37.48,Non-binary,Doctorate,Employed
2338,35,58582,3.54,19,24.7,Non-binary,Associate Degree,Student
2339,35,57338,1.58,31,70.12,Prefer not to say,High School,Unemployed
2340,28,57078,2.4,33,7.08,Male,Bachelor's Degree,Student
2341,41,44248,3.34,37,83.27,Female,Associate Degree,Self-employed
2342,39,45085,1.56,39,94.35,Female,Associate Degree,Retired
2343,39,39075,4.41,46,96.48,Male,Bachelor's Degree,Self-employed
2344,29,61522,1.11,42,43.25,Prefer not to say,High School,Unemployed
2345,18,36192,1.41,51,62.32,Female,Doctorate,Unemployed
2346,45,62750,1.46,36,85.74,Male,Doctorate,Employed
2347,30,53117,3.11,42,22.34,Non-binary,Bachelor's Degree,Retired
2348,26,49324,3.48,43,2.77,Prefer not to say,Master's Degree,Retired
2349,41,40149,2.61,42,38.46,Female,High School,Student
2350,31,29666,2.15,52,88.44,Prefer not to say,Master's Degree,Employed
2351,45,40285,4.24,48,50.51,Prefer not to say,Master's Degree,Retired
2352,41,45049,1.27,26,53.02,Prefer not to say,Master's Degree,Unemployed
2353,41,20000,2.12,38,69.15,Prefer not to say,High School,Self-employed
2354,21,47039,1.16,39,57.45,Female,Master's Degree,Self-employed
2355,47,63865,1.06,61,5.45,Female,Bachelor's Degree,Retired
2356,37,58508,2.41,36,56.09,Male,Associate Degree,Self-employed
2357,31,42556,1.78,30,64.8,Non-binary,Bachelor's Degree,Unemployed
2358,36,50704,2.07,44,64.16,Female,Associate Degree,Student
2359,18,41657,4.28,44,72.83,Non-binary,Doctorate,Unemployed
2360,39,52231,1.65,39,51.99,Non-binary,Master's Degree,Retired
2361,24,73101,4.12,37,90.01,Female,Doctorate,Unemployed
2362,21,64527,3.7,49,46.43,Non-binary,Doctorate,Unemployed
2363,19,57811,2.31,31,51.82,Male,High School,Self-employed
2364,46,42606,3.19,36,78.03,Male,Master's Degree,Student
2365,28,61249,2.78,34,83.32,Male,Doctorate,Employed
2366,50,24696,1.51,50,64.84,Non-binary,Associate Degree,Retired
2367,29,46214,4.63,42,12.64,Prefer not to say,Associate Degree,Retired
2368,18,58755,3.28,29,33.2,Prefer not to say,High School,Unemployed
2369,23,61106,4.52,30,2.02,Male,Doctorate,Self-employed
2370,47,60048,4.3,58,29.54,Female,Doctorate,Self-employed
2371,33,54422,1.32,50,57.02,Non-binary,Doctorate,Retired
2372,29,47064,1.83,48,80.52,Male,High School,Employed
2373,36,58069,1.58,40,58.56,Prefer not to say,Master's Degree,Employed
2374,40,35707,4.32,55,3.99,Male,Doctorate,Student
2375,46,37329,4.45,28,25.91,Male,Doctorate,Unemployed
2376,49,50926,3.11,47,57.81,Male,Bachelor's Degree,Retired
2377,31,52597,1.42,35,70.9,Prefer not to say,Associate Degree,Employed
2378,21,22615,1.54,37,86.65,Prefer not to say,Master's Degree,Employed
2379,30,56827,4.25,47,96.76,Female,Master's Degree,Self-employed
2380,37,61590,4.72,38,89.18,Prefer not to say,Master's Degree,Student
2381,25,48840,1.8,35,46.73,Male,Doctorate,Retired
2382,25,85616,1.04,35,74.69,Prefer not to say,Bachelor's Degree,Student
2383,38,39755,2.32,20,24.05,Female,Master's Degree,Employed
2384,34,44583,1.12,47,6.38,Non-binary,High School,Student
2385,35,44073,4.31,29,5.51,Female,High School,Employed
2386,27,48857,2.97,58,24.13,Male,Associate Degree,Self-employed
2387,32,45069,3.57,37,3.75,Male,Bachelor's Degree,Unemployed
2388,25,28897,2.65,53,85.03,Non-binary,Master's Degree,Retired
2389,43,41801,2.38,21,48.99,Female,Bachelor's Degree,Unemployed
2390,45,48535,1.89,47,81.09,Male,High School,Student
2391,18,68428,4.08,49,93.99,Female,Master's Degree,Employed
2392,25,83033,3.78,53,99.39,Prefer not to say,Doctorate,Unemployed
2393,20,70032,2.44,24,93.72,Prefer not to say,High School,Self-employed
2394,28,38369,2.28,32,71.66,Male,Associate Degree,Student
2395,34,39562,1,45,44.2,Non-binary,Master's Degree,Student
2396,20,47610,1.25,41,59.8,Prefer not to say,Associate Degree,Unemployed
2397,25,76768,3.49,42,81.65,Female,Bachelor's Degree,Student
2398,24,47518,3.06,36,89.76,Male,Associate Degree,Retired
2399,37,30087,2.74,55,95.65,Non-binary,Associate Degree,Unemployed
2400,35,42482,4.31,66,73.06,Male,Doctorate,Unemployed
2401,27,61355,3.02,41,54,Male,Associate Degree,Self-employed
2402,36,60349,2.54,44,96.84,Non-binary,Doctorate,Student
2403,29,46996,1.65,40,95.86,Female,Associate Degree,Self-employed
2404,32,60251,4.28,52,47.76,Prefer not to say,Doctorate,Student
2405,51,20000,3.3,48,64.87,Female,High School,Unemployed
2406,48,51557,1.37,29,80.93,Non-binary,Doctorate,Student
2407,22,62910,3.6,33,43.31,Non-binary,High School,Self-employed
2408,43,37507,2.7,29,82.94,Prefer not to say,High School,Unemployed
2409,43,37454,4.25,66,11.15,Prefer not to say,Master's Degree,Student
2410,23,22003,4.68,46,48.12,Non-binary,High School,Self-employed
2411,43,73848,3.4,34,48.26,Non-binary,Master's Degree,Student
2412,50,39197,3.93,33,68.47,Prefer not to say,Doctorate,Self-employed
2413,23,53615,1.23,48,11.64,Prefer not to say,Bachelor's Degree,Retired
2414,25,59058,3.24,49,10.32,Female,Master's Degree,Self-employed
2415,45,72681,4.02,47,90.06,Non-binary,Bachelor's Degree,Employed
2416,37,47691,2.99,35,30.37,Non-binary,Doctorate,Student
2417,40,41908,3.37,43,32.69,Female,Master's Degree,Employed
2418,38,52596,4.6,41,77.69,Male,Doctorate,Retired
2419,38,69261,1.79,30,41.49,Prefer not to say,Bachelor's Degree,Self-employed
2420,21,47447,1.39,30,83.29,Prefer not to say,Doctorate,Unemployed
2421,45,35676,3.76,44,40.15,Male,Bachelor's Degree,Unemployed
2422,46,26888,4.29,41,76.06,Female,High School,Self-employed
2423,32,31680,4.4,45,52.53,Female,Bachelor's Degree,Retired
2424,34,62965,3.57,47,93.58,Female,Bachelor's Degree,Self-employed
2425,19,45190,4.33,54,32.74,Female,High School,Unemployed
2426,40,40887,3.8,32,36.27,Non-binary,Master's Degree,Unemployed
2427,40,39260,1.35,46,97,Non-binary,Associate Degree,Unemployed
2428,34,51275,4.05,47,73.75,Female,Master's Degree,Self-employed
2429,46,46408,1.72,36,77.26,Prefer not to say,Associate Degree,Retired
2430,31,45903,1.95,41,29.6,Male,High School,Retired
2431,40,70239,2.58,37,53.2,Male,Master's Degree,Retired
2432,24,73070,2.26,61,31.35,Prefer not to say,Doctorate,Unemployed
2433,34,25849,2.29,41,25.99,Female,Doctorate,Student
2434,33,54913,1.68,44,53.52,Female,Master's Degree,Self-employed
2435,37,38347,2.18,37,98.78,Male,Doctorate,Unemployed
2436,31,46276,1.08,35,21.46,Male,High School,Retired
2437,33,54639,2.89,26,24.25,Non-binary,Doctorate,Self-employed
2438,43,46809,4.07,50,24.31,Male,Doctorate,Retired
2439,30,53456,4.45,47,79.17,Male,Associate Degree,Employed
2440,18,60094,4.28,36,51.05,Male,Associate Degree,Unemployed
2441,52,54418,2.67,30,38.48,Male,Bachelor's Degree,Retired
2442,48,40297,3.92,41,84.38,Non-binary,High School,Employed
2443,22,40562,2.15,35,29.75,Non-binary,Doctorate,Retired
2444,41,28404,1.22,37,39.22,Non-binary,High School,Unemployed
2445,29,37191,3.7,27,7.36,Prefer not to say,High School,Student
2446,37,79431,3.6,42,11.89,Male,Associate Degree,Retired
2447,37,38119,4.21,42,13.67,Non-binary,Doctorate,Retired
2448,32,32099,3.46,50,34.7,Prefer not to say,Bachelor's Degree,Employed
2449,27,54798,1.63,38,52.41,Prefer not to say,Master's Degree,Unemployed
2450,28,48344,4.41,36,0.07,Female,Bachelor's Degree,Retired
2451,25,47066,3.51,24,18.99,Non-binary,Associate Degree,Self-employed
2452,26,71135,4.23,51,17.57,Male,Bachelor's Degree,Unemployed
2453,34,58236,4.1,48,25.33,Male,Associate Degree,Employed
2454,27,42050,2.19,40,16.61,Female,Associate Degree,Employed
2455,41,43632,1.3,26,19.51,Prefer not to say,High School,Employed
2456,49,42461,1.71,27,98.39,Non-binary,Doctorate,Unemployed
2457,29,63121,1.37,34,59.47,Female,Master's Degree,Unemployed
2458,37,45377,1.97,49,76.27,Male,Associate Degree,Retired
2459,39,23102,2.84,42,81.93,Prefer not to say,Associate Degree,Employed
2460,39,49275,4.63,25,66.77,Prefer not to say,High School,Employed
2461,35,26944,4.49,44,70.41,Non-binary,Master's Degree,Unemployed
2462,42,82763,3.87,31,63.23,Non-binary,Associate Degree,Unemployed
2463,39,35514,1.1,34,64.94,Non-binary,Doctorate,Self-employed
2464,22,47572,2.37,49,92.84,Female,Doctorate,Employed
2465,43,53873,3.73,47,18.57,Male,High School,Unemployed
2466,43,45670,1.52,50,27.47,Non-binary,Associate Degree,Unemployed
2467,27,45649,4.2,39,9.33,Female,Master's Degree,Retired
2468,35,56327,4.66,48,83.73,Female,High School,Employed
2469,41,72893,2.42,34,44.88,Non-binary,High School,Self-employed
2470,32,61512,3.82,37,90.71,Female,Bachelor's Degree,Unemployed
2471,45,72177,1.59,36,41.17,Male,High School,Retired
2472,58,34300,3.76,40,44.26,Non-binary,Bachelor's Degree,Retired
2473,27,54760,1.09,27,44.84,Female,Bachelor's Degree,Student
2474,21,52328,1.6,37,61.25,Female,Associate Degree,Employed
2475,38,55266,3.84,54,76.61,Non-binary,Doctorate,Retired
2476,42,70643,3.85,29,35.13,Female,Master's Degree,Self-employed
2477,32,46688,3.56,26,63.02,Male,High School,Employed
2478,49,43917,2.91,27,20.4,Female,Associate Degree,Self-employed
2479,21,58009,3.7,66,55.4,Prefer not to say,Master's Degree,Retired
2480,41,23326,4.1,44,54.66,Male,High School,Employed
2481,28,46447,4.87,37,88.87,Non-binary,Doctorate,Retired
2482,52,47987,4.55,40,89.58,Non-binary,Doctorate,Retired
2483,54,36194,4.18,42,48.72,Female,Bachelor's Degree,Retired
2484,27,65855,3.78,33,2.46,Prefer not to say,Bachelor's Degree,Unemployed
2485,29,34066,3.3,34,84.46,Male,Master's Degree,Unemployed
2486,43,47961,1.48,38,0.06,Female,High School,Self-employed
2487,31,54397,1.66,32,47.83,Male,Bachelor's Degree,Unemployed
2488,34,70301,4.28,36,1.98,Non-binary,Associate Degree,Self-employed
2489,35,49841,4.21,43,35.26,Non-binary,Bachelor's Degree,Unemployed
2490,18,64042,3.46,30,63.68,Prefer not to say,Master's Degree,Retired
2491,34,60508,2.76,66,37.12,Non-binary,Associate Degree,Unemployed
2492,28,51851,1.1,47,92.69,Prefer not to say,Doctorate,Student
2493,30,33657,2.31,27,64.08,Non-binary,Associate Degree,Retired
2494,49,28481,2.68,15,64.64,Male,Master's Degree,Student
2495,22,51597,2.94,33,37.44,Male,Doctorate,Retired
2496,43,41859,4.72,46,3.85,Female,High School,Unemployed
2497,32,63788,1.43,44,73.82,Female,Master's Degree,Employed
2498,32,61187,3.08,38,71.62,Female,Bachelor's Degree,Self-employed
2499,42,47230,2.47,33,53.01,Female,Master's Degree,Retired
2500,38,32634,4.96,30,41.63,Female,Master's Degree,Employed
2501,40,57661,4.45,35,53.83,Female,Master's Degree,Employed
2502,44,34730,2.76,29,74.68,Prefer not to say,Doctorate,Unemployed
2503,31,38623,5,36,71.28,Prefer not to say,Master's Degree,Retired
2504,28,35308,3.06,53,65.81,Non-binary,High School,Employed
2505,24,47922,1.67,32,90.38,Prefer not to say,Master's Degree,Self-employed
2506,26,67552,3.22,46,60.99,Male,Bachelor's Degree,Student
2507,64,49924,1.9,47,1.45,Prefer not to say,Associate Degree,Unemployed
2508,47,43351,3.55,29,61.81,Female,Doctorate,Unemployed
2509,21,27115,4.75,31,61.26,Prefer not to say,Bachelor's Degree,Unemployed
2510,21,58281,4.14,50,6.96,Male,High School,Self-employed
2511,39,38293,2.09,30,42.77,Non-binary,Master's Degree,Unemployed
2512,40,51762,2.19,39,65.11,Prefer not to say,Doctorate,Self-employed
2513,40,44686,1.28,60,70.45,Male,Doctorate,Employed
2514,32,62572,2.14,49,89.3,Prefer not to say,Doctorate,Retired
2515,33,47641,1.37,40,84.14,Non-binary,Bachelor's Degree,Employed
2516,38,49116,3,48,11.66,Prefer not to say,Associate Degree,Retired
2517,35,57286,3.83,39,60.88,Male,Associate Degree,Unemployed
2518,18,81604,4,50,59.65,Non-binary,High School,Employed
2519,32,63326,1.24,19,30.37,Non-binary,Bachelor's Degree,Self-employed
2520,26,48670,2.36,38,18.41,Non-binary,Bachelor's Degree,Unemployed
2521,36,50047,2.15,19,19.95,Non-binary,Bachelor's Degree,Employed
2522,64,42127,1.42,41,17.75,Female,Master's Degree,Employed
2523,38,35750,2.45,37,80.63,Female,Bachelor's Degree,Self-employed
2524,31,41708,2.2,53,14.84,Prefer not to say,Bachelor's Degree,Self-employed
2525,44,38417,3.54,47,26.44,Prefer not to say,Doctorate,Employed
2526,39,59800,4.53,34,21.78,Non-binary,Doctorate,Self-employed
2527,39,33932,2.82,35,71.29,Male,Doctorate,Student
2528,41,69998,3.99,43,15.84,Male,Bachelor's Degree,Student
2529,55,61280,1.58,34,2.41,Female,Bachelor's Degree,Self-employed
2530,23,50307,4.58,39,37.42,Male,Doctorate,Employed
2531,39,50004,1.61,53,30.51,Non-binary,High School,Self-employed
2532,25,41640,1.77,31,39.77,Prefer not to say,High School,Self-employed
2533,40,54051,1.43,35,75.38,Prefer not to say,Associate Degree,Retired
2534,25,66321,2.24,36,1.24,Non-binary,Master's Degree,Student
2535,30,39452,3.21,71,3.77,Male,Master's Degree,Unemployed
2536,32,26999,4.95,46,25.56,Female,Associate Degree,Unemployed
2537,44,60548,4.17,51,88.92,Female,Doctorate,Unemployed
2538,44,54865,2.52,47,16.91,Prefer not to say,Doctorate,Self-employed
2539,22,33197,3.3,48,99.7,Male,Bachelor's Degree,Unemployed
2540,35,38999,3.49,44,80.57,Female,Master's Degree,Retired
2541,27,37113,4.29,43,45.61,Male,Bachelor's Degree,Self-employed
2542,22,39132,3.95,25,74.79,Male,Bachelor's Degree,Employed
2543,32,45144,3.28,43,51.88,Female,Master's Degree,Employed
2544,31,46001,3.68,38,56.6,Prefer not to say,Doctorate,Self-employed
2545,59,40238,3.98,45,58.08,Male,High School,Student
2546,39,38627,1.53,39,64.87,Female,Doctorate,Student
2547,21,46568,1.8,47,6.08,Non-binary,Doctorate,Employed
2548,29,52515,3.75,49,61.65,Non-binary,Bachelor's Degree,Unemployed
2549,45,45255,4.4,10,71.69,Prefer not to say,Bachelor's Degree,Retired
2550,55,67380,2.64,35,31.07,Female,Bachelor's Degree,Self-employed
2551,19,57621,4.92,21,97.86,Male,Master's Degree,Retired
2552,18,26137,1.86,42,14.44,Non-binary,Master's Degree,Retired
2553,53,57855,2.67,36,91.04,Male,Associate Degree,Retired
2554,38,59083,2.51,53,67.64,Non-binary,Bachelor's Degree,Self-employed
2555,26,43478,4.72,42,66.43,Female,Master's Degree,Unemployed
2556,40,27572,2.14,35,87.6,Male,Associate Degree,Self-employed
2557,18,50121,2.88,49,83.17,Prefer not to say,Bachelor's Degree,Employed
2558,35,49884,1.75,36,34.54,Female,Bachelor's Degree,Unemployed
2559,38,33175,3.09,35,70.54,Male,High School,Employed
2560,44,28231,4.43,43,5.06,Non-binary,Master's Degree,Retired
2561,24,48686,2.22,56,46.4,Female,Associate Degree,Unemployed
2562,35,46503,4.24,48,93.78,Prefer not to say,Bachelor's Degree,Retired
2563,25,43741,4.65,45,27.41,Non-binary,Master's Degree,Employed
2564,37,48748,1.29,67,5,Male,Associate Degree,Self-employed
2565,26,33458,4.03,32,58.29,Male,High School,Unemployed
2566,30,43477,2.02,32,35.51,Female,Associate Degree,Retired
2567,25,57999,1.7,41,37.97,Prefer not to say,Bachelor's Degree,Student
2568,41,44750,3.4,55,58.25,Non-binary,Doctorate,Retired
2569,43,24920,3.82,30,62.16,Female,Doctorate,Employed
2570,32,42909,2.58,57,43.73,Prefer not to say,High School,Employed
2571,35,33947,1.16,25,50.75,Non-binary,Bachelor's Degree,Self-employed
2572,20,54007,4.63,38,99.33,Prefer not to say,Bachelor's Degree,Unemployed
2573,32,54782,3.92,41,95.71,Prefer not to say,Master's Degree,Student
2574,34,25118,2.09,31,70.73,Non-binary,Doctorate,Employed
2575,61,61385,2.99,33,16.15,Male,Master's Degree,Unemployed
2576,23,33317,1.11,47,36,Male,Bachelor's Degree,Student
2577,49,73387,2.36,54,88.31,Prefer not to say,High School,Self-employed
2578,44,49268,3.09,18,42.36,Prefer not to say,Doctorate,Unemployed
2579,37,31304,3.07,41,95.54,Female,Master's Degree,Retired
2580,52,32870,1.83,38,48.83,Male,High School,Student
2581,38,55221,4.11,41,86.18,Male,Bachelor's Degree,Retired
2582,38,44130,2.2,36,3.54,Prefer not to say,Associate Degree,Retired
2583,34,48550,3.32,27,43.42,Female,Associate Degree,Student
2584,47,74191,2.09,55,70.03,Female,Doctorate,Retired
2585,45,39511,2.7,51,86.36,Female,High School,Student
2586,28,50899,1.83,38,60.96,Non-binary,Master's Degree,Retired
2587,21,71297,3.53,35,17.33,Non-binary,High School,Self-employed
2588,32,54057,2.7,33,88.58,Non-binary,Doctorate,Self-employed
2589,26,25900,1.06,14,57.48,Female,Bachelor's Degree,Unemployed
2590,34,57580,1.11,43,10.8,Male,High School,Retired
2591,47,32554,2.88,47,46.38,Non-binary,Doctorate,Self-employed
2592,30,71102,1.73,41,69.89,Prefer not to say,Doctorate,Self-employed
2593,34,37656,3.34,39,45.1,Prefer not to say,Master's Degree,Self-employed
2594,35,94542,2.63,41,87.08,Prefer not to say,Bachelor's Degree,Employed
2595,43,72010,3.62,31,42.37,Male,High School,Retired
2596,18,38050,4.81,35,58.35,Non-binary,Doctorate,Unemployed
2597,28,50300,3.11,38,21.12,Male,Bachelor's Degree,Self-employed
2598,37,61304,4.15,46,51.27,Non-binary,Master's Degree,Student
2599,47,61754,4.01,53,22.29,Prefer not to say,Doctorate,Employed
2600,30,56635,4.69,37,22.52,Prefer not to say,Master's Degree,Retired
2601,18,68782,1.86,29,27.99,Male,Bachelor's Degree,Unemployed
2602,41,48155,4.31,40,4.42,Non-binary,Master's Degree,Self-employed
2603,28,44499,4.62,60,16.33,Prefer not to say,High School,Student
2604,23,44797,2.57,30,42.44,Non-binary,Master's Degree,Employed
2605,28,62875,2.26,48,13.11,Non-binary,Associate Degree,Student
2606,33,55477,4.81,53,13.34,Female,Associate Degree,Student
2607,28,54369,3.51,36,96.79,Non-binary,Associate Degree,Employed
2608,18,61928,2.52,32,42.71,Male,Associate Degree,Student
2609,43,20000,4.17,45,40.37,Prefer not to say,High School,Self-employed
2610,47,54651,2.22,43,26.77,Male,Doctorate,Employed
2611,41,53278,1.71,46,51.24,Non-binary,Associate Degree,Retired
2612,23,75032,3.18,60,59.61,Male,Associate Degree,Employed
2613,32,27071,3.26,41,41.82,Prefer not to say,Doctorate,Unemployed
2614,34,73357,4.3,28,39.38,Non-binary,Associate Degree,Self-employed
2615,40,51131,2.83,40,70.04,Male,Doctorate,Retired
2616,41,57334,4.26,42,94.98,Non-binary,Associate Degree,Self-employed
2617,27,75138,2.25,52,87.78,Non-binary,Doctorate,Self-employed
2618,35,58411,3.3,38,11.86,Male,Doctorate,Employed
2619,39,56005,1.83,35,65.23,Non-binary,Bachelor's Degree,Retired
2620,49,53634,2.54,26,0.7,Male,Master's Degree,Employed
2621,42,42747,4.43,45,63.31,Prefer not to say,Doctorate,Unemployed
2622,42,49572,1.86,73,46.44,Non-binary,Associate Degree,Unemployed
2623,35,39267,4.24,37,49.11,Male,High School,Unemployed
2624,49,49331,2.13,44,58.8,Prefer not to say,Doctorate,Employed
2625,39,20000,1.14,34,74.27,Female,Associate Degree,Employed
2626,26,56435,1.44,27,72.95,Non-binary,Doctorate,Unemployed
2627,49,48173,3.98,44,4.45,Prefer not to say,Bachelor's Degree,Employed
2628,41,44956,2.05,40,73.65,Non-binary,High School,Student
2629,30,53296,3.62,16,82.98,Non-binary,High School,Student
2630,30,28496,3.8,56,6.82,Female,Associate Degree,Student
2631,37,78939,2.38,44,32.29,Prefer not to say,Master's Degree,Self-employed
2632,39,48458,2.9,40,79.21,Non-binary,Bachelor's Degree,Retired
2633,36,47812,2.62,35,49.31,Prefer not to say,Master's Degree,Retired
2634,38,35519,4.79,44,69.49,Female,High School,Retired
2635,51,50359,2.28,44,50.23,Prefer not to say,High School,Unemployed
2636,45,70804,1.73,44,97.82,Female,Master's Degree,Student
2637,36,65538,2.46,50,93.62,Prefer not to say,Doctorate,Student
2638,44,62816,3.68,52,28.11,Female,Master's Degree,Employed
2639,24,58195,3.79,60,38.59,Prefer not to say,Master's Degree,Self-employed
2640,38,44621,4.7,31,43.13,Male,Doctorate,Self-employed
2641,53,28247,4.53,34,10.42,Male,Doctorate,Student
2642,32,46984,2.15,43,40.41,Non-binary,Doctorate,Employed
2643,26,46461,2.82,32,77.48,Female,Bachelor's Degree,Student
2644,28,65731,3.99,33,84.69,Non-binary,High School,Unemployed
2645,24,54640,4.67,44,88.61,Male,High School,Unemployed
2646,27,74184,2.35,49,1.46,Non-binary,Doctorate,Retired
2647,31,67962,2.78,52,78.88,Prefer not to say,Doctorate,Retired
2648,20,43152,4.6,38,50.26,Female,Bachelor's Degree,Student
2649,35,23073,2.43,44,20.62,Female,Bachelor's Degree,Retired
2650,44,70783,2.92,42,49.87,Prefer not to say,Associate Degree,Student
2651,25,70390,4.62,40,84.43,Female,Master's Degree,Self-employed
2652,50,29506,4.21,31,43.42,Female,High School,Unemployed
2653,40,72638,1.97,30,99.05,Non-binary,High School,Employed
2654,45,55731,2.3,46,61.67,Female,Bachelor's Degree,Employed
2655,28,52410,2.41,31,48.98,Male,Master's Degree,Self-employed
2656,43,74221,4.65,22,29.49,Prefer not to say,Bachelor's Degree,Student
2657,24,70170,5,39,1.11,Female,Associate Degree,Unemployed
2658,43,59769,4.1,54,61.05,Male,Associate Degree,Student
2659,36,57098,2.94,12,57.75,Prefer not to say,Associate Degree,Student
2660,40,59245,1.04,37,51.68,Non-binary,Bachelor's Degree,Self-employed
2661,23,43999,3.79,46,53.77,Non-binary,Master's Degree,Self-employed
2662,26,49173,2.56,21,84.35,Non-binary,Doctorate,Retired
2663,40,36465,3.53,37,31.69,Non-binary,High School,Self-employed
2664,25,45004,3.43,28,55.03,Male,Doctorate,Retired
2665,39,44500,2.92,29,67.99,Male,Master's Degree,Employed
2666,21,40470,4.78,35,20.98,Female,Bachelor's Degree,Retired
2667,43,52051,1.09,28,92.48,Female,Bachelor's Degree,Retired
2668,22,45140,3.85,27,73.71,Non-binary,Bachelor's Degree,Employed
2669,40,57533,2.64,39,5.33,Prefer not to say,Associate Degree,Unemployed
2670,41,25665,3.86,62,86.51,Prefer not to say,Associate Degree,Student
2671,28,48299,3.7,47,92.99,Non-binary,Associate Degree,Student
2672,40,51973,1.04,50,79.37,Male,Doctorate,Self-employed
2673,37,45340,2.14,47,42.62,Male,High School,Self-employed
2674,29,47414,1.76,33,99.44,Non-binary,Bachelor's Degree,Unemployed
2675,24,26221,1.67,43,12.44,Non-binary,Bachelor's Degree,Self-employed
2676,18,55347,3.91,50,53.66,Male,Doctorate,Student
2677,38,59714,1.96,48,17.04,Male,High School,Retired
2678,19,57403,2.9,41,43.93,Male,High School,Retired
2679,35,65580,1.99,45,92.74,Non-binary,Doctorate,Self-employed
2680,32,53022,3.32,64,79.43,Male,Bachelor's Degree,Student
2681,41,57180,3.88,48,78.21,Prefer not to say,Master's Degree,Employed
2682,31,52341,2.32,36,35.39,Male,Master's Degree,Employed
2683,31,60313,3.41,39,93.43,Female,High School,Retired
2684,42,26341,4.3,29,36.83,Male,High School,Student
2685,38,36596,1.38,63,4,Female,Bachelor's Degree,Retired
2686,38,73803,3.84,56,63.78,Prefer not to say,High School,Student
2687,39,20000,2.29,40,36.26,Female,Doctorate,Employed
2688,19,47897,1.49,61,15.37,Non-binary,Master's Degree,Self-employed
2689,42,67584,3.18,46,93.47,Non-binary,Master's Degree,Unemployed
2690,41,48601,1.91,35,63.72,Non-binary,High School,Self-employed
2691,24,43924,4.29,49,94.05,Prefer not to say,Doctorate,Student
2692,32,51941,1.17,43,58.3,Non-binary,High School,Retired
2693,34,44703,1.39,48,6.39,Male,High School,Retired
2694,33,50462,3.08,26,2.99,Prefer not to say,Doctorate,Employed
2695,38,39749,3.36,31,90.06,Prefer not to say,Doctorate,Employed
2696,49,66630,3.92,54,3.87,Male,Associate Degree,Self-employed
2697,45,71348,2.04,56,61.52,Male,Master's Degree,Self-employed
2698,21,47999,4.37,54,29.8,Female,High School,Unemployed
2699,41,29202,4.81,62,68.77,Non-binary,Bachelor's Degree,Student
2700,48,42142,3,45,28.47,Male,High School,Self-employed
2701,38,47240,4.04,45,3.72,Prefer not to say,High School,Self-employed
2702,45,57583,3.1,30,73.08,Prefer not to say,Bachelor's Degree,Employed
2703,55,34879,1.28,34,31.09,Male,Master's Degree,Student
2704,45,38462,2.3,20,55.08,Non-binary,Associate Degree,Employed
2705,37,57660,1.35,36,77.39,Female,Doctorate,Unemployed
2706,45,64083,4.96,19,70.28,Female,Associate Degree,Self-employed
2707,36,40676,1.92,50,34.86,Non-binary,High School,Self-employed
2708,35,30001,3.54,43,74.78,Non-binary,High School,Self-employed
2709,31,99261,2.14,19,92.57,Prefer not to say,Bachelor's Degree,Retired
2710,50,61749,3.61,38,61,Male,Bachelor's Degree,Student
2711,26,45994,1.84,59,70.35,Female,High School,Employed
2712,50,63035,4.14,38,86.59,Non-binary,Associate Degree,Employed
2713,39,48133,1.44,30,84.36,Prefer not to say,Associate Degree,Employed
2714,21,63007,4.58,22,35.16,Female,Master's Degree,Unemployed
2715,38,52390,4.36,22,99.17,Prefer not to say,High School,Retired
2716,18,51369,3.72,45,2.86,Prefer not to say,Doctorate,Unemployed
2717,41,48296,1.27,35,98.67,Female,Doctorate,Student
2718,43,28289,1.83,36,24.6,Prefer not to say,Associate Degree,Employed
2719,29,79071,4.44,35,44.04,Male,Bachelor's Degree,Employed
2720,36,35876,1.49,38,88.37,Prefer not to say,Bachelor's Degree,Employed
2721,54,29599,1.62,27,24.43,Male,Associate Degree,Self-employed
2722,29,46807,3.18,43,22.48,Non-binary,Master's Degree,Self-employed
2723,24,35577,2.1,25,64.31,Female,High School,Employed
2724,49,49224,1.89,32,70.55,Prefer not to say,Doctorate,Employed
2725,54,60316,3.3,50,0.75,Male,Associate Degree,Self-employed
2726,35,64929,2.49,43,45.04,Prefer not to say,Bachelor's Degree,Unemployed
2727,45,62220,1.56,46,48.91,Prefer not to say,High School,Retired
2728,48,45415,3.14,61,27.18,Male,Doctorate,Unemployed
2729,27,50743,2.55,39,54.61,Prefer not to say,Master's Degree,Retired
2730,30,56118,3.94,40,15.46,Female,Associate Degree,Self-employed
2731,47,23633,1.41,37,32.36,Female,High School,Employed
2732,51,58558,3.48,35,71.32,Female,Doctorate,Employed
2733,40,28140,2.75,29,87.38,Female,Master's Degree,Employed
2734,26,80605,2.62,40,58.94,Male,Bachelor's Degree,Unemployed
2735,54,43932,1.93,43,7.48,Prefer not to say,High School,Employed
2736,29,47226,1.12,44,67.87,Male,Associate Degree,Retired
2737,31,38454,4.39,40,89.76,Prefer not to say,Doctorate,Employed
2738,38,40550,2.31,49,50.43,Non-binary,Bachelor's Degree,Self-employed
2739,50,84111,3.72,40,49.37,Prefer not to say,Bachelor's Degree,Employed
2740,43,64105,4.79,35,99.14,Prefer not to say,Doctorate,Unemployed
2741,39,26761,3.26,30,63.63,Female,Doctorate,Unemployed
2742,39,72563,2.59,24,80.6,Prefer not to say,Doctorate,Self-employed
2743,35,67898,2.07,54,64.65,Non-binary,High School,Student
2744,40,45781,4.74,33,22.09,Male,Associate Degree,Unemployed
2745,18,54600,3.73,30,28.41,Female,Bachelor's Degree,Student
2746,32,49775,3.66,35,66.57,Non-binary,Master's Degree,Self-employed
2747,37,79588,2.7,37,45.61,Non-binary,Doctorate,Employed
2748,23,38055,4.38,56,40.43,Non-binary,Associate Degree,Student
2749,38,52190,3.85,36,2.25,Male,Master's Degree,Self-employed
2750,32,43577,2.13,66,88.44,Male,High School,Student
2751,52,28504,3.4,40,88.45,Non-binary,Bachelor's Degree,Student
2752,50,82874,2.72,60,46.1,Male,Associate Degree,Employed
2753,30,32276,1.03,48,70.07,Prefer not to say,Associate Degree,Unemployed
2754,33,53301,4.23,43,17.78,Prefer not to say,Bachelor's Degree,Student
2755,34,23889,1.49,55,50.38,Male,Bachelor's Degree,Retired
2756,30,44013,3.04,51,43.89,Non-binary,Doctorate,Employed
2757,36,56329,2.34,46,65.66,Non-binary,Bachelor's Degree,Retired
2758,27,37628,2.37,63,46.96,Female,Associate Degree,Employed
2759,23,58802,2.91,35,49.84,Non-binary,Doctorate,Employed
2760,41,45964,4.99,30,29.57,Female,Bachelor's Degree,Unemployed
2761,41,67401,2.63,33,4.84,Female,Master's Degree,Retired
2762,26,70426,1.73,57,91.7,Non-binary,Master's Degree,Student
2763,43,41198,3.45,54,1.22,Male,Bachelor's Degree,Employed
2764,28,51150,1.95,34,28.13,Female,Associate Degree,Retired
2765,37,52751,1.42,16,44.76,Female,Doctorate,Retired
2766,43,59290,1.2,37,31.91,Female,Doctorate,Unemployed
2767,34,50215,1.09,29,55.19,Male,Doctorate,Retired
2768,39,52853,2.72,35,46.16,Male,High School,Student
2769,29,46348,2.71,29,25.55,Female,Bachelor's Degree,Retired
2770,33,51728,1.74,23,8.8,Male,High School,Unemployed
2771,32,69469,4.14,58,13.75,Female,High School,Employed
2772,27,59691,1.52,33,48.63,Female,Master's Degree,Retired
2773,33,60518,4.66,54,84.59,Prefer not to say,Doctorate,Retired
2774,19,60846,3.35,37,10.06,Male,High School,Self-employed
2775,30,47692,1.11,28,67.72,Prefer not to say,Associate Degree,Student
2776,32,54782,4.85,45,79.21,Prefer not to say,Bachelor's Degree,Student
2777,32,33722,2.23,36,27.68,Non-binary,Associate Degree,Student
2778,32,69032,2.8,37,66.82,Female,Doctorate,Retired
2779,34,20000,2.14,41,68.67,Female,Master's Degree,Student
2780,39,48692,3.91,31,70.78,Female,Associate Degree,Student
2781,43,67113,2.94,23,89.08,Female,Associate Degree,Self-employed
2782,28,29541,1.53,39,39.85,Prefer not to say,High School,Unemployed
2783,22,55996,1.42,49,24.37,Prefer not to say,Associate Degree,Unemployed
2784,24,39788,3.9,30,54.38,Prefer not to say,Master's Degree,Employed
2785,30,44467,1.95,41,6.25,Prefer not to say,Associate Degree,Self-employed
2786,31,64189,1.55,55,33.39,Female,Associate Degree,Retired
2787,27,52970,3,39,88.32,Male,Doctorate,Employed
2788,22,20000,4.21,40,53.21,Male,Master's Degree,Student
2789,30,35353,2.12,40,43.67,Female,Associate Degree,Employed
2790,36,64630,2.11,33,26.57,Male,Doctorate,Unemployed
2791,40,56734,4.34,30,25.04,Non-binary,Bachelor's Degree,Employed
2792,29,76222,1.59,30,23.66,Non-binary,Associate Degree,Employed
2793,30,75239,3.47,43,82.92,Male,Associate Degree,Self-employed
2794,25,44866,4.82,47,98.5,Male,Doctorate,Student
2795,34,87548,4.37,48,53.48,Prefer not to say,Doctorate,Retired
2796,26,50367,1.25,36,7.98,Female,Doctorate,Retired
2797,40,35559,2.28,50,75.1,Female,Associate Degree,Self-employed
2798,18,40495,1.57,43,87.71,Non-binary,High School,Self-employed
2799,31,20000,4.8,40,93.12,Male,High School,Retired
2800,38,74105,4.94,10,62.88,Male,Doctorate,Employed
2801,36,73921,1.94,31,50.69,Non-binary,High School,Student
2802,61,34767,3.68,24,62.05,Non-binary,Bachelor's Degree,Retired
2803,38,46581,4.37,46,1.3,Prefer not to say,High School,Employed
2804,24,51434,1.93,40,65.54,Prefer not to say,High School,Employed
2805,34,35594,1.75,29,70.96,Male,Associate Degree,Unemployed
2806,18,23673,1.04,43,72.2,Non-binary,High School,Self-employed
2807,34,46844,2.65,25,56.31,Male,Doctorate,Retired
2808,26,45183,4.6,29,70,Non-binary,Associate Degree,Retired
2809,44,44173,4.61,32,63.88,Non-binary,High School,Student
2810,29,53340,1.51,45,11.55,Non-binary,Bachelor's Degree,Retired
2811,33,71442,1.82,53,89.84,Female,Associate Degree,Employed
2812,28,45453,2.63,34,62.27,Female,Associate Degree,Employed
2813,52,52556,4.12,53,72.78,Female,Associate Degree,Student
2814,31,60903,3.45,40,34.29,Prefer not to say,High School,Employed
2815,53,58312,3.06,42,91.92,Prefer not to say,Doctorate,Employed
2816,43,40783,3.37,39,50.26,Non-binary,Master's Degree,Retired
2817,39,51445,1.38,38,67.9,Female,Master's Degree,Self-employed
2818,38,58213,2.91,44,95.22,Non-binary,Master's Degree,Retired
2819,38,33074,4.97,47,91.61,Female,High School,Unemployed
2820,18,68953,1.35,31,64.48,Prefer not to say,Bachelor's Degree,Student
2821,32,71473,3.08,38,16.57,Prefer not to say,Associate Degree,Employed
2822,43,39158,2.18,56,95.06,Male,Associate Degree,Retired
2823,34,52905,3.16,41,98.41,Non-binary,Doctorate,Retired
2824,20,59634,3.3,42,10.34,Prefer not to say,Associate Degree,Employed
2825,34,41815,3.31,51,45.03,Female,Doctorate,Student
2826,52,57224,4.41,34,54.83,Prefer not to say,High School,Retired
2827,47,52448,2.56,39,9.21,Female,Master's Degree,Self-employed
2828,34,27981,3.07,48,18.97,Non-binary,Doctorate,Employed
2829,44,56887,1.04,52,53.77,Non-binary,Doctorate,Student
2830,31,33497,4.16,16,96.31,Non-binary,Associate Degree,Unemployed
2831,18,64088,2.04,32,2.78,Prefer not to say,High School,Employed
2832,25,39931,4.27,30,91.24,Prefer not to say,Master's Degree,Unemployed
2833,50,47580,2.06,38,89.86,Non-binary,High School,Employed
2834,32,70584,1.04,30,85.72,Prefer not to say,Master's Degree,Retired
2835,32,57445,1.62,46,37.76,Non-binary,Bachelor's Degree,Student
2836,32,33807,4.94,41,49.08,Non-binary,High School,Self-employed
2837,54,34776,2.28,48,40.36,Non-binary,Bachelor's Degree,Unemployed
2838,51,41010,1.44,49,94.76,Male,Master's Degree,Unemployed
2839,57,55919,1.48,46,52.14,Female,Doctorate,Employed
2840,33,55374,2.24,36,8.06,Male,Bachelor's Degree,Unemployed
2841,37,37353,1.15,41,27.41,Non-binary,Master's Degree,Employed
2842,19,32491,3.05,35,46.2,Prefer not to say,Master's Degree,Employed
2843,49,54223,1.85,26,95.36,Prefer not to say,Bachelor's Degree,Unemployed
2844,23,47272,3.08,49,56.9,Male,High School,Unemployed
2845,37,82358,1.56,39,69.61,Non-binary,Doctorate,Retired
2846,24,50549,2.72,24,8.85,Female,Master's Degree,Retired
2847,29,77213,3.39,45,87.73,Female,High School,Retired
2848,26,32444,1.25,37,53.9,Prefer not to say,Master's Degree,Student
2849,28,26401,2.59,19,92.12,Female,Master's Degree,Self-employed
2850,29,33198,2.21,26,44.55,Male,Master's Degree,Retired
2851,29,67836,1.96,32,68.31,Prefer not to say,High School,Retired
2852,43,76341,3.42,42,47.08,Female,Associate Degree,Employed
2853,23,38267,3.35,47,14.26,Non-binary,Doctorate,Self-employed
2854,37,43091,3.52,47,27.2,Female,Doctorate,Unemployed
2855,47,32465,1.64,46,6.73,Male,Associate Degree,Student
2856,29,22825,2.14,39,44.03,Female,Master's Degree,Unemployed
2857,27,60776,1.84,57,64.93,Female,Associate Degree,Employed
2858,32,53345,3.16,46,24.37,Male,Bachelor's Degree,Student
2859,46,50157,2.84,42,49.04,Male,Bachelor's Degree,Retired
2860,36,28999,2.32,45,45.9,Male,High School,Self-employed
2861,29,74599,4.14,36,53.34,Non-binary,High School,Self-employed
2862,39,42449,1.38,39,18.46,Female,Bachelor's Degree,Retired
2863,23,58004,4.9,19,53.4,Non-binary,Associate Degree,Unemployed
2864,41,28181,1.47,36,36.42,Non-binary,High School,Unemployed
2865,39,47142,4.09,57,28.6,Male,Associate Degree,Retired
2866,31,54370,2.47,41,58.6,Prefer not to say,High School,Retired
2867,26,54906,4.46,41,14.8,Non-binary,Doctorate,Self-employed
2868,26,52319,1.3,49,90.07,Female,Associate Degree,Unemployed
2869,40,57417,2.5,43,93.49,Male,Bachelor's Degree,Student
2870,47,33042,2.34,32,66.06,Non-binary,Bachelor's Degree,Student
2871,28,52960,4.97,40,30.32,Female,High School,Employed
2872,39,51706,4.94,28,62.6,Female,Associate Degree,Employed
2873,18,53475,1.76,41,60.15,Female,Master's Degree,Employed
2874,29,51085,3.52,31,39.13,Non-binary,Bachelor's Degree,Unemployed
2875,34,30901,3.14,49,28.72,Male,Bachelor's Degree,Student
2876,25,30233,1.62,34,16.85,Male,Associate Degree,Unemployed
2877,25,20000,1.67,31,21.74,Prefer not to say,Associate Degree,Retired
2878,28,62263,4.96,38,65.3,Female,High School,Self-employed
2879,37,62414,2.81,43,88.59,Male,Master's Degree,Employed
2880,33,62653,1.5,27,38.5,Prefer not to say,Bachelor's Degree,Retired
2881,18,54601,1.86,34,12.19,Prefer not to say,Associate Degree,Retired
2882,18,20000,2.07,41,1.28,Male,Bachelor's Degree,Self-employed
2883,28,34599,3.04,53,40.59,Male,Master's Degree,Student
2884,39,52556,2.34,14,23.26,Male,Doctorate,Student
2885,18,52032,2.82,46,32.26,Non-binary,Doctorate,Retired
2886,30,46658,1.67,36,24.17,Male,Master's Degree,Self-employed
2887,29,55533,2.31,35,66.41,Male,Associate Degree,Student
2888,48,50174,1.28,33,63.85,Non-binary,Doctorate,Employed
2889,31,51811,4.56,36,91.23,Male,Associate Degree,Unemployed
2890,38,40414,1.8,46,69.97,Male,High School,Self-employed
2891,36,64730,4.03,34,16.49,Male,Bachelor's Degree,Retired
2892,18,43538,2.4,56,75.16,Female,High School,Unemployed
2893,42,30040,2.9,46,18.13,Non-binary,Doctorate,Student
2894,37,38435,2.17,41,55.86,Male,Doctorate,Student
2895,40,44773,3.79,38,7.71,Non-binary,Associate Degree,Self-employed
2896,70,64910,4.38,51,4.73,Prefer not to say,Doctorate,Unemployed
2897,18,49365,2.15,53,46.42,Prefer not to say,Associate Degree,Student
2898,52,47207,1.97,28,10.5,Non-binary,Master's Degree,Self-employed
2899,32,31270,3.73,32,30.67,Male,Doctorate,Unemployed
2900,37,61782,1.78,46,33.88,Non-binary,Master's Degree,Retired
2901,34,40220,3.56,49,76.94,Female,Master's Degree,Retired
2902,30,48499,1.38,36,33.27,Prefer not to say,Bachelor's Degree,Student
2903,29,72202,3.48,32,49.43,Non-binary,Associate Degree,Self-employed
2904,38,57631,3.05,40,77.26,Male,Master's Degree,Employed
2905,19,25576,1.46,54,20.49,Male,Bachelor's Degree,Student
2906,42,23457,3.6,40,80.49,Prefer not to say,Doctorate,Employed
2907,30,49035,2.79,27,83.18,Female,Doctorate,Unemployed
2908,23,31808,1.87,41,98.88,Prefer not to say,Master's Degree,Self-employed
2909,30,59728,2.41,47,44.4,Male,Doctorate,Student
2910,47,50633,2.97,38,37.06,Female,Associate Degree,Retired
2911,29,52480,1.37,52,70.2,Non-binary,Doctorate,Unemployed
2912,38,39398,4.83,48,5.82,Prefer not to say,High School,Unemployed
2913,27,76120,3.66,39,3.98,Non-binary,Doctorate,Unemployed
2914,42,92638,1.41,40,33.5,Non-binary,Master's Degree,Employed
2915,41,45821,4.29,21,72.95,Male,Bachelor's Degree,Employed
2916,53,55295,2.29,52,11.65,Male,Associate Degree,Unemployed
2917,33,51461,3.39,36,63.55,Female,Associate Degree,Student
2918,41,46104,2.11,36,26.95,Non-binary,Bachelor's Degree,Employed
2919,35,37518,3.93,34,65.17,Female,Associate Degree,Self-employed
2920,47,33725,3.89,44,45.7,Female,Master's Degree,Retired
2921,27,32966,3.21,28,11.52,Prefer not to say,Master's Degree,Student
2922,42,56078,1.96,30,24.73,Prefer not to say,Bachelor's Degree,Self-employed
2923,33,42204,2.01,39,21.97,Male,Master's Degree,Employed
2924,34,20000,2.53,33,16.46,Non-binary,High School,Retired
2925,35,56672,1.58,43,46.83,Female,Master's Degree,Unemployed
2926,37,49426,2.35,34,95.47,Non-binary,Associate Degree,Retired
2927,33,70200,3.74,55,65.81,Male,Bachelor's Degree,Unemployed
2928,37,55596,4.32,46,83.6,Non-binary,High School,Self-employed
2929,50,27819,2.33,46,98.11,Female,Master's Degree,Self-employed
2930,44,20000,1.93,33,54.06,Female,High School,Student
2931,43,39207,4.33,64,23.81,Non-binary,Doctorate,Self-employed
2932,30,40623,4.56,35,92.78,Non-binary,Doctorate,Employed
2933,26,64147,2.64,32,69.9,Non-binary,High School,Employed
2934,44,49866,1.11,47,95.89,Female,Doctorate,Retired
2935,43,67005,3.78,41,65.1,Female,Doctorate,Unemployed
2936,49,30127,4.14,31,77.51,Prefer not to say,Doctorate,Retired
2937,28,64478,1.07,61,89.06,Female,Bachelor's Degree,Student
2938,32,60814,3.38,49,75.92,Non-binary,Bachelor's Degree,Student
2939,18,20000,3.35,40,56.26,Female,Doctorate,Employed
2940,31,69839,2.51,64,47.19,Non-binary,Associate Degree,Student
2941,44,51401,4,48,82.34,Female,Doctorate,Employed
2942,30,55880,2.71,39,77.2,Female,Doctorate,Unemployed
2943,41,37026,3.71,62,36.64,Non-binary,Doctorate,Retired
2944,33,69128,3.07,46,49.83,Male,Associate Degree,Student
2945,38,32212,1.99,46,63.5,Prefer not to say,Associate Degree,Unemployed
2946,23,62481,3.43,36,2.84,Female,Doctorate,Student
2947,35,62309,3.95,40,24.76,Male,Master's Degree,Self-employed
2948,18,35387,4.9,35,25.02,Female,High School,Student
2949,33,79750,2.52,54,88.32,Female,Bachelor's Degree,Unemployed
2950,18,53472,1.26,23,33.15,Female,High School,Student
2951,47,59808,4.95,53,54.51,Non-binary,Bachelor's Degree,Self-employed
2952,42,27093,3.5,31,83.16,Female,High School,Student
2953,39,81765,4.79,39,25.97,Male,Associate Degree,Unemployed
2954,50,31631,1.42,37,12.38,Female,Doctorate,Employed
2955,25,65373,2.37,34,94.84,Female,Bachelor's Degree,Unemployed
2956,52,35078,1.54,46,70.47,Female,Doctorate,Employed
2957,44,40715,4.34,39,17.71,Non-binary,Doctorate,Employed
2958,32,61831,4.52,33,81.97,Non-binary,Associate Degree,Retired
2959,46,65413,3.01,41,78.71,Male,Bachelor's Degree,Unemployed
2960,23,30930,1.75,33,83.75,Non-binary,Master's Degree,Retired
2961,26,66357,1.51,34,27.62,Female,Associate Degree,Employed
2962,28,65674,3.35,25,44.86,Non-binary,Doctorate,Student
2963,29,35930,3.03,35,69.37,Prefer not to say,Bachelor's Degree,Employed
2964,24,73979,3.78,44,39.07,Non-binary,Associate Degree,Unemployed
2965,47,28147,2.22,40,7,Female,Associate Degree,Unemployed
2966,32,40628,2.61,58,13.64,Female,Master's Degree,Unemployed
2967,38,57185,1.09,66,59.71,Prefer not to say,High School,Unemployed
2968,29,37196,3.44,35,37.52,Non-binary,Bachelor's Degree,Student
2969,18,53957,2.69,31,0.54,Female,Bachelor's Degree,Retired
2970,37,53616,4.68,51,76.69,Non-binary,Bachelor's Degree,Self-employed
2971,18,47193,3.57,43,41.67,Non-binary,Bachelor's Degree,Retired
2972,34,62486,2.59,51,31.38,Female,High School,Employed
2973,21,46574,2.05,43,71.35,Male,Associate Degree,Unemployed
2974,54,53473,4.62,38,45.51,Non-binary,Associate Degree,Unemployed
2975,44,67197,1.07,38,69.48,Prefer not to say,High School,Self-employed
2976,36,61860,2.31,44,1.32,Male,Associate Degree,Retired
2977,47,61790,4.77,37,0.94,Male,High School,Employed
2978,26,32762,3.62,52,55.99,Non-binary,High School,Unemployed
2979,40,57871,3.13,26,98.22,Prefer not to say,Associate Degree,Self-employed
2980,36,36822,1.81,52,27.24,Non-binary,Associate Degree,Self-employed
2981,37,30778,4.33,21,68.29,Female,High School,Employed
2982,47,48924,1.82,41,17.23,Female,Master's Degree,Self-employed
2983,42,36435,1.99,36,31.15,Male,Doctorate,Self-employed
2984,37,61859,1.77,24,7.81,Prefer not to say,Bachelor's Degree,Retired
2985,18,62218,1.63,19,88.08,Prefer not to say,High School,Unemployed
2986,25,21460,4.81,29,31.04,Male,Associate Degree,Retired
2987,33,37575,3.41,40,23.05,Non-binary,High School,Self-employed
2988,35,28103,3.55,33,73.06,Non-binary,Associate Degree,Student
2989,23,43060,4.82,29,19.94,Female,High School,Employed
2990,59,56827,1.92,53,24.03,Non-binary,Associate Degree,Self-employed
2991,50,46365,1.02,27,10.36,Non-binary,Master's Degree,Self-employed
2992,41,41153,3.4,46,96.29,Prefer not to say,Doctorate,Retired
2993,35,69502,3.03,31,24.76,Male,Associate Degree,Employed
2994,32,20000,2.91,28,99.57,Non-binary,Master's Degree,Unemployed
2995,25,68553,1.25,33,17.61,Male,Doctorate,Employed
2996,35,41835,2.82,46,2.07,Prefer not to say,Associate Degree,Self-employed
2997,37,48828,2.15,26,89.57,Male,Bachelor's Degree,Retired
2998,22,42089,2.1,42,58,Female,High School,Student
2999,38,73143,1.89,30,35.14,Female,High School,Self-employed
3000,33,31535,2.33,32,51.33,Male,High School,Employed
3001,18,50176,2.41,44,26.07,Non-binary,Associate Degree,Employed
3002,26,57911,2.24,61,63.48,Non-binary,Bachelor's Degree,Student
3003,30,25834,4.92,30,61.65,Non-binary,Bachelor's Degree,Employed
3004,53,36201,4.73,47,8.02,Prefer not to say,Bachelor's Degree,Employed
3005,40,47777,3.3,36,91.07,Male,Doctorate,Retired
3006,21,36700,4.92,35,46.05,Female,Associate Degree,Employed
3007,39,37766,4.96,50,19.52,Non-binary,Master's Degree,Unemployed
3008,19,44752,2.42,31,30.74,Male,Doctorate,Student
3009,45,59743,2.78,28,86.62,Prefer not to say,Associate Degree,Self-employed
3010,30,44859,4.84,44,38.32,Female,Bachelor's Degree,Student
3011,34,66176,3.43,55,56.2,Prefer not to say,Associate Degree,Self-employed
3012,48,35033,1.85,47,94.77,Non-binary,Bachelor's Degree,Retired
3013,22,31221,3.76,25,65.17,Male,Master's Degree,Employed
3014,21,78895,1.82,33,67.57,Male,Bachelor's Degree,Self-employed
3015,29,40130,2.36,49,24.86,Prefer not to say,Doctorate,Self-employed
3016,45,30336,1.91,55,66.83,Female,Associate Degree,Retired
3017,19,23869,1.98,42,39.38,Female,High School,Student
3018,18,66126,1.02,34,91.1,Prefer not to say,Bachelor's Degree,Student
3019,30,44880,4.52,56,12.95,Non-binary,Bachelor's Degree,Student
3020,40,46194,2.18,39,28.56,Female,High School,Employed
3021,47,47611,1.35,33,6.6,Male,Doctorate,Retired
3022,30,65194,1.35,32,38.09,Prefer not to say,Master's Degree,Self-employed
3023,30,47307,3.22,28,14.84,Non-binary,Master's Degree,Student
3024,46,85160,4.97,68,84.51,Male,Doctorate,Student
3025,18,52006,1.58,54,92.5,Male,Associate Degree,Student
3026,31,65926,1.4,33,66.94,Male,Master's Degree,Unemployed
3027,36,62078,2.75,57,10.33,Male,Doctorate,Employed
3028,39,49453,3.25,45,34.16,Non-binary,Bachelor's Degree,Student
3029,29,41195,2.18,44,96.45,Male,High School,Unemployed
3030,35,54979,2.21,32,13.63,Prefer not to say,Associate Degree,Retired
3031,18,57651,2.7,34,55.65,Prefer not to say,Associate Degree,Self-employed
3032,28,41411,2.26,39,35.29,Prefer not to say,Bachelor's Degree,Student
3033,39,52495,4.66,20,99.92,Female,Master's Degree,Employed
3034,25,68543,1.17,35,28.54,Prefer not to say,Associate Degree,Student
3035,35,81049,1.94,40,4.78,Prefer not to say,High School,Employed
3036,39,62815,4.23,53,70.22,Male,Bachelor's Degree,Unemployed
3037,31,77941,4.34,33,32.67,Male,Associate Degree,Employed
3038,36,40559,1.45,48,65.76,Non-binary,Bachelor's Degree,Retired
3039,25,60528,4.9,19,10.47,Non-binary,Master's Degree,Employed
3040,32,70077,3.77,51,52.31,Prefer not to say,Doctorate,Self-employed
3041,41,36555,2.09,30,37.52,Prefer not to say,Bachelor's Degree,Unemployed
3042,36,42716,2.82,41,53.68,Non-binary,Master's Degree,Employed
3043,29,76068,2.19,44,85.35,Female,Associate Degree,Student
3044,37,35373,1.6,42,97.27,Prefer not to say,Associate Degree,Retired
3045,42,29883,2.16,38,75.31,Prefer not to say,Master's Degree,Self-employed
3046,18,72919,3.32,27,76.69,Male,Associate Degree,Employed
3047,46,67951,4.3,31,52.89,Male,Associate Degree,Employed
3048,31,56481,2.45,49,9.74,Prefer not to say,Associate Degree,Self-employed
3049,39,49314,2.39,34,66.71,Female,Master's Degree,Self-employed
3050,46,43422,2.87,38,14.78,Female,Master's Degree,Employed
3051,21,54229,3.58,25,24.57,Non-binary,Bachelor's Degree,Student
3052,27,73697,4.01,48,70.76,Female,High School,Student
3053,32,53578,2.31,26,65.7,Female,Doctorate,Student
3054,27,82504,3.35,49,31.43,Non-binary,Associate Degree,Employed
3055,52,36530,2.56,29,77.2,Female,High School,Unemployed
3056,26,49704,3.87,50,93.93,Non-binary,High School,Employed
3057,29,44404,1.66,40,54.53,Male,Master's Degree,Unemployed
3058,37,33722,2.03,34,67.77,Non-binary,Master's Degree,Student
3059,22,47703,2.7,56,27.18,Prefer not to say,High School,Employed
3060,31,56259,4.56,39,97.08,Female,Master's Degree,Student
3061,38,57863,3.29,36,27.37,Female,Bachelor's Degree,Employed
3062,31,82556,4.86,49,88.74,Non-binary,Bachelor's Degree,Student
3063,34,56967,1.41,25,92.79,Prefer not to say,Doctorate,Self-employed
3064,29,67252,2.84,14,71.96,Female,Doctorate,Employed
3065,19,50991,2.68,51,81.16,Male,Doctorate,Unemployed
3066,38,75170,3.4,31,45.79,Non-binary,Associate Degree,Student
3067,52,85976,4.25,48,91.95,Prefer not to say,Bachelor's Degree,Retired
3068,35,57966,4.37,40,74.26,Non-binary,Associate Degree,Unemployed
3069,37,35110,3.68,28,32.67,Female,Bachelor's Degree,Retired
3070,41,41767,3.57,46,3.49,Female,High School,Student
3071,22,54229,4.8,35,54.08,Female,Associate Degree,Employed
3072,52,56847,2.53,29,84.07,Non-binary,Doctorate,Employed
3073,37,60476,4.33,29,86.07,Prefer not to say,Bachelor's Degree,Employed
3074,51,56902,4.69,22,83.51,Non-binary,Doctorate,Retired
3075,27,50104,2.97,44,21.47,Female,Master's Degree,Student
3076,53,40457,3.92,30,42.61,Non-binary,Bachelor's Degree,Self-employed
3077,42,56017,2.51,39,61.38,Male,Bachelor's Degree,Employed
3078,40,77824,1.64,38,66.76,Prefer not to say,Doctorate,Student
3079,37,65298,3.35,30,33.46,Female,Doctorate,Self-employed
3080,32,58020,1.79,24,69.26,Non-binary,Doctorate,Self-employed
3081,47,65443,2.83,65,59.09,Male,Bachelor's Degree,Student
3082,36,44434,4.49,39,56.68,Female,High School,Employed
3083,18,42376,1.34,58,66.3,Non-binary,Master's Degree,Employed
3084,23,38783,1.12,51,60.34,Female,Doctorate,Unemployed
3085,33,48120,3.43,36,16.69,Prefer not to say,High School,Student
3086,38,43669,2.32,41,87.44,Female,Doctorate,Self-employed
3087,34,68124,2.67,41,24.06,Female,Bachelor's Degree,Retired
3088,47,42870,2.62,58,74.45,Prefer not to say,High School,Retired
3089,18,37959,1.35,48,17.65,Non-binary,Bachelor's Degree,Employed
3090,36,79138,1.01,31,66.1,Male,Associate Degree,Unemployed
3091,18,43229,4.59,43,89.57,Male,Doctorate,Retired
3092,42,52302,1.87,48,0.97,Prefer not to say,Master's Degree,Employed
3093,34,56769,2.7,28,97.97,Female,High School,Unemployed
3094,39,32949,4.89,44,2.97,Non-binary,Associate Degree,Retired
3095,26,68532,4.31,53,1.14,Non-binary,Doctorate,Self-employed
3096,47,59556,1.43,31,85.76,Prefer not to say,Associate Degree,Retired
3097,45,73375,3.03,32,70.87,Non-binary,High School,Retired
3098,40,39811,3.92,51,10.58,Male,Master's Degree,Retired
3099,33,51486,3.79,36,93.74,Non-binary,High School,Retired
3100,40,50590,4.04,30,67.19,Female,Master's Degree,Employed
3101,27,53958,2.83,48,11.1,Non-binary,Bachelor's Degree,Student
3102,43,28180,1.7,45,86.06,Prefer not to say,Doctorate,Self-employed
3103,51,51662,2.86,40,48.09,Prefer not to say,Associate Degree,Student
3104,45,28603,3.59,51,27.81,Male,Bachelor's Degree,Employed
3105,27,55375,3.43,51,82.5,Male,Doctorate,Retired
3106,38,20000,1.28,39,73.84,Male,Associate Degree,Unemployed
3107,22,22226,1.26,59,62.3,Male,Bachelor's Degree,Unemployed
3108,40,62278,4.86,55,89.85,Non-binary,Doctorate,Student
3109,39,41797,1.61,20,86.13,Non-binary,Doctorate,Unemployed
3110,18,35182,2.18,29,22.68,Prefer not to say,Bachelor's Degree,Student
3111,23,69062,4.07,17,87.87,Prefer not to say,High School,Self-employed
3112,32,54914,2.64,36,37.4,Male,Master's Degree,Unemployed
3113,31,63081,1.73,27,43.18,Non-binary,Master's Degree,Retired
3114,22,47506,2.87,31,97.23,Female,High School,Employed
3115,38,90194,3.28,50,75.99,Male,Doctorate,Self-employed
3116,37,40932,2.81,22,32.15,Male,Associate Degree,Unemployed
3117,33,76167,4.68,41,64.79,Non-binary,High School,Unemployed
3118,27,49079,2.14,41,53.93,Female,Doctorate,Student
3119,45,25182,3.65,39,11.66,Male,Bachelor's Degree,Self-employed
3120,51,57242,1.45,41,88.78,Female,Bachelor's Degree,Employed
3121,30,54721,2.57,17,82.19,Prefer not to say,Doctorate,Employed
3122,28,34230,3.96,31,77.77,Prefer not to say,Bachelor's Degree,Student
3123,39,36166,1.9,55,55.92,Male,Master's Degree,Student
3124,31,49629,3.36,28,22.08,Non-binary,High School,Student
3125,33,55246,1.61,56,88.39,Male,Master's Degree,Unemployed
3126,42,20000,1.41,25,35.3,Non-binary,Doctorate,Self-employed
3127,18,65796,3.09,24,2.01,Female,High School,Employed
3128,48,42582,3.7,30,98.18,Non-binary,Bachelor's Degree,Retired
3129,35,30023,1.45,51,86.12,Non-binary,High School,Employed
3130,30,64115,4.67,34,62.27,Male,High School,Self-employed
3131,34,49645,1.9,43,1.24,Male,Bachelor's Degree,Student
3132,34,68242,1.48,40,22.77,Prefer not to say,Associate Degree,Unemployed
3133,18,56569,1.81,39,45.2,Female,Bachelor's Degree,Employed
3134,49,49977,1.68,52,62.81,Prefer not to say,Master's Degree,Retired
3135,35,47709,1.36,47,70.82,Female,Associate Degree,Unemployed
3136,39,57240,4.19,28,78.83,Prefer not to say,Master's Degree,Employed
3137,44,43797,2.98,37,55.57,Female,Doctorate,Self-employed
3138,24,37211,2.55,57,65.62,Non-binary,Master's Degree,Employed
3139,39,59148,4.8,43,81.12,Non-binary,High School,Retired
3140,32,47832,2.48,24,71.98,Prefer not to say,Doctorate,Unemployed
3141,43,50503,1.67,25,95.48,Prefer not to say,Associate Degree,Employed
3142,18,66340,2.1,48,87.46,Prefer not to say,Master's Degree,Retired
3143,34,48291,1.96,47,16.94,Male,Doctorate,Employed
3144,28,50225,2.99,30,94.74,Female,Master's Degree,Employed
3145,39,41005,2.17,47,20.42,Prefer not to say,High School,Student
3146,39,56461,3.06,55,99.13,Male,High School,Retired
3147,27,55247,3.68,54,70.13,Prefer not to say,Associate Degree,Employed
3148,27,63511,4.11,56,62.75,Male,Bachelor's Degree,Unemployed
3149,33,41313,3.84,45,32.43,Prefer not to say,Bachelor's Degree,Self-employed
3150,26,43132,1.82,38,13.31,Non-binary,High School,Student
3151,43,61882,1.46,35,12.62,Male,Doctorate,Student
3152,31,53783,3.17,39,86.66,Non-binary,Associate Degree,Student
3153,18,36406,1.8,31,43.24,Male,Master's Degree,Self-employed
3154,31,69598,1.34,36,55.99,Female,Master's Degree,Retired
3155,24,24523,3.11,52,93.18,Female,Doctorate,Unemployed
3156,18,61764,2.31,23,25.54,Male,Bachelor's Degree,Self-employed
3157,22,31021,4.02,24,76.39,Prefer not to say,High School,Unemployed
3158,36,78286,2.26,48,47.05,Male,High School,Unemployed
3159,48,26831,4.91,36,21.28,Female,Associate Degree,Student
3160,38,67283,4.03,20,85.3,Female,High School,Employed
3161,28,48775,1.23,39,67.99,Non-binary,Bachelor's Degree,Unemployed
3162,39,44500,3.04,37,9.49,Female,Bachelor's Degree,Unemployed
3163,30,52780,3.25,35,54.18,Prefer not to say,Doctorate,Unemployed
3164,28,59478,3.78,46,85.18,Non-binary,Associate Degree,Unemployed
3165,23,36433,2.99,26,6.69,Female,Associate Degree,Student
3166,18,37763,2.93,40,41.63,Male,High School,Unemployed
3167,31,59744,2.47,37,80.52,Male,Master's Degree,Employed
3168,36,24389,2.09,40,85.84,Female,Associate Degree,Retired
3169,34,41236,4.78,22,77.54,Prefer not to say,High School,Retired
3170,30,95610,2.27,34,30.57,Male,Master's Degree,Unemployed
3171,25,35479,1.25,40,50.69,Non-binary,High School,Student
3172,41,67217,1.67,45,74.13,Prefer not to say,Doctorate,Employed
3173,21,41210,4.43,58,15.26,Non-binary,Associate Degree,Employed
3174,42,57635,3.35,48,59.5,Non-binary,High School,Unemployed
3175,24,59815,4.12,44,72.04,Female,Doctorate,Student
3176,27,66934,4.24,52,85,Non-binary,High School,Retired
3177,20,46996,4.29,36,11.17,Male,Bachelor's Degree,Self-employed
3178,29,79833,3.2,55,32.97,Prefer not to say,High School,Unemployed
3179,44,41159,1.71,51,54.17,Non-binary,Bachelor's Degree,Unemployed
3180,40,53513,1.59,35,70.11,Female,Associate Degree,Unemployed
3181,44,53679,3.3,59,73,Non-binary,High School,Student
3182,40,33170,2.47,44,25.33,Male,Doctorate,Self-employed
3183,23,45711,3.23,61,1.39,Prefer not to say,Associate Degree,Student
3184,31,52422,2.99,43,69.38,Male,Associate Degree,Unemployed
3185,27,43518,3.41,34,90.91,Female,Bachelor's Degree,Self-employed
3186,48,86613,1.13,32,79.75,Non-binary,Associate Degree,Employed
3187,23,37420,1.13,36,62.25,Male,High School,Employed
3188,43,67691,3.89,34,97.76,Female,High School,Self-employed
3189,43,62846,1.77,52,43.31,Female,Bachelor's Degree,Unemployed
3190,53,49792,3.61,39,52.5,Female,High School,Student
3191,30,37021,3.19,23,1.23,Female,Bachelor's Degree,Unemployed
3192,42,38476,4.93,42,94.6,Prefer not to say,Master's Degree,Self-employed
3193,57,42230,4.34,41,58.33,Female,Bachelor's Degree,Unemployed
3194,28,23213,2.65,35,39.08,Female,Doctorate,Unemployed
3195,19,34948,3.47,42,4.46,Male,Doctorate,Employed
3196,18,27762,1.47,39,36.24,Non-binary,High School,Retired
3197,42,70188,2.55,46,0.36,Female,Master's Degree,Student
3198,18,59276,3.94,45,32.43,Non-binary,Doctorate,Unemployed
3199,31,61789,3.49,43,95.15,Prefer not to say,Doctorate,Employed
3200,39,58832,2.94,27,15.43,Female,Doctorate,Retired
3201,36,52504,1.71,61,54.54,Male,High School,Employed
3202,39,71910,4.21,24,18.66,Male,Associate Degree,Unemployed
3203,37,40838,2.09,38,78.34,Non-binary,Associate Degree,Student
3204,47,51600,4.28,29,56.24,Prefer not to say,Associate Degree,Retired
3205,25,61205,3.45,43,20.22,Prefer not to say,High School,Unemployed
3206,28,30181,2.49,41,86.62,Female,Associate Degree,Self-employed
3207,27,96448,1.16,38,78.4,Non-binary,Bachelor's Degree,Unemployed
3208,43,50428,1.93,55,95.13,Female,High School,Employed
3209,44,52129,4.56,51,0.06,Prefer not to say,High School,Unemployed
3210,39,68853,4.27,36,45.71,Female,Master's Degree,Self-employed
3211,46,63724,3.3,48,99.98,Female,Doctorate,Self-employed
3212,23,50571,2.87,55,81.12,Female,Master's Degree,Unemployed
3213,51,51951,3.59,51,83.13,Female,Associate Degree,Self-employed
3214,50,27437,2.86,38,62.11,Female,High School,Employed
3215,42,41653,3.58,24,71.29,Male,High School,Self-employed
3216,52,57758,2.23,43,80.53,Male,Associate Degree,Self-employed
3217,18,56658,4.35,46,9.23,Female,Doctorate,Student
3218,29,68317,3.81,32,69.26,Prefer not to say,Master's Degree,Employed
3219,27,48192,2.32,40,81.54,Non-binary,Doctorate,Self-employed
3220,42,29190,4.32,39,4.09,Non-binary,Associate Degree,Unemployed
3221,24,65850,2.95,53,29.71,Prefer not to say,Master's Degree,Self-employed
3222,42,71541,1.7,58,32.4,Male,Master's Degree,Retired
3223,48,63473,1.31,51,85.46,Non-binary,Doctorate,Retired
3224,41,47545,3.8,39,78.04,Prefer not to say,Doctorate,Employed
3225,37,65665,4.46,51,65.64,Female,High School,Retired
3226,25,101433,4.23,46,80.47,Prefer not to say,High School,Retired
3227,26,51727,3.62,39,45.34,Female,Doctorate,Self-employed
3228,47,30323,1.57,60,87.49,Female,Associate Degree,Employed
3229,42,41205,1.38,32,23.42,Female,Doctorate,Student
3230,34,59382,2.38,46,70.46,Female,High School,Self-employed
3231,30,25927,4.42,48,24.18,Prefer not to say,Master's Degree,Student
3232,18,52541,4.85,37,3.99,Non-binary,Associate Degree,Unemployed
3233,24,55705,1.97,45,28.42,Non-binary,High School,Retired
3234,54,73026,4.05,49,49.29,Female,Associate Degree,Self-employed
3235,22,69652,3.3,42,84.34,Female,Associate Degree,Employed
3236,36,62968,1.13,44,50.89,Non-binary,Master's Degree,Retired
3237,45,20000,3.17,41,17.92,Prefer not to say,High School,Unemployed
3238,22,63815,4.22,47,99.28,Non-binary,Doctorate,Retired
3239,36,60582,2.1,37,27.01,Female,Associate Degree,Retired
3240,44,53839,4.59,36,98.53,Non-binary,Associate Degree,Student
3241,35,24046,1.95,40,93.63,Female,Master's Degree,Unemployed
3242,63,38348,1.31,51,54.24,Prefer not to say,High School,Employed
3243,18,32497,1.64,22,9.2,Male,Associate Degree,Retired
3244,45,20000,4.35,30,69.54,Female,Associate Degree,Retired
3245,33,49956,2.67,62,84.57,Non-binary,Bachelor's Degree,Employed
3246,42,38032,4.19,42,44.53,Male,Bachelor's Degree,Employed
3247,39,89379,3.12,35,23.9,Non-binary,Associate Degree,Self-employed
3248,27,47468,2.92,47,80.28,Non-binary,Master's Degree,Self-employed
3249,37,69406,4.23,32,54.51,Non-binary,Doctorate,Retired
3250,18,26463,2.69,18,19.76,Male,Bachelor's Degree,Self-employed
3251,41,42048,4.21,43,94.95,Female,Bachelor's Degree,Retired
3252,37,51453,1.4,32,94.81,Male,High School,Employed
3253,41,36377,3.55,41,36.7,Male,Doctorate,Self-employed
3254,45,43666,3.81,43,6.4,Male,Bachelor's Degree,Unemployed
3255,38,46730,4.6,41,63.08,Prefer not to say,Doctorate,Unemployed
3256,36,46491,1.9,22,31.72,Prefer not to say,Doctorate,Employed
3257,26,77826,3.42,40,6.64,Male,High School,Retired
3258,27,55673,2.73,44,89.18,Male,Associate Degree,Unemployed
3259,46,57192,2.53,25,99.81,Female,Associate Degree,Self-employed
3260,49,58094,1.43,24,35.04,Prefer not to say,Bachelor's Degree,Student
3261,32,59189,1.54,29,74.47,Female,High School,Retired
3262,35,48756,4.35,47,6.58,Non-binary,Bachelor's Degree,Self-employed
3263,25,45188,4,20,36.97,Non-binary,Bachelor's Degree,Retired
3264,46,52502,2.53,48,10.88,Non-binary,Associate Degree,Self-employed
3265,41,67352,4.31,43,5.53,Prefer not to say,High School,Employed
3266,54,66893,1.32,37,58.88,Non-binary,Doctorate,Employed
3267,26,46394,3.5,25,80.2,Prefer not to say,Associate Degree,Employed
3268,31,61517,4.47,32,45.3,Prefer not to say,Bachelor's Degree,Employed
3269,37,47081,4.36,47,52.42,Female,Bachelor's Degree,Self-employed
3270,41,50508,2.49,52,27.07,Non-binary,Master's Degree,Unemployed
3271,32,42897,3.98,29,73.64,Female,High School,Self-employed
3272,26,47275,2.71,51,36.11,Non-binary,Doctorate,Self-employed
3273,43,70119,4.36,46,6.75,Male,Doctorate,Student
3274,42,51386,3.12,39,16.55,Female,Bachelor's Degree,Student
3275,25,52029,4.06,32,12.85,Prefer not to say,Master's Degree,Self-employed
3276,48,28291,1.31,34,43.59,Female,Master's Degree,Employed
3277,46,45361,3.36,58,6.52,Non-binary,High School,Student
3278,36,46380,3.2,41,80.65,Prefer not to say,Bachelor's Degree,Student
3279,35,37562,3.44,53,90.8,Prefer not to say,Bachelor's Degree,Self-employed
3280,40,50324,3.78,42,24.84,Prefer not to say,Bachelor's Degree,Retired
3281,26,43562,4.67,35,48.55,Non-binary,High School,Student
3282,35,51199,4.14,45,51.91,Male,Doctorate,Employed
3283,18,51822,1.88,61,98.5,Male,Associate Degree,Self-employed
3284,43,35663,4.3,33,6.56,Female,Master's Degree,Retired
3285,19,44019,1.49,49,66.79,Prefer not to say,Doctorate,Unemployed
3286,50,51160,3.49,41,34.58,Non-binary,Associate Degree,Employed
3287,31,67764,4.53,25,50.18,Female,Doctorate,Employed
3288,32,53850,1.4,25,21.7,Non-binary,Doctorate,Self-employed
3289,28,40070,4.4,35,16.02,Female,Doctorate,Unemployed
3290,32,55985,4.19,43,24.36,Female,Doctorate,Employed
3291,49,75613,3.02,48,7.13,Non-binary,Bachelor's Degree,Employed
3292,18,63750,2.24,24,27.81,Non-binary,Doctorate,Self-employed
3293,47,58212,2.62,46,69.04,Male,Associate Degree,Employed
3294,38,60883,4.87,38,65.15,Non-binary,Associate Degree,Retired
3295,22,71599,1.81,40,55.45,Female,Master's Degree,Unemployed
3296,24,66134,3.32,45,0.04,Prefer not to say,High School,Student
3297,51,58501,1.33,57,12.58,Non-binary,Associate Degree,Student
3298,25,66029,1.87,43,84.29,Non-binary,Associate Degree,Unemployed
3299,23,33775,4.05,26,27.17,Prefer not to say,Associate Degree,Retired
3300,46,27466,2.21,38,91.22,Male,Associate Degree,Self-employed
3301,38,52356,4.94,48,87.45,Prefer not to say,High School,Self-employed
3302,25,51030,3,48,15.49,Prefer not to say,High School,Student
3303,37,41841,3.07,46,89.82,Non-binary,Doctorate,Employed
3304,24,62387,1.15,34,62.78,Male,Associate Degree,Unemployed
3305,46,22057,4.83,26,63.03,Male,Associate Degree,Retired
3306,45,41978,1.7,45,85.27,Prefer not to say,Master's Degree,Self-employed
3307,40,42725,3.15,27,40.51,Female,Master's Degree,Unemployed
3308,38,25455,2.58,46,73.53,Female,Master's Degree,Employed
3309,52,72420,2.66,46,66.78,Female,Master's Degree,Student
3310,34,29611,3.57,35,77.15,Non-binary,Doctorate,Employed
3311,23,41174,3.65,38,66.02,Non-binary,Bachelor's Degree,Retired
3312,39,63619,1.62,41,8.01,Female,Master's Degree,Student
3313,55,59690,3,33,29.27,Prefer not to say,Master's Degree,Employed
3314,24,33377,4.16,26,93.99,Non-binary,High School,Retired
3315,31,60237,2.77,39,22.34,Male,Associate Degree,Retired
3316,39,54346,1.66,40,47.23,Prefer not to say,Doctorate,Retired
3317,34,84995,2.25,53,35.69,Female,Associate Degree,Unemployed
3318,25,56059,1.85,32,8.63,Non-binary,Bachelor's Degree,Retired
3319,46,47881,1.5,50,18.12,Non-binary,Doctorate,Self-employed
3320,58,37152,2.51,28,28.67,Male,Bachelor's Degree,Retired
3321,36,38836,3.16,26,46.33,Female,Associate Degree,Employed
3322,25,37613,1.29,36,87.45,Female,High School,Self-employed
3323,19,70566,3.42,30,51.56,Non-binary,Master's Degree,Student
3324,37,50269,4.97,26,65.19,Female,Associate Degree,Self-employed
3325,46,58478,4.86,59,42.6,Male,Doctorate,Employed
3326,39,72713,4.32,35,87.01,Prefer not to say,Master's Degree,Student
3327,34,20000,2.07,63,66.26,Female,Doctorate,Employed
3328,29,69183,1.09,30,9.06,Male,Bachelor's Degree,Employed
3329,24,50830,4.33,22,47.75,Non-binary,Doctorate,Unemployed
3330,43,56525,1.22,52,82.72,Prefer not to say,High School,Unemployed
3331,44,37573,1.82,32,73.37,Male,Bachelor's Degree,Employed
3332,19,38673,3.18,41,90.53,Prefer not to say,Associate Degree,Retired
3333,50,57332,1.71,26,22.77,Prefer not to say,Master's Degree,Unemployed
3334,40,85768,4.34,39,97.72,Non-binary,Master's Degree,Employed
3335,48,65049,4.11,26,28.51,Non-binary,High School,Self-employed
3336,21,68982,4.02,39,5.02,Male,Doctorate,Employed
3337,21,47119,4.26,35,49.57,Male,Associate Degree,Employed
3338,33,40996,1.88,42,11.03,Male,Doctorate,Student
3339,40,38287,3.92,46,68.13,Prefer not to say,Doctorate,Unemployed
3340,52,42675,2.42,42,90.06,Non-binary,High School,Student
3341,42,20000,3.67,44,92.13,Prefer not to say,Bachelor's Degree,Retired
3342,32,39126,1.49,38,60.7,Female,Bachelor's Degree,Employed
3343,24,41594,3.82,35,53.53,Non-binary,High School,Unemployed
3344,47,47369,4.89,44,99.4,Male,High School,Unemployed
3345,25,51976,1.17,38,57.94,Prefer not to say,High School,Unemployed
3346,51,55436,1.38,39,92.75,Non-binary,Doctorate,Employed
3347,32,49776,1.49,43,91.66,Male,Doctorate,Employed
3348,50,41278,2.72,29,28.95,Male,Associate Degree,Self-employed
3349,41,20549,2.16,54,1.38,Female,High School,Student
3350,33,41370,4.23,37,43.92,Non-binary,Doctorate,Student
3351,29,35413,2.9,41,86.14,Male,Bachelor's Degree,Employed
3352,31,56991,2.94,39,83.61,Prefer not to say,High School,Retired
3353,39,63639,3.87,46,60.37,Non-binary,Bachelor's Degree,Unemployed
3354,35,64078,2.45,43,15.67,Female,Master's Degree,Employed
3355,29,61354,2.41,39,10.76,Male,Associate Degree,Employed
3356,33,47997,4.03,54,95.47,Male,Master's Degree,Employed
3357,35,42170,4.12,10,42.14,Non-binary,Associate Degree,Unemployed
3358,18,38793,1.06,52,64.82,Non-binary,High School,Unemployed
3359,39,27387,1.58,49,90.59,Non-binary,Associate Degree,Employed
3360,25,64877,1.85,21,86.99,Female,Doctorate,Self-employed
3361,23,47379,2.41,49,56.69,Prefer not to say,Bachelor's Degree,Student
3362,18,31304,2.17,50,48.79,Female,Doctorate,Self-employed
3363,18,37602,3.67,45,73.53,Male,High School,Self-employed
3364,21,36995,4.31,24,34.96,Non-binary,Master's Degree,Employed
3365,27,50645,1.77,46,62.54,Prefer not to say,Bachelor's Degree,Unemployed
3366,54,66012,3.25,50,2.32,Female,High School,Student
3367,29,44780,2.47,34,82.43,Non-binary,Doctorate,Self-employed
3368,36,20000,3.02,44,99.8,Non-binary,Doctorate,Retired
3369,39,47162,3.48,36,95.47,Female,Associate Degree,Unemployed
3370,36,47657,4.57,48,35.99,Prefer not to say,Associate Degree,Unemployed
3371,34,46626,1.77,36,53.11,Non-binary,Master's Degree,Student
3372,23,40588,1.35,34,23.62,Male,Associate Degree,Student
3373,49,53261,3.51,39,30.3,Male,Associate Degree,Student
3374,53,50992,2.58,26,45.73,Non-binary,Associate Degree,Employed
3375,18,49627,1.65,38,74.71,Female,Master's Degree,Unemployed
3376,24,56189,1.47,43,1.79,Prefer not to say,High School,Employed
3377,32,43552,3.24,48,39.38,Non-binary,Bachelor's Degree,Employed
3378,25,42701,2.2,42,55.65,Male,High School,Employed
3379,40,70701,4.99,25,21.52,Prefer not to say,High School,Unemployed
3380,27,58390,2.62,53,7.85,Prefer not to say,High School,Retired
3381,56,62404,1.85,54,53.96,Non-binary,Doctorate,Self-employed
3382,46,68391,3.52,41,63.78,Female,Bachelor's Degree,Unemployed
3383,37,57889,1.98,32,64.1,Female,Bachelor's Degree,Unemployed
3384,45,63925,2.98,34,35.66,Female,Doctorate,Student
3385,46,26309,2.93,37,23.74,Prefer not to say,Doctorate,Self-employed
3386,29,53062,2.81,42,22.04,Female,Associate Degree,Student
3387,26,47259,4.18,36,4.05,Male,Doctorate,Retired
3388,35,75165,1.87,31,18.47,Non-binary,Master's Degree,Employed
3389,43,63914,4.62,50,81.86,Male,Doctorate,Student
3390,36,40543,4.17,42,0.31,Female,Associate Degree,Retired
3391,19,55591,2.33,29,4.39,Non-binary,Doctorate,Self-employed
3392,26,52515,1.72,42,12.7,Non-binary,Master's Degree,Employed
3393,34,56814,2.12,41,42.02,Female,Doctorate,Retired
3394,34,34717,2.33,32,33.37,Non-binary,High School,Student
3395,54,55400,3.23,51,17.78,Female,Bachelor's Degree,Retired
3396,21,46577,1.19,41,11.09,Non-binary,Master's Degree,Retired
3397,40,54236,4.66,37,93.89,Female,Master's Degree,Employed
3398,49,39134,1.39,39,91.13,Male,Master's Degree,Unemployed
3399,57,41224,2.12,44,77.19,Non-binary,High School,Retired
3400,30,67607,1.44,39,25.2,Prefer not to say,High School,Employed
3401,39,34226,2.03,39,32.37,Male,Bachelor's Degree,Employed
3402,40,35333,4.35,50,66.58,Prefer not to say,Associate Degree,Self-employed
3403,36,49226,3.46,25,29.17,Male,Bachelor's Degree,Self-employed
3404,34,38421,1.91,27,53.06,Male,Master's Degree,Unemployed
3405,39,36724,4.49,47,65.13,Male,Master's Degree,Student
3406,18,51576,4.2,64,51.92,Prefer not to say,Master's Degree,Retired
3407,41,27424,4.01,48,41.33,Male,Bachelor's Degree,Retired
3408,36,34880,4.39,58,34.79,Non-binary,Associate Degree,Employed
3409,32,80811,3.48,35,77.77,Non-binary,Associate Degree,Employed
3410,55,56892,3.01,33,73.9,Non-binary,Bachelor's Degree,Employed
3411,28,38801,2.5,44,69.62,Male,Master's Degree,Self-employed
3412,30,56273,1.9,49,37.47,Female,Bachelor's Degree,Employed
3413,54,58509,3.23,26,77.57,Female,Bachelor's Degree,Unemployed
3414,26,64916,4.56,37,95.77,Non-binary,Doctorate,Employed
3415,29,48092,3.38,39,68.9,Male,Doctorate,Student
3416,33,64647,4.68,33,40.79,Prefer not to say,High School,Employed
3417,43,20000,2.43,34,79.65,Prefer not to say,High School,Retired
3418,37,34155,3.78,48,60.93,Non-binary,Bachelor's Degree,Retired
3419,22,52458,3.59,44,87.77,Male,Doctorate,Employed
3420,29,54944,3.68,47,71.32,Prefer not to say,Master's Degree,Retired
3421,28,36323,3.58,43,76.99,Prefer not to say,High School,Employed
3422,34,53891,1.89,31,66.74,Prefer not to say,Master's Degree,Employed
3423,39,40642,1.57,44,9.2,Female,Master's Degree,Self-employed
3424,39,45845,4.91,30,48.51,Female,High School,Self-employed
3425,18,65371,1.18,36,5.65,Prefer not to say,Bachelor's Degree,Retired
3426,45,63634,2.87,29,44.75,Male,Doctorate,Retired
3427,37,35044,2.7,33,71.64,Prefer not to say,High School,Unemployed
3428,48,34141,2.44,40,42.13,Prefer not to say,Associate Degree,Unemployed
3429,39,43832,4.13,35,0.16,Female,Associate Degree,Employed
3430,46,49598,3.98,31,36.93,Male,Master's Degree,Unemployed
3431,39,40131,4.62,51,6.78,Non-binary,Associate Degree,Student
3432,48,65609,2.58,38,78.06,Male,Master's Degree,Self-employed
3433,40,55210,3.26,34,78.38,Male,Doctorate,Retired
3434,34,56091,4.57,29,80.64,Female,High School,Unemployed
3435,57,31001,4.98,21,3.03,Male,High School,Student
3436,43,67509,4.88,37,3.23,Female,Doctorate,Unemployed
3437,40,20000,3.87,26,90.34,Male,Master's Degree,Retired
3438,22,62510,1.57,47,12.37,Female,Bachelor's Degree,Unemployed
3439,22,64014,1.09,40,67.01,Male,Associate Degree,Self-employed
3440,37,43513,4.3,55,79.55,Male,Doctorate,Unemployed
3441,36,69093,4.36,42,44.79,Male,Associate Degree,Student
3442,28,49053,3.99,32,54.65,Male,Bachelor's Degree,Unemployed
3443,36,50936,2.12,21,22.74,Non-binary,Master's Degree,Retired
3444,50,55092,3.56,48,92.36,Non-binary,Associate Degree,Unemployed
3445,41,97798,2.26,27,30.18,Female,Master's Degree,Student
3446,23,70166,2.8,35,21.78,Non-binary,Bachelor's Degree,Unemployed
3447,33,60516,2.53,56,52.54,Prefer not to say,Master's Degree,Employed
3448,26,36307,4.65,46,19.05,Non-binary,Bachelor's Degree,Retired
3449,31,52153,1.94,43,68.67,Female,High School,Employed
3450,30,37803,3.31,49,51.51,Prefer not to say,Associate Degree,Employed
3451,30,62331,2.44,49,14.78,Non-binary,Associate Degree,Retired
3452,22,52107,3.65,55,6.72,Prefer not to say,Bachelor's Degree,Retired
3453,33,33132,3.26,33,13.7,Prefer not to say,Bachelor's Degree,Student
3454,29,51216,4.7,36,13.66,Prefer not to say,Doctorate,Student
3455,18,37258,1.41,30,31.29,Female,Bachelor's Degree,Student
3456,55,52268,1.88,39,83.33,Non-binary,Bachelor's Degree,Employed
3457,45,37113,4.07,38,5.73,Female,Master's Degree,Unemployed
3458,31,50412,2.48,22,12.81,Female,Master's Degree,Self-employed
3459,35,61257,1.66,33,30.29,Non-binary,Associate Degree,Unemployed
3460,23,49204,3.01,54,55.33,Female,Master's Degree,Self-employed
3461,51,44136,3.61,42,76.29,Male,Master's Degree,Self-employed
3462,53,53049,1.18,47,92.12,Non-binary,Associate Degree,Self-employed
3463,36,60457,2.17,38,41.21,Male,High School,Self-employed
3464,45,33392,4.24,21,10.58,Non-binary,Doctorate,Retired
3465,36,53909,3.08,38,21.35,Non-binary,Master's Degree,Student
3466,21,69763,1.14,50,28.72,Female,High School,Retired
3467,30,58604,2.13,28,78.61,Female,Doctorate,Employed
3468,36,50866,3.56,47,68.66,Female,Associate Degree,Retired
3469,30,59596,1.8,22,20.9,Prefer not to say,Master's Degree,Student
3470,32,56787,4.31,40,83.87,Non-binary,Master's Degree,Unemployed
3471,34,61304,3.71,45,85.92,Prefer not to say,Bachelor's Degree,Student
3472,34,20000,2.89,36,88.24,Female,Master's Degree,Unemployed
3473,35,26698,4.66,64,27.5,Male,Master's Degree,Employed
3474,24,65072,2.57,35,13.37,Male,High School,Self-employed
3475,27,27420,1.94,34,10.4,Non-binary,High School,Retired
3476,22,56023,3.65,42,40.01,Prefer not to say,Master's Degree,Self-employed
3477,44,44719,3.29,32,42.93,Non-binary,Doctorate,Employed
3478,18,35057,2.34,25,86.82,Female,Associate Degree,Employed
3479,46,55244,2.37,29,26.78,Prefer not to say,High School,Unemployed
3480,48,53015,2.59,47,62.69,Male,Doctorate,Unemployed
3481,31,81655,2.16,36,78.82,Female,Master's Degree,Employed
3482,18,40627,3.84,57,26.92,Female,Bachelor's Degree,Student
3483,31,71601,3.61,35,26.71,Female,High School,Self-employed
3484,34,55286,2.76,47,66.92,Prefer not to say,High School,Retired
3485,24,40084,2.59,45,72.61,Female,Bachelor's Degree,Employed
3486,29,61988,2.46,35,95.98,Male,Master's Degree,Retired
3487,50,58486,2.13,31,84.99,Female,High School,Employed
3488,41,50537,1.34,22,82.21,Prefer not to say,Master's Degree,Unemployed
3489,25,53994,2.07,45,69.23,Prefer not to say,Doctorate,Unemployed
3490,19,41045,2.28,51,11.85,Male,High School,Employed
3491,31,37613,3.19,24,80.92,Prefer not to say,Master's Degree,Retired
3492,32,61391,4.1,36,93.53,Male,Doctorate,Self-employed
3493,39,46640,2.58,33,39.07,Non-binary,High School,Employed
3494,29,48798,4.78,45,31.37,Female,Associate Degree,Employed
3495,40,54197,4.31,36,52.25,Non-binary,Master's Degree,Student
3496,54,53979,4.94,53,95.65,Non-binary,Doctorate,Employed
3497,43,28560,4.5,36,5.08,Non-binary,Associate Degree,Unemployed
3498,34,69293,3.47,27,70.89,Male,Master's Degree,Student
3499,33,51817,3.39,35,81.47,Female,High School,Student
3500,31,46960,1.52,36,78.87,Non-binary,Master's Degree,Unemployed
3501,46,56462,3.89,45,56.68,Male,Doctorate,Unemployed
3502,28,53548,3.4,36,92.06,Prefer not to say,High School,Unemployed
3503,35,61505,3.03,44,13.45,Non-binary,High School,Retired
3504,35,58069,3.77,32,24.52,Male,High School,Student
3505,29,60767,2.78,37,30.7,Male,Bachelor's Degree,Self-employed
3506,21,70264,3.1,32,0.87,Male,Doctorate,Self-employed
3507,38,63254,2.59,31,37.07,Male,Associate Degree,Retired
3508,34,47592,3.87,52,16.07,Female,High School,Self-employed
3509,40,33156,4.51,32,72.46,Prefer not to say,Doctorate,Student
3510,29,75016,4.36,36,41.5,Male,Bachelor's Degree,Unemployed
3511,47,46434,4.14,50,70.45,Non-binary,Bachelor's Degree,Student
3512,26,42903,1.06,47,29.37,Prefer not to say,High School,Retired
3513,52,23949,4.65,56,13.19,Female,Doctorate,Retired
3514,18,55077,2.1,44,13.2,Non-binary,Bachelor's Degree,Employed
3515,39,52233,4.55,33,20.33,Prefer not to say,High School,Retired
3516,39,27273,1.79,60,11.52,Prefer not to say,Master's Degree,Retired
3517,27,56799,2.76,45,22.05,Female,Master's Degree,Student
3518,39,42527,4,38,57.9,Non-binary,Master's Degree,Student
3519,47,90354,3.56,40,25.63,Non-binary,Associate Degree,Retired
3520,18,41459,2.66,41,34.29,Male,Doctorate,Student
3521,40,43472,3.71,37,5.27,Prefer not to say,Master's Degree,Student
3522,18,36878,3.2,26,89.22,Non-binary,Bachelor's Degree,Retired
3523,25,69168,2.1,56,13.82,Female,Associate Degree,Unemployed
3524,51,44408,3.59,39,34.87,Non-binary,Master's Degree,Retired
3525,29,39126,1.82,41,37.95,Male,High School,Self-employed
3526,23,60604,3.78,60,77.21,Prefer not to say,Bachelor's Degree,Student
3527,33,29294,1.01,33,48.35,Male,Associate Degree,Employed
3528,55,59376,3.2,46,38.3,Female,Associate Degree,Retired
3529,18,76720,2.6,32,69.59,Non-binary,Bachelor's Degree,Unemployed
3530,24,58499,2.21,43,59.7,Male,Master's Degree,Unemployed
3531,49,59568,3.06,42,7.81,Female,High School,Student
3532,53,63050,3.58,47,31.27,Female,High School,Retired
3533,33,75645,4.86,52,97.86,Male,High School,Retired
3534,22,68148,4.33,34,48.33,Female,Associate Degree,Self-employed
3535,55,56595,3.87,54,42.42,Non-binary,Master's Degree,Retired
3536,50,63558,2.92,54,14.99,Non-binary,Bachelor's Degree,Self-employed
3537,41,36710,2.57,37,83.91,Non-binary,Doctorate,Unemployed
3538,26,61644,1.13,39,13.33,Female,High School,Retired
3539,34,34916,2.44,35,10.51,Female,Bachelor's Degree,Student
3540,33,44494,4.39,36,43.9,Non-binary,Bachelor's Degree,Self-employed
3541,38,20000,2.54,27,43.66,Non-binary,High School,Self-employed
3542,49,56021,2.85,47,98.15,Prefer not to say,Doctorate,Student
3543,43,40341,2.09,19,12.75,Male,Associate Degree,Employed
3544,24,66667,2.1,33,48.38,Non-binary,Associate Degree,Student
3545,48,55852,1.25,39,20.12,Female,Master's Degree,Self-employed
3546,38,66861,3.46,52,70.18,Male,Associate Degree,Student
3547,41,33746,2.79,34,39.17,Female,Bachelor's Degree,Self-employed
3548,49,65575,3.42,44,64.85,Female,Associate Degree,Employed
3549,23,81587,3.19,39,33.84,Prefer not to say,Master's Degree,Retired
3550,34,61462,4.2,49,56.45,Non-binary,Bachelor's Degree,Unemployed
3551,29,61855,4,43,46.91,Prefer not to say,Bachelor's Degree,Employed
3552,19,52543,4.09,48,37.44,Male,Doctorate,Retired
3553,38,42129,3,34,53.75,Female,High School,Student
3554,60,61417,2.42,29,38.38,Female,High School,Self-employed
3555,18,27408,4.73,43,80.6,Non-binary,High School,Employed
3556,34,43733,1.22,35,49.52,Female,Master's Degree,Student
3557,41,23434,1.61,40,90.31,Female,Associate Degree,Retired
3558,36,39445,2.68,43,22.28,Prefer not to say,High School,Unemployed
3559,33,59630,3.46,52,11.21,Non-binary,Associate Degree,Employed
3560,22,57580,1.03,47,38.1,Non-binary,High School,Unemployed
3561,37,50763,3.88,33,18.37,Non-binary,Doctorate,Student
3562,27,52556,3.23,28,39.31,Female,Associate Degree,Retired
3563,18,21712,2.94,57,20.74,Prefer not to say,Master's Degree,Employed
3564,46,44411,2.69,24,86.82,Male,Master's Degree,Retired
3565,44,39779,3.08,35,56.79,Female,Associate Degree,Self-employed
3566,35,40114,1.65,46,49.76,Prefer not to say,Master's Degree,Retired
3567,37,58993,1.43,56,78.77,Male,Bachelor's Degree,Retired
3568,45,37092,2.16,38,13.04,Female,Master's Degree,Retired
3569,37,40929,3.84,40,85.7,Female,Doctorate,Employed
3570,44,20000,3.35,31,48.33,Male,Doctorate,Employed
3571,32,45588,2.92,41,13.64,Female,Associate Degree,Employed
3572,48,33682,3.29,28,81.94,Female,Master's Degree,Unemployed
3573,38,51188,3.24,32,46.08,Female,Associate Degree,Student
3574,36,35733,2.23,47,60.46,Prefer not to say,High School,Student
3575,22,51568,1.39,35,89.36,Prefer not to say,Bachelor's Degree,Retired
3576,37,47829,4.59,49,89.07,Female,Associate Degree,Unemployed
3577,26,75080,3.4,38,89.28,Prefer not to say,Associate Degree,Student
3578,28,57458,3.79,26,41.69,Female,Associate Degree,Employed
3579,26,22405,2.86,51,74.96,Prefer not to say,Associate Degree,Self-employed
3580,24,31026,4.03,26,23.33,Prefer not to say,Doctorate,Self-employed
3581,56,50828,3.34,33,83.12,Prefer not to say,Bachelor's Degree,Student
3582,48,36052,1.22,38,34.17,Male,High School,Unemployed
3583,54,20000,4.56,50,46.39,Female,Bachelor's Degree,Student
3584,22,70243,2.22,34,89.14,Male,Associate Degree,Employed
3585,35,60803,1.55,30,80.57,Prefer not to say,Doctorate,Unemployed
3586,22,57814,1.35,41,95.25,Prefer not to say,High School,Self-employed
3587,28,40890,3.88,37,36.35,Female,Associate Degree,Retired
3588,25,56415,3.82,35,15.11,Non-binary,Associate Degree,Employed
3589,47,39434,3.8,42,91.04,Female,Master's Degree,Unemployed
3590,31,53072,4.66,27,49.32,Non-binary,Bachelor's Degree,Retired
3591,45,36191,2.4,22,88.94,Prefer not to say,Bachelor's Degree,Employed
3592,41,72744,3.24,61,73.21,Male,Bachelor's Degree,Self-employed
3593,58,26446,3.48,41,87.48,Female,Master's Degree,Unemployed
3594,20,68484,4.92,41,65.47,Non-binary,Doctorate,Student
3595,47,50583,2.25,32,81.24,Non-binary,Doctorate,Unemployed
3596,46,42657,4.83,48,12.03,Non-binary,Doctorate,Unemployed
3597,25,52505,1.59,34,96.83,Female,High School,Employed
3598,45,61000,4.06,12,18.1,Female,Master's Degree,Student
3599,38,70501,3.53,34,2.45,Non-binary,Master's Degree,Self-employed
3600,32,54697,4.27,37,53.08,Male,Doctorate,Retired
3601,26,36639,1.11,38,71.19,Non-binary,Doctorate,Self-employed
3602,27,50834,1.31,38,71.64,Male,Doctorate,Student
3603,55,77251,1.28,33,33.92,Female,Master's Degree,Retired
3604,35,70215,3.37,32,75.38,Female,Doctorate,Unemployed
3605,42,63631,3.41,37,84.26,Female,Bachelor's Degree,Retired
3606,27,61935,4.62,23,61,Prefer not to say,Doctorate,Unemployed
3607,27,60491,2.87,20,38.6,Male,Bachelor's Degree,Student
3608,45,67381,1.27,40,61.36,Prefer not to say,Associate Degree,Self-employed
3609,21,43150,1.84,41,86.22,Female,Associate Degree,Employed
3610,30,29673,1.03,48,90.05,Non-binary,Master's Degree,Retired
3611,35,51035,4.11,37,3.15,Non-binary,High School,Employed
3612,36,37736,4.26,28,12.24,Prefer not to say,Associate Degree,Employed
3613,33,34174,4.99,20,0.45,Non-binary,Master's Degree,Retired
3614,38,39195,2.65,31,49.24,Female,Master's Degree,Employed
3615,41,87279,1.08,44,43.64,Prefer not to say,Bachelor's Degree,Employed
3616,42,52041,1.94,54,54.58,Non-binary,Bachelor's Degree,Employed
3617,25,55428,3.35,40,68.36,Prefer not to say,Doctorate,Self-employed
3618,32,31664,4.85,27,36.58,Male,Associate Degree,Unemployed
3619,46,22343,1.41,31,20.86,Prefer not to say,Bachelor's Degree,Self-employed
3620,43,37714,1.49,31,39.48,Male,High School,Self-employed
3621,21,71572,3.81,35,0.9,Male,Master's Degree,Unemployed
3622,38,55014,3.67,51,82.94,Male,Doctorate,Unemployed
3623,18,58978,2,51,38.37,Non-binary,Bachelor's Degree,Employed
3624,35,61078,4.25,38,62.28,Male,Bachelor's Degree,Self-employed
3625,53,41129,1.52,41,32.47,Non-binary,Bachelor's Degree,Retired
3626,25,70819,4.7,32,61.48,Female,Associate Degree,Retired
3627,26,40507,1.8,22,54.04,Non-binary,Bachelor's Degree,Employed
3628,42,71093,1.33,57,20.86,Prefer not to say,Master's Degree,Self-employed
3629,19,56634,2.36,16,62.53,Non-binary,Bachelor's Degree,Employed
3630,28,23164,1.75,21,10.96,Non-binary,High School,Self-employed
3631,40,38779,3.11,57,48.11,Non-binary,Bachelor's Degree,Employed
3632,28,23225,3.75,40,71.99,Female,Doctorate,Unemployed
3633,32,67449,2.96,28,54.91,Non-binary,Doctorate,Retired
3634,42,49628,3.64,46,74.63,Prefer not to say,High School,Employed
3635,39,20000,2.46,47,27.32,Prefer not to say,Doctorate,Self-employed
3636,37,55636,1.11,26,4.88,Male,Associate Degree,Retired
3637,31,41942,4.9,34,5.6,Non-binary,Master's Degree,Employed
3638,38,27742,4.28,48,26.87,Female,Master's Degree,Student
3639,33,75169,1.29,31,40.77,Male,Associate Degree,Retired
3640,39,51609,2.8,42,53.75,Prefer not to say,Doctorate,Student
3641,30,45598,3.54,54,75.77,Male,High School,Self-employed
3642,33,44008,1.76,16,83.96,Female,High School,Unemployed
3643,25,27300,3.31,36,69.37,Prefer not to say,Master's Degree,Unemployed
3644,34,30431,3.13,42,46.32,Prefer not to say,High School,Self-employed
3645,26,69273,1.83,22,26.45,Non-binary,Associate Degree,Student
3646,23,42891,1.56,34,42.78,Prefer not to say,Master's Degree,Unemployed
3647,37,50331,4.04,50,27.34,Prefer not to say,Bachelor's Degree,Unemployed
3648,37,20000,2.29,32,62.45,Prefer not to say,Associate Degree,Student
3649,42,30228,1.98,25,81.82,Non-binary,Associate Degree,Employed
3650,30,59147,3.95,51,51.82,Non-binary,High School,Unemployed
3651,39,55665,3.94,44,4.58,Prefer not to say,High School,Unemployed
3652,40,76300,2.11,39,93.97,Female,High School,Employed
3653,39,70144,4.49,39,29.43,Female,Bachelor's Degree,Student
3654,26,46539,3.75,50,91.45,Male,Associate Degree,Student
3655,36,57094,2.38,42,81.31,Prefer not to say,Doctorate,Employed
3656,38,45250,2.71,46,41.31,Prefer not to say,Master's Degree,Unemployed
3657,35,80822,3.91,33,5.67,Non-binary,High School,Employed
3658,18,67235,1.85,20,94.77,Non-binary,High School,Self-employed
3659,36,52545,2.88,46,65.91,Female,Associate Degree,Employed
3660,57,53005,3.61,51,24.97,Female,Bachelor's Degree,Retired
3661,31,71672,3.16,37,53.35,Male,High School,Student
3662,27,58693,3.43,48,63.54,Prefer not to say,Bachelor's Degree,Unemployed
3663,38,73379,3.18,36,22.67,Non-binary,Bachelor's Degree,Unemployed
3664,38,20000,1.8,39,9.35,Male,Doctorate,Self-employed
3665,46,56918,2.64,57,26.75,Male,Bachelor's Degree,Unemployed
3666,22,42268,3.13,37,4.76,Female,Doctorate,Self-employed
3667,42,76345,4.12,36,7,Prefer not to say,Master's Degree,Self-employed
3668,40,73195,3.62,21,15.66,Prefer not to say,Bachelor's Degree,Student
3669,33,50492,2.71,46,15.84,Non-binary,Master's Degree,Self-employed
3670,38,73034,4.9,32,24.8,Prefer not to say,Bachelor's Degree,Student
3671,45,76746,1.43,41,93.74,Male,Doctorate,Self-employed
3672,43,51116,1.83,36,57.58,Prefer not to say,Doctorate,Employed
3673,23,87079,2.37,35,42.25,Prefer not to say,Master's Degree,Student
3674,43,49529,1.91,38,56.38,Non-binary,Associate Degree,Retired
3675,34,46782,3.5,39,0.57,Female,Associate Degree,Employed
3676,35,62988,1.16,51,89.47,Male,Associate Degree,Self-employed
3677,35,44693,1.71,55,53.23,Non-binary,Bachelor's Degree,Retired
3678,33,51280,2.17,46,45.17,Non-binary,Associate Degree,Student
3679,46,71141,3.73,52,94.16,Prefer not to say,Master's Degree,Retired
3680,34,50288,4.5,48,73.04,Non-binary,Associate Degree,Retired
3681,23,24574,4.19,44,33.74,Female,Master's Degree,Self-employed
3682,31,55509,1.73,54,93.62,Male,Master's Degree,Employed
3683,36,39555,3.26,26,85.2,Male,Bachelor's Degree,Retired
3684,47,62979,1.12,33,95.45,Non-binary,Doctorate,Employed
3685,41,60442,2.24,31,9.62,Male,Bachelor's Degree,Retired
3686,26,72071,4.22,36,95.53,Female,Bachelor's Degree,Student
3687,59,63612,2.83,46,54.29,Non-binary,High School,Self-employed
3688,37,66353,1.6,28,67.22,Non-binary,Associate Degree,Retired
3689,47,39963,2.75,45,21.22,Female,Associate Degree,Self-employed
3690,33,62059,1.79,34,14.04,Non-binary,Master's Degree,Employed
3691,40,79526,2.57,36,7.94,Male,Doctorate,Retired
3692,43,39670,2.95,42,42.23,Male,Associate Degree,Student
3693,47,76996,2.4,56,22.13,Female,Associate Degree,Unemployed
3694,45,41759,4.75,32,8.16,Prefer not to say,Doctorate,Employed
3695,43,37220,3.25,39,95.51,Prefer not to say,Associate Degree,Self-employed
3696,31,54443,4.37,29,73.34,Prefer not to say,High School,Employed
3697,29,60738,4.04,32,51.79,Female,Associate Degree,Student
3698,38,63676,3.64,29,74.33,Prefer not to say,High School,Self-employed
3699,44,35573,2.99,42,61.15,Male,Bachelor's Degree,Self-employed
3700,32,56518,1.01,44,17.8,Non-binary,Bachelor's Degree,Self-employed
3701,45,39716,3.45,46,63.34,Prefer not to say,High School,Unemployed
3702,49,27666,2.42,32,68.1,Female,Master's Degree,Unemployed
3703,25,36068,1.47,45,23.75,Male,High School,Self-employed
3704,26,38736,2.78,41,32.01,Prefer not to say,Master's Degree,Unemployed
3705,33,57823,3.94,39,38.33,Prefer not to say,Doctorate,Self-employed
3706,38,67283,4.85,27,60.25,Male,Doctorate,Student
3707,29,27901,2.5,41,12.68,Female,High School,Self-employed
3708,48,55279,3.17,41,74.35,Non-binary,Master's Degree,Unemployed
3709,39,32349,4.4,41,34.6,Male,Bachelor's Degree,Student
3710,35,59436,2.34,44,69.18,Non-binary,High School,Student
3711,20,40659,1.57,46,93.29,Prefer not to say,High School,Unemployed
3712,21,34230,2.13,29,86.99,Male,Master's Degree,Self-employed
3713,37,61994,4.6,37,73.76,Prefer not to say,Doctorate,Unemployed
3714,18,41196,1.64,45,19.33,Prefer not to say,Bachelor's Degree,Employed
3715,45,45260,2.32,37,73.21,Prefer not to say,Master's Degree,Unemployed
3716,33,20000,2.86,49,63.58,Prefer not to say,Master's Degree,Student
3717,67,64198,4.39,40,77.25,Prefer not to say,Bachelor's Degree,Self-employed
3718,58,62313,4.75,20,86.88,Female,High School,Retired
3719,33,50081,2.7,48,31.15,Prefer not to say,High School,Self-employed
3720,33,27086,4.73,38,64.43,Male,Associate Degree,Student
3721,44,68140,1.65,22,27.51,Non-binary,Bachelor's Degree,Self-employed
3722,52,40006,1.63,37,34.63,Male,Master's Degree,Student
3723,18,43199,4.8,27,52.06,Male,Associate Degree,Retired
3724,18,84680,3.04,47,43.42,Female,Associate Degree,Unemployed
3725,28,39445,1.74,39,60.06,Prefer not to say,Associate Degree,Employed
3726,40,61133,2.95,30,75.88,Non-binary,High School,Self-employed
3727,39,58431,4.13,48,60.5,Non-binary,Doctorate,Retired
3728,45,55852,4.31,44,96.98,Prefer not to say,Associate Degree,Self-employed
3729,23,54230,4.46,37,73.81,Non-binary,Master's Degree,Employed
3730,18,55645,3.28,27,98.5,Female,High School,Employed
3731,43,54079,4.47,31,74.34,Prefer not to say,Doctorate,Employed
3732,26,49221,3.04,31,50.79,Non-binary,Doctorate,Retired
3733,18,72669,3.43,47,41.1,Male,Associate Degree,Employed
3734,36,30310,4.03,23,73.57,Non-binary,Associate Degree,Employed
3735,42,65321,2.7,39,68.71,Male,High School,Employed
3736,33,62335,1.29,37,66.88,Prefer not to say,Associate Degree,Employed
3737,30,60475,2.4,50,72.18,Male,High School,Retired
3738,33,66754,3.5,42,87.22,Male,Doctorate,Self-employed
3739,31,48611,1.77,45,22.78,Female,Master's Degree,Retired
3740,21,21965,1.59,34,56.49,Female,Master's Degree,Retired
3741,27,48915,2.17,27,60.33,Prefer not to say,Bachelor's Degree,Employed
3742,40,35132,1.13,36,29.29,Female,Bachelor's Degree,Unemployed
3743,38,39022,3.97,47,98.79,Prefer not to say,Bachelor's Degree,Self-employed
3744,36,31363,2.03,47,78.55,Female,Master's Degree,Self-employed
3745,25,42839,1.5,35,32.13,Male,Associate Degree,Unemployed
3746,33,41050,3.8,31,35.84,Prefer not to say,High School,Self-employed
3747,18,20000,4.37,29,71.83,Male,Master's Degree,Employed
3748,36,60503,1.08,38,1.15,Non-binary,Bachelor's Degree,Employed
3749,49,83304,1.93,41,46.4,Prefer not to say,Bachelor's Degree,Employed
3750,20,59093,4.78,54,34.31,Prefer not to say,Associate Degree,Employed
3751,29,46956,2.54,41,85.4,Prefer not to say,Bachelor's Degree,Student
3752,38,49178,4.75,46,79.13,Female,Bachelor's Degree,Employed
3753,47,43685,2.1,32,33.21,Non-binary,High School,Student
3754,30,51350,1.87,40,86.48,Female,Associate Degree,Self-employed
3755,28,49444,1.86,41,91.36,Female,Doctorate,Self-employed
3756,18,37384,1.34,38,55.25,Non-binary,Doctorate,Student
3757,36,75243,4.59,39,15.92,Prefer not to say,Bachelor's Degree,Self-employed
3758,55,27692,4.92,41,77.03,Female,Bachelor's Degree,Retired
3759,37,60774,4.82,44,31.93,Non-binary,High School,Unemployed
3760,34,48482,4.41,51,52.73,Male,Doctorate,Retired
3761,38,78512,4.39,17,4.56,Prefer not to say,Associate Degree,Student
3762,34,55112,3.64,51,50.01,Male,Associate Degree,Unemployed
3763,26,44601,4.3,22,38.03,Prefer not to say,Master's Degree,Student
3764,43,46284,1.83,43,68.61,Prefer not to say,Master's Degree,Employed
3765,37,50598,2.55,63,4.08,Non-binary,Associate Degree,Unemployed
3766,35,32858,3.56,39,62.49,Non-binary,Master's Degree,Student
3767,25,38496,4.5,41,77.2,Male,High School,Employed
3768,48,23225,3.64,36,1.28,Male,Bachelor's Degree,Self-employed
3769,41,36155,4.36,46,75,Female,Associate Degree,Student
3770,29,51408,2.9,43,13.02,Female,Doctorate,Unemployed
3771,45,54502,3.87,33,69.81,Prefer not to say,Doctorate,Self-employed
3772,30,20310,4.92,38,45.53,Male,Associate Degree,Student
3773,27,47941,1.61,28,55.2,Female,Master's Degree,Student
3774,27,58451,4.71,38,33.73,Non-binary,Master's Degree,Self-employed
3775,18,47556,3.09,35,24.55,Non-binary,Associate Degree,Employed
3776,39,40493,3.57,41,7.1,Male,Associate Degree,Unemployed
3777,18,43817,4.51,32,86.47,Non-binary,Associate Degree,Employed
3778,22,41888,2.64,37,61.04,Female,High School,Unemployed
3779,18,40449,2.67,40,98.28,Female,Doctorate,Self-employed
3780,34,52607,3.11,40,85.05,Male,High School,Employed
3781,33,84615,1.08,42,86.96,Female,High School,Retired
3782,31,38844,2.99,38,59.78,Male,Bachelor's Degree,Retired
3783,24,45227,2.16,32,8.09,Female,High School,Student
3784,23,49224,4.71,40,91.34,Female,Doctorate,Employed
3785,39,39689,1.35,38,11.79,Female,Master's Degree,Student
3786,29,66473,2.84,50,51.71,Male,Doctorate,Employed
3787,38,20000,4.79,51,85.69,Male,Associate Degree,Unemployed
3788,26,42034,4.6,26,47.24,Female,Associate Degree,Unemployed
3789,36,62274,3.81,46,16.57,Female,Associate Degree,Self-employed
3790,48,45588,3.36,48,37.32,Female,High School,Retired
3791,40,37687,2.12,26,98.84,Non-binary,Bachelor's Degree,Retired
3792,30,56611,2.47,45,99.98,Prefer not to say,Master's Degree,Self-employed
3793,37,63595,1.36,48,71.08,Prefer not to say,High School,Self-employed
3794,32,53159,4.14,30,88.8,Non-binary,Associate Degree,Self-employed
3795,35,37981,2.3,37,4.42,Prefer not to say,Doctorate,Self-employed
3796,31,56843,3.67,41,27.6,Prefer not to say,Associate Degree,Employed
3797,33,43969,2.43,45,36.9,Prefer not to say,Doctorate,Self-employed
3798,37,61177,2.86,30,1.2,Female,Master's Degree,Student
3799,25,72248,3.22,51,37.7,Non-binary,Associate Degree,Self-employed
3800,24,20000,4.21,19,9.3,Female,Master's Degree,Employed
3801,21,51666,1.84,53,51.74,Prefer not to say,Associate Degree,Retired
3802,18,23963,2.6,45,0.44,Non-binary,Associate Degree,Retired
3803,22,86626,1.52,33,27.04,Non-binary,Doctorate,Retired
3804,36,42978,1.3,48,86.63,Female,Bachelor's Degree,Employed
3805,26,61195,3.42,29,21.31,Male,Doctorate,Self-employed
3806,40,49470,1.76,41,6.48,Non-binary,High School,Unemployed
3807,35,37953,1.24,42,24.97,Male,Master's Degree,Retired
3808,18,36169,4.59,42,82.76,Prefer not to say,Master's Degree,Retired
3809,41,73785,3.14,31,58.72,Non-binary,Bachelor's Degree,Unemployed
3810,43,64339,1.54,35,58.61,Male,Associate Degree,Self-employed
3811,25,79153,1.21,41,0.06,Male,Master's Degree,Retired
3812,39,50831,1.48,32,47.22,Female,Bachelor's Degree,Self-employed
3813,26,54318,2.89,42,26.56,Male,High School,Student
3814,35,45992,3.67,33,33.62,Prefer not to say,Master's Degree,Unemployed
3815,22,45693,3.57,50,59.87,Prefer not to say,High School,Employed
3816,18,34371,1.58,55,87.43,Non-binary,Doctorate,Self-employed
3817,31,51260,3.53,37,18.17,Female,Master's Degree,Unemployed
3818,33,38161,2.62,49,76.82,Female,Master's Degree,Unemployed
3819,31,56628,2.86,37,4.89,Female,Associate Degree,Unemployed
3820,23,52550,4.21,30,32.67,Prefer not to say,High School,Employed
3821,31,54315,2.33,35,21.89,Male,Doctorate,Retired
3822,37,75126,1.59,40,91.56,Prefer not to say,Bachelor's Degree,Student
3823,34,49434,4.49,22,17.8,Prefer not to say,Doctorate,Retired
3824,36,61350,1.85,46,57.86,Male,Master's Degree,Self-employed
3825,28,80772,2.18,40,16.48,Prefer not to say,High School,Unemployed
3826,46,69599,3.83,50,47.35,Non-binary,Master's Degree,Retired
3827,23,67297,3.73,46,41.34,Non-binary,Bachelor's Degree,Employed
3828,39,45399,4.2,41,4.14,Non-binary,Bachelor's Degree,Employed
3829,46,53444,1.74,36,82.59,Non-binary,Master's Degree,Student
3830,39,30225,2.41,55,78.01,Non-binary,Master's Degree,Retired
3831,32,57483,1.5,61,27.79,Female,Master's Degree,Employed
3832,29,54116,3.16,36,61.4,Prefer not to say,High School,Employed
3833,45,50350,2.17,50,36.27,Male,Associate Degree,Student
3834,20,65407,3.76,32,76.92,Female,Bachelor's Degree,Self-employed
3835,25,31883,1,34,69.25,Male,High School,Retired
3836,31,74522,1.24,36,9.05,Prefer not to say,Bachelor's Degree,Self-employed
3837,47,63526,2.73,46,84.42,Female,Master's Degree,Unemployed
3838,38,48940,4.83,29,17.94,Male,Bachelor's Degree,Self-employed
3839,25,47769,4.56,55,17.41,Non-binary,Doctorate,Employed
3840,31,57209,4.98,49,73.37,Female,Bachelor's Degree,Employed
3841,28,72812,2.67,46,18.33,Non-binary,Doctorate,Self-employed
3842,27,51524,1.19,37,12.24,Female,High School,Self-employed
3843,44,52160,2.22,48,33.56,Prefer not to say,High School,Unemployed
3844,21,50271,3.7,10,83.87,Female,Doctorate,Unemployed
3845,51,76730,1.54,44,17.68,Prefer not to say,Bachelor's Degree,Retired
3846,43,44466,2.2,41,33.91,Female,High School,Employed
3847,45,49557,1.22,21,28.63,Prefer not to say,Bachelor's Degree,Retired
3848,30,71951,2.9,44,35.61,Non-binary,Associate Degree,Retired
3849,33,52205,1.84,45,71.43,Prefer not to say,Associate Degree,Self-employed
3850,20,67055,1.36,21,40.55,Non-binary,Doctorate,Employed
3851,29,36330,2.64,28,75.96,Female,Doctorate,Retired
3852,39,46920,2.4,60,64.04,Female,Bachelor's Degree,Self-employed
3853,47,72266,3.15,38,36.11,Female,Associate Degree,Student
3854,23,39854,4,49,43.22,Female,Associate Degree,Unemployed
3855,31,47730,1.45,51,70.36,Non-binary,Doctorate,Self-employed
3856,33,53850,4.16,43,53.48,Male,Master's Degree,Self-employed
3857,21,35162,1.11,50,86.83,Male,Bachelor's Degree,Retired
3858,40,43792,2.77,18,93.32,Prefer not to say,Bachelor's Degree,Self-employed
3859,27,51689,3.35,37,71.77,Female,High School,Self-employed
3860,33,50700,4.83,10,98.92,Female,Doctorate,Retired
3861,30,69205,3.3,22,59.65,Male,High School,Self-employed
3862,27,73121,1.63,34,3.98,Male,Master's Degree,Unemployed
3863,34,37158,3.07,33,50.49,Female,High School,Employed
3864,32,51669,2.58,40,23,Female,Master's Degree,Retired
3865,31,60113,2.92,39,33.37,Male,High School,Student
3866,27,72745,1.79,41,49.01,Non-binary,Doctorate,Student
3867,38,60777,3,41,29.51,Female,Master's Degree,Employed
3868,51,54363,1.6,43,30.96,Male,Bachelor's Degree,Unemployed
3869,36,59998,3.98,30,40.2,Non-binary,Doctorate,Self-employed
3870,44,60106,3.38,32,28.65,Male,Doctorate,Student
3871,21,36084,1.31,39,16.95,Female,Associate Degree,Self-employed
3872,36,52891,4.56,39,76.56,Prefer not to say,Bachelor's Degree,Unemployed
3873,24,71887,3.47,29,39.52,Male,High School,Retired
3874,20,46889,2.26,50,83.18,Prefer not to say,Doctorate,Employed
3875,27,51941,1.18,47,88.27,Prefer not to say,High School,Unemployed
3876,46,46362,3.53,31,75.1,Female,Doctorate,Student
3877,44,20000,2.49,37,39.67,Non-binary,Bachelor's Degree,Student
3878,37,50308,4.63,60,72.13,Prefer not to say,Doctorate,Employed
3879,19,54526,1.14,41,15.52,Non-binary,High School,Retired
3880,33,42312,1.16,43,66.11,Female,High School,Unemployed
3881,38,32680,4.8,33,40.6,Female,Bachelor's Degree,Student
3882,36,36790,4.86,36,65.56,Female,High School,Student
3883,18,61462,1.11,55,75.48,Non-binary,Master's Degree,Retired
3884,26,79587,3.86,41,56.27,Male,Doctorate,Student
3885,34,70736,1.89,39,64.25,Prefer not to say,Master's Degree,Student
3886,40,29834,3.81,40,21.35,Female,Associate Degree,Self-employed
3887,18,62819,4.47,65,59.27,Prefer not to say,Associate Degree,Employed
3888,33,40052,1.4,40,46.05,Non-binary,Doctorate,Self-employed
3889,36,41265,1.96,31,42.81,Non-binary,High School,Student
3890,43,43070,1.1,33,41.03,Prefer not to say,Bachelor's Degree,Retired
3891,41,60591,1.18,47,31.09,Male,Associate Degree,Employed
3892,40,64388,1.12,25,30.53,Female,High School,Unemployed
3893,27,48529,4.2,44,69.97,Male,Bachelor's Degree,Unemployed
3894,18,48783,2.19,32,55.78,Prefer not to say,Doctorate,Retired
3895,31,56963,2.97,21,3,Female,High School,Unemployed
3896,45,58519,4.15,30,4.85,Female,Master's Degree,Self-employed
3897,48,67643,2.98,40,57.01,Prefer not to say,Doctorate,Student
3898,42,30734,2.72,53,84.63,Female,Associate Degree,Unemployed
3899,39,50300,1.05,49,4.4,Male,Doctorate,Self-employed
3900,38,33979,3.27,37,50.72,Non-binary,Doctorate,Employed
3901,29,49235,1.5,49,85.11,Non-binary,Bachelor's Degree,Retired
3902,33,46607,4.06,36,0.44,Prefer not to say,Associate Degree,Employed
3903,51,49298,2.03,25,27.58,Non-binary,Bachelor's Degree,Employed
3904,25,38003,3.7,40,91.99,Non-binary,Doctorate,Self-employed
3905,51,27690,3.58,24,8.15,Prefer not to say,High School,Unemployed
3906,31,20000,3.47,47,60.7,Prefer not to say,Master's Degree,Self-employed
3907,48,48032,2.07,48,50.74,Female,Master's Degree,Unemployed
3908,20,43534,2.07,31,15.17,Prefer not to say,Bachelor's Degree,Student
3909,40,39860,4.45,41,4.25,Male,High School,Retired
3910,27,69838,1.05,41,50.26,Prefer not to say,Master's Degree,Student
3911,20,37108,1.73,48,73.51,Female,High School,Unemployed
3912,37,71252,3.44,27,17.72,Female,Bachelor's Degree,Unemployed
3913,45,74357,4.27,45,69.13,Prefer not to say,Associate Degree,Employed
3914,26,20736,2.43,26,54.64,Male,High School,Unemployed
3915,20,51385,3.61,47,35.78,Female,High School,Employed
3916,34,44004,3.23,50,66.44,Male,Associate Degree,Employed
3917,34,20000,1.26,33,19.2,Female,Doctorate,Retired
3918,40,28330,3.49,52,45.69,Non-binary,Doctorate,Unemployed
3919,44,61624,4.26,24,54.93,Female,Doctorate,Student
3920,34,80287,4.97,50,45.87,Female,Bachelor's Degree,Self-employed
3921,53,63540,1.12,54,39.75,Female,Doctorate,Employed
3922,37,54854,3.64,43,74.09,Female,Bachelor's Degree,Self-employed
3923,31,49680,2.66,38,65.61,Female,Associate Degree,Employed
3924,18,75239,1.04,43,63.95,Prefer not to say,High School,Student
3925,32,82223,3.46,33,89.18,Prefer not to say,Master's Degree,Employed
3926,31,41197,1.49,66,99.35,Male,Master's Degree,Retired
3927,44,20000,2.51,34,56.72,Non-binary,Bachelor's Degree,Employed
3928,39,20000,2.05,53,34.83,Prefer not to say,Bachelor's Degree,Unemployed
3929,23,69828,2.44,32,77.89,Non-binary,High School,Retired
3930,36,49294,2.97,55,14.21,Male,Associate Degree,Employed
3931,41,52748,2.44,60,51.29,Male,High School,Employed
3932,50,23140,3.21,43,52.45,Female,Bachelor's Degree,Self-employed
3933,43,38702,1.95,42,98.35,Prefer not to say,High School,Employed
3934,42,45567,3.54,30,99.1,Female,Bachelor's Degree,Retired
3935,35,53117,4.42,29,79.92,Female,Master's Degree,Employed
3936,38,44021,1.9,42,47.3,Male,High School,Self-employed
3937,47,34440,3.03,54,54.72,Female,Associate Degree,Student
3938,21,38231,3.59,34,31.97,Male,Master's Degree,Self-employed
3939,31,68124,3.26,62,82.98,Prefer not to say,Associate Degree,Self-employed
3940,27,53671,2.46,33,74.65,Prefer not to say,Associate Degree,Employed
3941,38,59182,3.57,42,77.14,Female,Bachelor's Degree,Student
3942,47,36516,1.11,42,13.87,Male,Associate Degree,Retired
3943,29,20000,2.48,38,39.86,Prefer not to say,Doctorate,Retired
3944,18,42153,3.13,19,53.74,Non-binary,Associate Degree,Unemployed
3945,30,37001,1.08,33,12.47,Prefer not to say,High School,Self-employed
3946,44,55235,3.03,41,36.86,Male,Bachelor's Degree,Self-employed
3947,40,99285,3.62,39,8.74,Female,Bachelor's Degree,Unemployed
3948,39,60427,4.04,46,95.88,Male,Doctorate,Employed
3949,32,91039,1.45,47,75.13,Female,Bachelor's Degree,Retired
3950,22,58531,4.96,37,62.07,Prefer not to say,Bachelor's Degree,Retired
3951,40,40551,3.42,30,20.49,Female,Master's Degree,Unemployed
3952,26,55218,2.45,55,33.41,Female,Master's Degree,Unemployed
3953,56,76709,2,26,14.45,Female,Master's Degree,Unemployed
3954,40,77443,3.29,34,53.61,Female,Doctorate,Student
3955,29,41369,4.53,31,82.05,Non-binary,Bachelor's Degree,Self-employed
3956,28,53797,3.08,47,1.9,Non-binary,Bachelor's Degree,Retired
3957,34,28560,3.65,53,10.33,Female,Bachelor's Degree,Employed
3958,32,62370,2.43,38,22.93,Male,Associate Degree,Student
3959,46,73300,2.55,42,71.41,Male,Bachelor's Degree,Self-employed
3960,36,50596,2.14,44,89.4,Prefer not to say,Bachelor's Degree,Student
3961,27,39989,3.82,58,75.3,Non-binary,High School,Self-employed
3962,53,55401,2.44,22,52.49,Prefer not to say,High School,Unemployed
3963,35,56261,1.76,47,10.51,Prefer not to say,Bachelor's Degree,Employed
3964,42,51217,2.48,43,75.49,Non-binary,Associate Degree,Unemployed
3965,28,52680,4.42,36,10.56,Female,Associate Degree,Retired
3966,38,47392,3.95,43,34.77,Male,Doctorate,Retired
3967,38,64939,2.34,47,30.8,Prefer not to say,Doctorate,Retired
3968,18,61043,4.63,45,35.92,Male,Bachelor's Degree,Retired
3969,55,35253,1.3,61,32.95,Female,Master's Degree,Student
3970,47,34841,1.2,41,76.92,Prefer not to say,Associate Degree,Employed
3971,31,46184,1.51,40,17.17,Male,Master's Degree,Employed
3972,23,61052,1.47,38,84.58,Non-binary,Doctorate,Retired
3973,38,52220,1.35,45,85.83,Prefer not to say,Associate Degree,Self-employed
3974,35,40352,3.65,39,49.09,Female,Master's Degree,Unemployed
3975,38,53922,3.4,40,10.61,Prefer not to say,Bachelor's Degree,Retired
3976,36,45037,3.59,40,57.54,Prefer not to say,Master's Degree,Self-employed
3977,40,63207,3.75,38,82.09,Male,Doctorate,Employed
3978,49,54995,4.03,33,28.95,Male,Associate Degree,Unemployed
3979,40,45270,1.83,44,83.77,Non-binary,Associate Degree,Employed
3980,24,53472,3.49,37,67.69,Female,Associate Degree,Employed
3981,48,69725,3.32,46,98.72,Non-binary,Bachelor's Degree,Student
3982,51,41455,4.77,41,82.47,Male,Associate Degree,Unemployed
3983,66,56039,1.93,36,20.15,Female,Master's Degree,Student
3984,23,48943,1.23,55,44.9,Non-binary,High School,Retired
3985,37,56404,3.61,38,10.35,Prefer not to say,High School,Unemployed
3986,18,40181,3.96,46,6.97,Non-binary,Bachelor's Degree,Self-employed
3987,40,51655,2.13,33,70.61,Female,Master's Degree,Employed
3988,29,66617,3.28,19,91.29,Prefer not to say,Bachelor's Degree,Employed
3989,54,35944,1.24,34,97.36,Male,High School,Student
3990,27,30058,4.84,18,27.05,Prefer not to say,Associate Degree,Student
3991,18,30628,1.44,37,20.18,Female,High School,Student
3992,30,32440,1.27,54,56.02,Prefer not to say,High School,Unemployed
3993,18,58929,1.18,30,20.09,Non-binary,High School,Employed
3994,42,28912,2.71,18,29.59,Non-binary,Bachelor's Degree,Self-employed
3995,18,45531,1.39,55,83.72,Prefer not to say,Doctorate,Unemployed
3996,35,59274,3.98,35,81.05,Female,Bachelor's Degree,Employed
3997,18,56249,4.6,39,89.51,Female,Doctorate,Retired
3998,31,44216,2.04,47,48.22,Female,Bachelor's Degree,Retired
3999,51,52863,3.52,45,56.41,Female,High School,Student
4000,38,51607,1.17,47,77.06,Non-binary,Associate Degree,Student
4001,26,46636,2.55,49,23.93,Female,Master's Degree,Student
4002,34,46837,2.17,22,82.31,Female,Doctorate,Employed
4003,35,83531,1.91,25,1.76,Prefer not to say,Bachelor's Degree,Student
4004,39,62139,3.58,51,79.77,Prefer not to say,Associate Degree,Self-employed
4005,21,87209,1.52,32,77.59,Non-binary,Master's Degree,Self-employed
4006,40,42545,4.44,33,30.18,Non-binary,Associate Degree,Retired
4007,18,48725,3.66,27,72.79,Non-binary,Doctorate,Unemployed
4008,28,30018,3.84,35,21.4,Female,Doctorate,Employed
4009,30,37856,4.74,36,57.62,Prefer not to say,Master's Degree,Unemployed
4010,41,78528,4.77,30,70.06,Prefer not to say,Master's Degree,Student
4011,35,42169,3.21,29,71.47,Female,Doctorate,Employed
4012,20,78789,2.98,43,98.29,Male,Doctorate,Student
4013,25,31349,2.34,31,18.2,Female,High School,Unemployed
4014,36,34197,3.86,33,48.08,Male,Master's Degree,Retired
4015,34,44881,3.15,18,88.01,Female,Master's Degree,Self-employed
4016,29,49043,4.73,59,56.15,Non-binary,Doctorate,Self-employed
4017,30,63846,1.95,49,87.64,Male,Bachelor's Degree,Self-employed
4018,41,56761,2.24,35,43.41,Male,High School,Employed
4019,29,43755,2.26,31,79.54,Non-binary,Bachelor's Degree,Student
4020,34,48000,4.22,40,87,Male,Doctorate,Self-employed
4021,56,45214,1.4,39,84.64,Prefer not to say,High School,Student
4022,20,36280,2.82,27,87.14,Female,High School,Self-employed
4023,18,36680,2.71,14,21.96,Male,Doctorate,Unemployed
4024,42,65418,1.29,34,43.9,Non-binary,Associate Degree,Retired
4025,28,22577,2.64,24,17.46,Female,Associate Degree,Student
4026,31,74260,3.05,41,18.05,Male,Master's Degree,Employed
4027,27,44855,1.26,41,48.78,Female,Doctorate,Self-employed
4028,32,38412,3.04,30,96.01,Male,Doctorate,Unemployed
4029,50,61096,4.84,34,59.19,Prefer not to say,Bachelor's Degree,Self-employed
4030,43,72278,4.92,57,85.38,Non-binary,Doctorate,Retired
4031,43,66764,3.13,47,93.72,Prefer not to say,Associate Degree,Self-employed
4032,20,57527,3.06,35,8.66,Prefer not to say,Doctorate,Retired
4033,23,66302,2.14,62,16.21,Male,Bachelor's Degree,Student
4034,18,24252,4.99,28,29.08,Prefer not to say,Master's Degree,Retired
4035,26,42172,2.1,31,61.68,Non-binary,High School,Unemployed
4036,44,36332,2.81,38,6.17,Female,Master's Degree,Unemployed
4037,40,68369,1.01,24,78.67,Female,Bachelor's Degree,Student
4038,32,44247,2.4,57,6.38,Female,Doctorate,Employed
4039,34,62681,1.29,41,15.84,Male,Associate Degree,Unemployed
4040,28,58037,3.98,32,38.17,Non-binary,Doctorate,Student
4041,37,37065,3.24,44,55.77,Male,High School,Student
4042,42,41195,3.29,41,88.15,Prefer not to say,Associate Degree,Unemployed
4043,18,69407,2.15,36,96.37,Non-binary,Master's Degree,Student
4044,37,38367,4.26,27,88.46,Prefer not to say,Bachelor's Degree,Student
4045,44,51873,1.01,25,10.7,Non-binary,Master's Degree,Self-employed
4046,30,38261,2.33,61,63.12,Female,High School,Student
4047,42,45290,3.64,26,44.17,Non-binary,High School,Unemployed
4048,63,49307,4.63,56,12.58,Male,Doctorate,Unemployed
4049,33,38257,1.94,31,55.51,Female,Doctorate,Unemployed
4050,38,35593,3.16,47,35.67,Non-binary,Doctorate,Self-employed
4051,27,54294,3.15,44,34.58,Male,High School,Unemployed
4052,36,37328,4.5,46,9.44,Male,Associate Degree,Student
4053,39,37840,1.2,47,97.89,Prefer not to say,Master's Degree,Retired
4054,36,35914,2.7,23,72.6,Female,Master's Degree,Self-employed
4055,24,48831,1.73,33,28.03,Non-binary,Bachelor's Degree,Retired
4056,37,64155,1.09,26,91.75,Non-binary,Bachelor's Degree,Employed
4057,49,72597,1.59,41,94.81,Female,Associate Degree,Retired
4058,39,39111,4.91,26,81.04,Prefer not to say,Doctorate,Student
4059,44,82254,1.86,20,65.93,Prefer not to say,Doctorate,Self-employed
4060,32,34929,4.74,37,37.64,Female,Associate Degree,Unemployed
4061,42,66253,1.82,17,43.43,Female,Master's Degree,Unemployed
4062,37,39174,4.73,42,45.5,Female,Doctorate,Retired
4063,25,36936,3.62,27,94.88,Male,Master's Degree,Retired
4064,38,38828,1.45,31,76.01,Female,High School,Retired
4065,25,49213,3.33,17,29.2,Prefer not to say,Bachelor's Degree,Student
4066,28,58699,2.27,56,62.46,Non-binary,Doctorate,Unemployed
4067,36,60048,2.53,25,59.39,Non-binary,Bachelor's Degree,Employed
4068,37,35840,2.76,36,81.21,Prefer not to say,Associate Degree,Student
4069,23,35155,2.69,22,9.53,Non-binary,High School,Unemployed
4070,45,36250,3.66,31,70.13,Prefer not to say,Doctorate,Unemployed
4071,40,48329,4.07,57,33.12,Male,Doctorate,Unemployed
4072,27,46847,2.32,42,12.96,Non-binary,Master's Degree,Unemployed
4073,19,35747,4.7,32,73.18,Male,Bachelor's Degree,Self-employed
4074,33,54044,4.75,39,33.16,Non-binary,High School,Unemployed
4075,30,83938,1.16,34,73.01,Female,Master's Degree,Retired
4076,36,42429,1.06,39,16.24,Male,High School,Unemployed
4077,31,43497,2.7,47,98.59,Male,High School,Employed
4078,18,58394,3.36,36,80.34,Male,Associate Degree,Self-employed
4079,31,41617,2.11,42,28.92,Prefer not to say,Associate Degree,Employed
4080,31,60034,2.04,42,74.05,Non-binary,Master's Degree,Employed
4081,41,39221,3.71,36,13.58,Female,Master's Degree,Employed
4082,28,77481,3.41,32,65.34,Prefer not to say,Master's Degree,Student
4083,51,55171,1.67,34,5.96,Non-binary,High School,Unemployed
4084,18,40699,4.54,46,33.34,Male,Doctorate,Unemployed
4085,48,41169,3.72,47,97.85,Prefer not to say,Associate Degree,Employed
4086,32,42293,2.45,28,12.09,Female,Doctorate,Unemployed
4087,43,70591,3.73,37,59.74,Male,Bachelor's Degree,Student
4088,35,30968,1.45,32,7.06,Prefer not to say,Associate Degree,Unemployed
4089,46,39980,2.87,47,66.94,Male,Bachelor's Degree,Unemployed
4090,31,41575,1.68,35,27.87,Non-binary,Bachelor's Degree,Employed
4091,24,49764,1.17,62,31,Non-binary,Master's Degree,Self-employed
4092,49,45933,2.35,42,33.78,Female,High School,Self-employed
4093,33,27631,1.6,51,20.52,Non-binary,Doctorate,Unemployed
4094,37,44002,3.53,29,94.17,Non-binary,Bachelor's Degree,Employed
4095,47,48506,3.7,40,90.58,Non-binary,Master's Degree,Self-employed
4096,24,40578,1.59,46,87,Male,High School,Self-employed
4097,40,60301,1.1,29,10.64,Male,Associate Degree,Retired
4098,29,63791,4.17,40,23.34,Non-binary,Bachelor's Degree,Self-employed
4099,33,48824,1.01,50,61.22,Male,Master's Degree,Student
4100,35,53458,2.38,36,97.04,Non-binary,Master's Degree,Retired
4101,19,20000,2.98,31,60.48,Female,Master's Degree,Employed
4102,27,43683,4.27,58,32.71,Prefer not to say,Associate Degree,Retired
4103,48,65072,4.35,28,81.74,Prefer not to say,High School,Self-employed
4104,43,43648,3.9,41,13.54,Non-binary,Doctorate,Retired
4105,34,38941,1.99,32,88.17,Female,Doctorate,Employed
4106,37,84165,3.88,30,97.47,Non-binary,Bachelor's Degree,Unemployed
4107,32,77286,1.99,47,96.77,Prefer not to say,High School,Student
4108,48,57013,1.86,37,14.77,Female,Bachelor's Degree,Unemployed
4109,32,67083,3.19,44,54.96,Male,Doctorate,Employed
4110,37,20000,3.72,17,58.49,Prefer not to say,Associate Degree,Unemployed
4111,46,38186,1.21,45,19.49,Prefer not to say,High School,Student
4112,27,42950,1.24,32,54.68,Non-binary,High School,Employed
4113,50,46460,4.14,21,64.65,Female,Bachelor's Degree,Unemployed
4114,19,42650,4.44,58,32.9,Female,Bachelor's Degree,Student
4115,51,20000,3.42,46,31.57,Male,Associate Degree,Retired
4116,31,55790,2.72,42,6.02,Female,High School,Unemployed
4117,32,58154,4.38,52,95.68,Non-binary,Doctorate,Retired
4118,18,74028,3.92,42,80.36,Female,Doctorate,Self-employed
4119,30,38175,3.32,32,75.94,Female,Master's Degree,Retired
4120,24,36947,2.28,38,2.18,Female,Doctorate,Retired
4121,28,20000,1.79,33,62.43,Male,Master's Degree,Self-employed
4122,33,45596,2.67,34,18.06,Male,Master's Degree,Employed
4123,44,63516,2.15,27,66.17,Prefer not to say,Bachelor's Degree,Self-employed
4124,37,40823,2.36,30,62.12,Prefer not to say,Doctorate,Retired
4125,38,82151,3.06,48,85.19,Male,Master's Degree,Employed
4126,24,46151,1.68,43,25.54,Female,Doctorate,Unemployed
4127,26,52204,4.22,34,2.75,Male,Doctorate,Student
4128,52,29553,1.58,29,91.41,Male,Doctorate,Employed
4129,27,54308,2.92,35,90.86,Non-binary,Associate Degree,Retired
4130,51,20310,3.98,23,45.59,Female,Master's Degree,Unemployed
4131,32,60405,2.94,41,7.81,Male,Doctorate,Employed
4132,35,60866,2.44,49,49.8,Non-binary,Bachelor's Degree,Student
4133,45,70389,2.9,63,52.4,Prefer not to say,Associate Degree,Retired
4134,47,34700,4.39,28,82.17,Non-binary,Master's Degree,Self-employed
4135,33,52408,4.96,49,71.71,Female,High School,Student
4136,31,58457,3.52,32,7.08,Prefer not to say,Master's Degree,Student
4137,34,56634,4.17,28,70.53,Prefer not to say,Associate Degree,Student
4138,38,37020,1.06,28,13.57,Female,Bachelor's Degree,Student
4139,43,20000,4.52,41,8.95,Prefer not to say,Associate Degree,Unemployed
4140,35,55204,4.82,30,39.86,Prefer not to say,Doctorate,Employed
4141,41,47712,3.3,33,7.74,Non-binary,Associate Degree,Student
4142,51,41499,4.02,35,82.93,Prefer not to say,High School,Student
4143,38,61459,3.05,32,46.31,Female,High School,Retired
4144,38,49326,2.14,31,58.7,Prefer not to say,Doctorate,Self-employed
4145,19,30212,4.41,15,57.69,Non-binary,Doctorate,Retired
4146,18,21028,3.39,40,97.81,Male,High School,Employed
4147,38,33065,3.32,40,91.58,Prefer not to say,Bachelor's Degree,Unemployed
4148,34,85895,3.64,32,84.91,Female,Associate Degree,Self-employed
4149,29,60841,4.42,43,38.33,Male,High School,Retired
4150,37,52829,3.93,53,14.51,Prefer not to say,Doctorate,Retired
4151,34,47275,1.84,40,59.19,Female,Doctorate,Unemployed
4152,46,46289,2.87,53,44.03,Non-binary,Bachelor's Degree,Unemployed
4153,35,67507,4.92,62,22.55,Male,Master's Degree,Self-employed
4154,27,42641,3.22,65,9.77,Non-binary,Doctorate,Student
4155,44,58653,4.75,28,43.61,Non-binary,Bachelor's Degree,Unemployed
4156,32,44773,4.25,28,65.09,Non-binary,High School,Retired
4157,40,79102,3.66,35,62.54,Female,Master's Degree,Retired
4158,30,61134,2.4,41,77.39,Female,High School,Student
4159,28,68683,2.22,55,46.66,Non-binary,Bachelor's Degree,Student
4160,35,41233,3.57,46,32.16,Non-binary,High School,Unemployed
4161,35,65872,2.73,27,53.87,Female,Associate Degree,Student
4162,39,45311,4.2,33,97.5,Prefer not to say,Bachelor's Degree,Retired
4163,32,51650,4.04,39,4.51,Male,Master's Degree,Unemployed
4164,18,74525,2.25,25,52.87,Female,Doctorate,Self-employed
4165,30,34358,3.81,40,32.93,Prefer not to say,High School,Employed
4166,42,53048,2.98,28,10.54,Female,Bachelor's Degree,Unemployed
4167,32,56570,2.29,23,43.47,Female,High School,Self-employed
4168,32,57800,2.65,30,64.12,Male,Bachelor's Degree,Retired
4169,44,43238,4.58,44,52.82,Female,Bachelor's Degree,Unemployed
4170,27,81293,2.44,44,2.92,Prefer not to say,Master's Degree,Unemployed
4171,19,30576,2.15,40,57.91,Female,High School,Unemployed
4172,33,71883,2.41,49,23.2,Male,High School,Student
4173,30,68225,1.86,48,34.15,Female,Bachelor's Degree,Student
4174,25,78513,3.18,42,31.22,Non-binary,Associate Degree,Retired
4175,33,26176,1.59,40,85.85,Male,Doctorate,Self-employed
4176,39,36967,4.27,41,4.76,Female,Doctorate,Unemployed
4177,34,72379,1.9,38,34.8,Non-binary,Associate Degree,Employed
4178,38,21844,3.39,18,39.48,Non-binary,Master's Degree,Employed
4179,53,25903,1.5,51,61.88,Male,Associate Degree,Employed
4180,31,42675,4.91,43,78.9,Male,Associate Degree,Student
4181,37,52879,2.82,27,72.77,Female,Master's Degree,Retired
4182,29,73883,4.29,54,75.26,Prefer not to say,Bachelor's Degree,Unemployed
4183,26,47221,4.07,34,19.24,Male,High School,Retired
4184,29,40876,3.85,38,91.17,Female,Doctorate,Student
4185,30,54670,4.31,50,41.41,Non-binary,Doctorate,Unemployed
4186,38,57043,1.4,42,1.11,Non-binary,Doctorate,Unemployed
4187,58,56618,3.71,53,66.81,Female,Associate Degree,Retired
4188,27,47330,2.06,36,60.4,Male,Bachelor's Degree,Employed
4189,30,20673,4.14,56,12.6,Female,Bachelor's Degree,Employed
4190,34,36235,4.83,32,95.99,Female,Associate Degree,Self-employed
4191,38,71304,4.61,53,56.16,Male,Master's Degree,Self-employed
4192,37,52806,1.46,17,46.93,Prefer not to say,Master's Degree,Retired
4193,47,45162,2.48,28,39.81,Prefer not to say,Bachelor's Degree,Unemployed
4194,18,66772,2.46,42,20.99,Prefer not to say,Associate Degree,Student
4195,18,33048,1.49,35,95.28,Female,Doctorate,Student
4196,30,46619,1.39,39,70.22,Male,High School,Self-employed
4197,45,52066,2.54,40,56.76,Prefer not to say,Bachelor's Degree,Self-employed
4198,19,43379,4.97,28,63.12,Male,Doctorate,Student
4199,18,51511,3.28,28,84.04,Prefer not to say,Bachelor's Degree,Employed
4200,40,47184,3.49,42,63.57,Non-binary,High School,Retired
4201,37,29009,2.88,33,11.46,Non-binary,Master's Degree,Self-employed
4202,24,52722,3.65,53,69.73,Male,Bachelor's Degree,Self-employed
4203,25,30074,4.83,38,56.49,Prefer not to say,Associate Degree,Student
4204,25,52484,3.35,47,96.63,Male,Master's Degree,Employed
4205,36,70612,1.26,44,73.37,Male,Master's Degree,Student
4206,28,45784,2.97,33,34.4,Male,Doctorate,Self-employed
4207,39,32427,4.97,20,13.54,Female,Associate Degree,Student
4208,18,48095,2.55,51,48.23,Prefer not to say,Bachelor's Degree,Retired
4209,26,37520,3.38,30,67.94,Prefer not to say,Bachelor's Degree,Self-employed
4210,23,58917,1.43,35,17.73,Male,Associate Degree,Self-employed
4211,32,47780,1.56,38,64.94,Non-binary,Master's Degree,Self-employed
4212,29,75646,4.5,39,82.56,Male,Bachelor's Degree,Self-employed
4213,42,67444,2.2,49,15.71,Non-binary,Bachelor's Degree,Self-employed
4214,18,47703,2.22,40,70.58,Prefer not to say,Bachelor's Degree,Unemployed
4215,35,60734,2.55,38,6.83,Prefer not to say,High School,Unemployed
4216,40,44101,4.87,50,0.8,Male,Associate Degree,Student
4217,53,50509,1.34,46,3.26,Female,High School,Unemployed
4218,30,44578,4.28,32,63.15,Prefer not to say,High School,Self-employed
4219,38,61496,2.37,28,97.34,Prefer not to say,Doctorate,Self-employed
4220,18,71494,4.4,31,77.14,Prefer not to say,Bachelor's Degree,Self-employed
4221,18,61979,4.97,39,25.44,Female,High School,Unemployed
4222,43,63829,2.39,27,7.17,Prefer not to say,Associate Degree,Unemployed
4223,34,63845,1.52,40,61.67,Male,Doctorate,Employed
4224,46,58268,1.58,38,0.32,Non-binary,Doctorate,Self-employed
4225,21,32910,4.03,14,79.26,Prefer not to say,Master's Degree,Employed
4226,40,75514,1.58,25,24.31,Prefer not to say,Master's Degree,Employed
4227,53,77066,2.04,11,29.92,Female,Doctorate,Employed
4228,39,46491,1.82,36,34.4,Non-binary,Associate Degree,Self-employed
4229,37,44439,2.42,50,76.36,Non-binary,High School,Unemployed
4230,35,59186,1.3,21,26.57,Female,Master's Degree,Self-employed
4231,19,58262,4.43,26,28.45,Male,High School,Unemployed
4232,48,46970,4.44,38,54.1,Prefer not to say,Associate Degree,Self-employed
4233,28,31249,2.65,29,46.3,Non-binary,High School,Retired
4234,40,54585,3.45,29,95.56,Non-binary,Doctorate,Retired
4235,19,58271,3.57,45,26.34,Male,Master's Degree,Self-employed
4236,23,60887,4,35,9.19,Male,Associate Degree,Self-employed
4237,49,55239,3.08,25,54.1,Prefer not to say,Doctorate,Self-employed
4238,31,45933,3.04,19,18.45,Female,Associate Degree,Retired
4239,49,64910,3.53,62,41.36,Female,Master's Degree,Self-employed
4240,34,50987,3.81,51,18.72,Male,High School,Student
4241,18,43026,2.39,35,88.1,Male,Associate Degree,Student
4242,43,47290,2.32,40,32.74,Non-binary,Master's Degree,Student
4243,29,23810,2.08,35,77.49,Male,Doctorate,Self-employed
4244,41,47266,3.2,45,94.86,Non-binary,Master's Degree,Employed
4245,35,60326,2.44,31,94.06,Female,High School,Employed
4246,19,55096,3.16,34,52.48,Female,Master's Degree,Unemployed
4247,36,72809,2.62,44,98.33,Non-binary,Doctorate,Student
4248,56,46055,4.35,54,65.59,Prefer not to say,Doctorate,Retired
4249,39,57309,1.29,47,12.85,Female,Associate Degree,Student
4250,34,61891,3.29,52,88.84,Prefer not to say,Doctorate,Student
4251,45,85142,3.3,36,46.87,Non-binary,Bachelor's Degree,Unemployed
4252,37,52171,2.53,33,15.27,Prefer not to say,Doctorate,Student
4253,37,34337,2.68,20,79.14,Non-binary,High School,Employed
4254,24,62718,4.2,40,62.44,Non-binary,Doctorate,Retired
4255,37,77985,2.12,43,88.21,Male,Associate Degree,Employed
4256,45,45161,4.49,36,82.73,Female,Doctorate,Student
4257,26,62616,4.59,32,32.01,Female,Master's Degree,Self-employed
4258,49,68430,3.6,52,25.63,Non-binary,Master's Degree,Retired
4259,34,65255,4.09,46,73.38,Prefer not to say,Master's Degree,Retired
4260,26,51883,3.45,53,57.33,Male,Bachelor's Degree,Unemployed
4261,44,39522,3.1,30,6.99,Prefer not to say,Associate Degree,Unemployed
4262,32,48780,4.87,32,18.16,Female,Master's Degree,Retired
4263,42,56879,2.13,52,15.14,Prefer not to say,Master's Degree,Retired
4264,32,63623,1.62,39,58.98,Male,Master's Degree,Employed
4265,34,55009,2.15,34,8.58,Prefer not to say,Associate Degree,Student
4266,39,44301,3.46,35,20.77,Female,Master's Degree,Retired
4267,37,58330,1.74,39,54.54,Non-binary,Bachelor's Degree,Self-employed
4268,18,62901,4.64,50,13.31,Female,Master's Degree,Student
4269,23,55694,2.64,38,24.83,Male,High School,Retired
4270,44,37457,4.4,47,90.68,Non-binary,Bachelor's Degree,Unemployed
4271,33,47278,2,44,69.71,Male,High School,Unemployed
4272,29,64217,2.25,31,30.69,Female,Master's Degree,Unemployed
4273,21,29254,1.24,31,87.74,Prefer not to say,Master's Degree,Self-employed
4274,24,20000,2.03,35,25.03,Female,Associate Degree,Employed
4275,18,72621,2.96,26,58.91,Prefer not to say,High School,Student
4276,33,57671,4.78,34,36.85,Non-binary,High School,Employed
4277,29,59100,2.56,55,75.21,Prefer not to say,Doctorate,Employed
4278,25,33847,3.56,39,37.16,Prefer not to say,Doctorate,Employed
4279,34,61062,2.71,32,24.89,Non-binary,Doctorate,Unemployed
4280,38,54128,1.19,59,60.77,Male,Doctorate,Student
4281,55,26235,3.01,30,74.53,Non-binary,High School,Unemployed
4282,19,71364,1.26,30,53.64,Male,Associate Degree,Employed
4283,46,52380,4.53,52,71.63,Non-binary,Doctorate,Retired
4284,44,44058,4.01,46,42.2,Prefer not to say,High School,Self-employed
4285,27,44330,2.51,38,79.54,Female,Associate Degree,Self-employed
4286,37,20000,3.56,48,58.5,Prefer not to say,Associate Degree,Employed
4287,30,58900,1.45,43,19.62,Male,Doctorate,Unemployed
4288,36,53927,3.81,28,89.08,Female,High School,Student
4289,50,47088,4.29,16,83.68,Prefer not to say,Bachelor's Degree,Unemployed
4290,41,69177,4.29,34,96.39,Prefer not to say,High School,Student
4291,40,29242,2.14,50,56.9,Female,Associate Degree,Retired
4292,30,41048,2.05,35,67.57,Prefer not to say,Master's Degree,Student
4293,20,37249,3.09,44,86.36,Male,Doctorate,Student
4294,32,45818,4.87,41,5.26,Non-binary,Associate Degree,Retired
4295,47,51012,4.68,23,91.22,Male,Bachelor's Degree,Self-employed
4296,19,56450,2.44,35,27.12,Prefer not to say,Bachelor's Degree,Student
4297,24,44795,4.12,43,5.7,Female,Bachelor's Degree,Retired
4298,36,36839,4.69,32,23.76,Female,Bachelor's Degree,Student
4299,25,75290,2.04,36,58.64,Female,High School,Unemployed
4300,27,86174,4.32,43,4.78,Prefer not to say,Associate Degree,Retired
4301,30,52149,2.07,40,0.08,Female,Bachelor's Degree,Employed
4302,21,38648,2.37,50,63.94,Male,Associate Degree,Student
4303,25,72131,1.8,43,45.34,Male,Associate Degree,Student
4304,42,28298,3.03,30,84.43,Prefer not to say,Master's Degree,Unemployed
4305,21,44978,4.37,35,25.75,Male,High School,Unemployed
4306,19,39558,3.11,40,28.07,Male,Master's Degree,Employed
4307,28,32606,1.49,53,7.75,Female,Doctorate,Retired
4308,42,45799,2.01,35,53.85,Non-binary,Doctorate,Employed
4309,33,37037,3.25,22,36.59,Male,Doctorate,Employed
4310,30,50189,3.33,44,33.97,Prefer not to say,Master's Degree,Self-employed
4311,35,50407,3.31,32,45.76,Female,Associate Degree,Employed
4312,18,40680,1.31,27,84.97,Male,Doctorate,Student
4313,39,44442,4.01,40,10.52,Prefer not to say,Doctorate,Employed
4314,38,46537,4.64,49,52.36,Prefer not to say,Master's Degree,Unemployed
4315,30,62147,3.04,34,19.64,Female,Associate Degree,Unemployed
4316,45,47773,3.88,44,21.24,Prefer not to say,Doctorate,Student
4317,23,62370,4.66,46,25.67,Non-binary,High School,Self-employed
4318,46,58787,3.57,47,45.94,Non-binary,Doctorate,Employed
4319,36,58572,3.7,32,49.44,Male,Master's Degree,Retired
4320,31,70817,3.89,28,87.15,Non-binary,Master's Degree,Unemployed
4321,34,33209,2.04,30,89.21,Female,High School,Student
4322,33,42902,3.33,47,58.67,Female,Associate Degree,Retired
4323,47,76449,4.37,46,28.14,Male,High School,Employed
4324,24,46140,2.18,30,81.84,Non-binary,Doctorate,Employed
4325,27,20000,4.59,61,79.29,Prefer not to say,Master's Degree,Employed
4326,45,46955,3.48,29,79.8,Prefer not to say,Associate Degree,Retired
4327,29,52024,2.69,49,1.64,Non-binary,Doctorate,Employed
4328,44,20000,3.49,55,75.39,Female,High School,Self-employed
4329,51,70009,2.61,41,85.27,Female,Doctorate,Retired
4330,30,39294,4.35,32,60.5,Female,High School,Unemployed
4331,41,54928,2.93,32,75.12,Female,Bachelor's Degree,Self-employed
4332,23,46610,4.6,37,77.62,Non-binary,Bachelor's Degree,Student
4333,42,30674,3.04,50,50.66,Male,Master's Degree,Employed
4334,36,33942,3.64,28,81.36,Non-binary,Associate Degree,Student
4335,39,35973,4.99,21,79.23,Non-binary,Master's Degree,Unemployed
4336,28,66285,1.59,43,91.61,Female,Doctorate,Student
4337,18,47786,3.95,45,92.14,Female,Bachelor's Degree,Unemployed
4338,40,42172,1.56,59,52.97,Female,Master's Degree,Student
4339,18,35980,4.36,26,3.15,Male,High School,Unemployed
4340,31,67942,3.39,38,1.91,Male,Associate Degree,Retired
4341,44,71963,4.75,51,93.89,Female,Bachelor's Degree,Retired
4342,36,67771,4.46,41,33.74,Female,Associate Degree,Student
4343,54,57386,1.3,38,37.75,Non-binary,Associate Degree,Self-employed
4344,45,54347,1.55,47,46.99,Non-binary,Bachelor's Degree,Self-employed
4345,28,31760,3.4,34,26.58,Non-binary,High School,Retired
4346,35,46312,3.07,48,59.04,Female,High School,Employed
4347,34,39742,1.67,27,78.46,Non-binary,High School,Employed
4348,19,22617,1.52,24,25.73,Prefer not to say,Associate Degree,Self-employed
4349,25,65855,3.26,37,74.31,Male,High School,Student
4350,29,39562,1.2,14,67.2,Non-binary,Doctorate,Self-employed
4351,18,67939,4.49,40,52.56,Male,Doctorate,Retired
4352,35,63226,4.23,22,32.54,Non-binary,High School,Student
4353,32,58350,4.14,42,87.28,Male,High School,Retired
4354,18,59193,1.06,41,40.28,Female,Bachelor's Degree,Self-employed
4355,39,40770,1.19,39,37.47,Prefer not to say,Bachelor's Degree,Self-employed
4356,42,77867,3.2,44,64.14,Male,Master's Degree,Retired
4357,37,50646,4.98,42,92.03,Non-binary,Associate Degree,Student
4358,31,54528,2.37,37,50.8,Female,Associate Degree,Student
4359,40,40263,2.38,58,72.27,Prefer not to say,Bachelor's Degree,Unemployed
4360,41,36032,1.54,43,45.69,Female,Doctorate,Retired
4361,38,57159,3.7,47,21.88,Female,Master's Degree,Self-employed
4362,26,53262,3.59,50,12.4,Male,Bachelor's Degree,Retired
4363,37,38159,1.41,46,13.63,Prefer not to say,Master's Degree,Retired
4364,46,28423,2.87,60,2.13,Female,Associate Degree,Employed
4365,29,30951,3.67,41,55.29,Non-binary,Associate Degree,Unemployed
4366,55,67942,2.97,39,13.11,Female,Associate Degree,Student
4367,29,40801,3.7,33,86.57,Non-binary,Doctorate,Employed
4368,35,44916,4.27,37,98.29,Female,Bachelor's Degree,Unemployed
4369,28,71755,3.74,32,49.59,Prefer not to say,Master's Degree,Employed
4370,37,33167,3.46,46,44.97,Prefer not to say,Bachelor's Degree,Unemployed
4371,18,39095,4.41,30,34.81,Prefer not to say,Associate Degree,Unemployed
4372,29,38468,4.6,40,63.8,Male,Associate Degree,Retired
4373,24,74271,2.56,45,60.8,Female,Bachelor's Degree,Unemployed
4374,36,79900,1.69,41,34.34,Prefer not to say,High School,Self-employed
4375,44,61273,4.27,31,34.32,Non-binary,High School,Self-employed
4376,41,61750,1.86,46,64.48,Non-binary,Bachelor's Degree,Self-employed
4377,18,41294,4.72,39,55.45,Female,Associate Degree,Self-employed
4378,55,79209,1.09,11,71.86,Prefer not to say,Master's Degree,Employed
4379,37,54015,4.69,30,94.14,Male,High School,Student
4380,27,62796,3.36,54,77.96,Prefer not to say,Bachelor's Degree,Student
4381,36,48417,4.1,54,30.43,Female,Doctorate,Unemployed
4382,36,45979,2.59,45,75.91,Male,Bachelor's Degree,Student
4383,28,74945,4.97,47,45,Non-binary,Associate Degree,Employed
4384,36,58095,1.91,32,77.77,Prefer not to say,Bachelor's Degree,Self-employed
4385,28,71770,2.06,37,88.66,Prefer not to say,High School,Self-employed
4386,30,53829,1.21,52,24.99,Non-binary,High School,Self-employed
4387,28,37274,4.76,44,23.86,Female,Bachelor's Degree,Student
4388,20,41249,2.82,40,43.26,Male,Master's Degree,Student
4389,36,51544,3.7,38,5.15,Non-binary,Bachelor's Degree,Retired
4390,40,40602,3.75,51,68.57,Male,Master's Degree,Retired
4391,40,33388,4.5,51,74.97,Female,High School,Student
4392,43,68021,3.66,46,34.54,Male,Doctorate,Self-employed
4393,38,41826,3.25,40,46.53,Male,Master's Degree,Student
4394,29,52072,3.84,36,59.04,Prefer not to say,Bachelor's Degree,Employed
4395,43,54442,4,46,7.36,Non-binary,Associate Degree,Retired
4396,21,41177,1.74,28,71.13,Male,Associate Degree,Self-employed
4397,25,71761,1.44,31,52.67,Male,Bachelor's Degree,Retired
4398,25,33242,1.3,25,62.43,Non-binary,High School,Unemployed
4399,45,53924,2.5,52,72.38,Non-binary,High School,Unemployed
4400,44,53691,2.99,32,67.56,Female,High School,Unemployed
4401,39,49186,3.46,44,9.53,Non-binary,Bachelor's Degree,Student
4402,45,30546,4.83,38,78.26,Male,Associate Degree,Retired
4403,26,63062,2.32,68,61,Prefer not to say,Doctorate,Employed
4404,38,61152,4.04,44,71.49,Female,Associate Degree,Retired
4405,33,39866,3.13,21,26.15,Non-binary,High School,Self-employed
4406,43,60612,1.88,51,22.14,Non-binary,Bachelor's Degree,Student
4407,33,55623,3.46,36,82.61,Non-binary,Bachelor's Degree,Retired
4408,31,30790,4.87,37,39.04,Female,Doctorate,Student
4409,40,37191,1.5,33,57.53,Female,Associate Degree,Student
4410,43,67074,3.03,41,55.16,Non-binary,High School,Employed
4411,28,54641,1.21,41,58.52,Female,Doctorate,Self-employed
4412,34,41535,2.28,33,6.95,Prefer not to say,High School,Employed
4413,24,37122,3.48,34,30.25,Male,Associate Degree,Employed
4414,18,42269,4.36,41,6.65,Prefer not to say,Doctorate,Student
4415,37,43332,3.92,16,48.02,Male,High School,Student
4416,41,37310,2.85,25,90.21,Female,Master's Degree,Employed
4417,37,23873,4.64,56,38.92,Non-binary,Bachelor's Degree,Unemployed
4418,18,67100,2.21,43,78.24,Female,Associate Degree,Unemployed
4419,31,64559,4.02,34,28.72,Prefer not to say,Bachelor's Degree,Employed
4420,18,30901,2.9,23,85.63,Prefer not to say,High School,Student
4421,48,52044,4.59,39,41.95,Female,Doctorate,Student
4422,24,36466,4.19,49,35.52,Non-binary,High School,Self-employed
4423,47,46076,4.61,66,69.75,Non-binary,Master's Degree,Student
4424,44,44828,1.86,58,51.28,Male,Master's Degree,Retired
4425,25,43582,3.67,31,33.73,Prefer not to say,Associate Degree,Retired
4426,23,80044,3.95,35,5.81,Male,Bachelor's Degree,Student
4427,38,43395,3.97,25,16.66,Female,High School,Employed
4428,26,37876,3.02,31,77.23,Male,Master's Degree,Retired
4429,36,38561,1.05,37,92.07,Non-binary,Doctorate,Student
4430,30,65656,2.05,36,16.88,Prefer not to say,High School,Student
4431,18,25218,2.29,60,56.94,Non-binary,Associate Degree,Retired
4432,18,38560,4.41,26,3.42,Male,Doctorate,Student
4433,37,71702,4.36,39,29.08,Female,Bachelor's Degree,Employed
4434,29,53659,1.42,19,44.88,Male,Associate Degree,Unemployed
4435,29,52878,4.8,43,73.59,Non-binary,Bachelor's Degree,Retired
4436,41,81982,1.73,26,4.41,Prefer not to say,Bachelor's Degree,Retired
4437,46,53695,2.66,51,78.12,Male,Master's Degree,Student
4438,32,39377,1.86,37,20.26,Prefer not to say,Bachelor's Degree,Employed
4439,31,45768,4.44,25,75.95,Prefer not to say,Doctorate,Retired
4440,40,32968,4,18,62.55,Male,Doctorate,Student
4441,21,68839,2.41,30,33.96,Non-binary,Doctorate,Student
4442,37,58618,3.73,42,72.38,Female,High School,Student
4443,40,66866,1.74,44,23.63,Non-binary,Master's Degree,Self-employed
4444,41,68194,2.53,35,21.97,Male,Master's Degree,Self-employed
4445,18,43786,2.51,49,6.17,Prefer not to say,Doctorate,Employed
4446,27,35828,1.95,28,39.31,Non-binary,High School,Unemployed
4447,26,49224,4.51,10,9.77,Female,Bachelor's Degree,Self-employed
4448,35,36908,3.72,42,41.95,Prefer not to say,Bachelor's Degree,Employed
4449,39,52474,2.12,52,0.98,Female,Bachelor's Degree,Student
4450,49,66981,1.97,52,15.51,Prefer not to say,Master's Degree,Student
4451,30,47477,1.07,27,93.24,Female,Bachelor's Degree,Unemployed
4452,30,52249,2.39,34,79.56,Female,High School,Retired
4453,46,48592,3.11,47,23.62,Male,High School,Self-employed
4454,37,62040,2.11,33,71.83,Male,Bachelor's Degree,Self-employed
4455,47,39983,3.8,41,66.85,Prefer not to say,Master's Degree,Student
4456,37,20000,2.65,32,17.69,Male,Associate Degree,Employed
4457,23,57063,2.27,29,37.11,Male,Doctorate,Unemployed
4458,21,64817,4.76,31,91.37,Female,Bachelor's Degree,Unemployed
4459,19,56695,2.05,49,73.87,Prefer not to say,Bachelor's Degree,Retired
4460,41,40396,2.59,40,76.03,Female,Doctorate,Retired
4461,46,32974,2.53,52,56.39,Male,Associate Degree,Employed
4462,53,57417,1.96,45,66.55,Male,Bachelor's Degree,Employed
4463,43,52122,1.87,56,50.87,Non-binary,Bachelor's Degree,Unemployed
4464,46,48113,2.21,48,74.09,Female,Associate Degree,Student
4465,29,77336,4.46,47,73.27,Male,Doctorate,Employed
4466,23,35797,4.07,38,3.11,Prefer not to say,High School,Employed
4467,43,76625,3.72,70,63.18,Prefer not to say,Bachelor's Degree,Retired
4468,39,50476,2.83,41,62.98,Male,Bachelor's Degree,Retired
4469,36,22466,3.03,20,6.73,Male,Master's Degree,Retired
4470,38,47311,2.07,42,41.04,Male,Associate Degree,Student
4471,38,64392,1.3,30,89.88,Prefer not to say,Bachelor's Degree,Unemployed
4472,47,44524,2.32,50,95.34,Male,Master's Degree,Student
4473,47,27878,2.98,47,78.22,Female,High School,Retired
4474,40,47532,1.23,38,15.15,Non-binary,Associate Degree,Self-employed
4475,43,37142,1.35,31,37.47,Non-binary,High School,Self-employed
4476,40,57377,2.05,41,18.26,Non-binary,Master's Degree,Unemployed
4477,30,61600,2.47,33,65.21,Female,Doctorate,Retired
4478,42,34155,2.57,47,77.31,Male,Associate Degree,Retired
4479,21,39412,1.47,45,88.38,Non-binary,Doctorate,Student
4480,45,61349,1.9,69,86.06,Prefer not to say,Master's Degree,Unemployed
4481,23,37117,2.05,35,9.92,Male,Associate Degree,Student
4482,37,33767,1.27,36,12.57,Prefer not to say,Bachelor's Degree,Retired
4483,26,32319,2.3,38,90.97,Non-binary,Master's Degree,Employed
4484,40,55280,1.29,38,84.38,Female,Master's Degree,Self-employed
4485,34,54637,3.81,50,46.04,Non-binary,High School,Retired
4486,19,39739,2.54,37,43.01,Non-binary,Doctorate,Employed
4487,39,50076,2.31,59,55.28,Male,Associate Degree,Self-employed
4488,29,72906,1.51,45,59.66,Male,Associate Degree,Employed
4489,43,35389,1.91,35,25.42,Non-binary,Bachelor's Degree,Unemployed
4490,35,20723,1.93,32,40.37,Female,Associate Degree,Employed
4491,38,56826,4.94,50,61.97,Prefer not to say,Bachelor's Degree,Employed
4492,25,48343,4.34,40,20.63,Prefer not to say,Associate Degree,Unemployed
4493,29,39349,1.06,40,99.88,Female,High School,Employed
4494,30,59781,3.47,34,28.29,Male,Master's Degree,Self-employed
4495,43,62588,2.02,39,55.24,Non-binary,Associate Degree,Employed
4496,51,20000,1.42,33,55.42,Non-binary,Master's Degree,Employed
4497,26,40211,3.82,53,45.15,Non-binary,Doctorate,Unemployed
4498,45,84762,1.53,47,24.15,Prefer not to say,Master's Degree,Self-employed
4499,18,58751,2.77,38,56.54,Female,Doctorate,Unemployed
4500,23,60141,3.53,38,9.1,Female,Associate Degree,Employed
4501,25,67593,3.22,40,38.69,Non-binary,High School,Unemployed
4502,21,50256,4.91,39,22.43,Non-binary,High School,Unemployed
4503,19,61950,4.14,30,12.42,Female,Master's Degree,Employed
4504,39,60770,4.1,20,92.55,Prefer not to say,High School,Employed
4505,32,58085,2.42,32,69.99,Male,Doctorate,Retired
4506,38,45169,1.03,38,16.88,Non-binary,High School,Employed
4507,41,52580,3.94,32,94.94,Female,High School,Employed
4508,37,41174,5,48,21.6,Prefer not to say,High School,Retired
4509,41,50192,2.62,37,23.56,Male,Bachelor's Degree,Self-employed
4510,34,32472,4.94,58,13.33,Female,Bachelor's Degree,Retired
4511,23,38140,1.57,34,72.79,Non-binary,Master's Degree,Unemployed
4512,45,45765,2.19,41,57.09,Female,Associate Degree,Retired
4513,29,35844,1.68,37,5.83,Prefer not to say,Associate Degree,Retired
4514,25,42424,2.9,44,2.53,Non-binary,Doctorate,Self-employed
4515,33,47541,4.19,50,53.27,Female,Doctorate,Student
4516,25,56033,2.36,46,65.15,Female,Master's Degree,Self-employed
4517,30,64238,4.62,19,82.29,Non-binary,Bachelor's Degree,Retired
4518,38,43043,3.18,44,47.83,Non-binary,High School,Unemployed
4519,38,70026,2.86,29,67.65,Prefer not to say,Bachelor's Degree,Unemployed
4520,26,64079,4.15,36,73.37,Non-binary,Bachelor's Degree,Student
4521,30,57561,1.41,46,61.31,Prefer not to say,Master's Degree,Employed
4522,45,52304,4.1,28,35.22,Female,Bachelor's Degree,Retired
4523,39,54786,1.97,51,13.19,Non-binary,Associate Degree,Employed
4524,55,67805,2.12,36,64.75,Prefer not to say,Bachelor's Degree,Unemployed
4525,46,68353,3.4,61,76.87,Female,Associate Degree,Employed
4526,46,70024,4.61,40,18.98,Male,Doctorate,Self-employed
4527,21,50619,3.31,57,49.49,Female,Doctorate,Self-employed
4528,42,58324,3.6,51,39.72,Non-binary,Master's Degree,Student
4529,34,70153,4.11,33,20.57,Prefer not to say,High School,Employed
4530,29,40644,2.04,26,24.53,Male,Bachelor's Degree,Student
4531,36,45223,4.31,41,23.77,Prefer not to say,High School,Self-employed
4532,44,50240,2.67,34,41.89,Prefer not to say,Associate Degree,Self-employed
4533,40,63493,1.7,55,39.05,Male,High School,Student
4534,26,63727,2.4,37,55.42,Male,Bachelor's Degree,Self-employed
4535,42,46537,1.98,36,9.32,Prefer not to say,High School,Employed
4536,28,27370,1.91,26,58.13,Non-binary,High School,Retired
4537,37,53692,2.13,44,2.18,Male,High School,Retired
4538,31,36225,1.72,28,25.74,Non-binary,Master's Degree,Self-employed
4539,32,27650,3.67,44,50.21,Male,High School,Retired
4540,42,31041,3.32,45,68.69,Prefer not to say,Bachelor's Degree,Retired
4541,24,54895,3.59,32,77.13,Male,Bachelor's Degree,Retired
4542,54,70415,2.37,49,3.56,Prefer not to say,High School,Self-employed
4543,18,50583,4.08,37,53.75,Male,Master's Degree,Retired
4544,29,53170,1.52,25,35.44,Male,Associate Degree,Student
4545,38,67743,3.28,55,69.49,Male,High School,Student
4546,40,26833,2.1,30,28.38,Female,Master's Degree,Retired
4547,33,57802,3.11,45,74.37,Male,Doctorate,Unemployed
4548,34,49826,2.29,44,60.22,Female,Bachelor's Degree,Unemployed
4549,39,58490,4.16,43,78.97,Non-binary,Doctorate,Student
4550,32,42747,4.57,43,98.44,Non-binary,Bachelor's Degree,Student
4551,48,37730,3.97,30,90.86,Male,Associate Degree,Retired
4552,43,52107,1.7,56,59.33,Non-binary,Master's Degree,Self-employed
4553,43,74737,2.1,49,89.38,Male,Associate Degree,Student
4554,25,62913,4.68,44,15.31,Female,Doctorate,Retired
4555,34,42384,2.75,26,4.3,Non-binary,Master's Degree,Student
4556,31,29885,4.76,30,53.31,Prefer not to say,Doctorate,Student
4557,24,24768,2.57,46,97.44,Male,High School,Retired
4558,38,69741,4.81,19,70.97,Male,Doctorate,Retired
4559,29,35673,4.7,43,30.51,Non-binary,Associate Degree,Employed
4560,41,45117,3.64,26,66.88,Non-binary,Associate Degree,Self-employed
4561,24,69818,1.04,31,3.99,Non-binary,High School,Employed
4562,52,25791,2.6,25,47.06,Male,Master's Degree,Employed
4563,26,72383,4.64,42,23.73,Prefer not to say,Doctorate,Employed
4564,37,46195,4.54,51,4.92,Male,Doctorate,Employed
4565,42,32771,1.75,43,24.99,Male,Doctorate,Employed
4566,29,46289,2.6,44,72.25,Female,Master's Degree,Student
4567,43,39161,4.34,41,55.12,Male,Associate Degree,Employed
4568,22,56612,3.31,46,2.34,Male,High School,Retired
4569,49,40278,4.39,44,40.97,Male,Master's Degree,Self-employed
4570,35,21325,4.31,12,75.22,Prefer not to say,High School,Unemployed
4571,29,46691,4.63,49,95.46,Non-binary,Bachelor's Degree,Unemployed
4572,32,29651,1.47,48,87.44,Male,High School,Student
4573,43,53064,1.58,36,0.15,Female,Bachelor's Degree,Employed
4574,29,32193,1.33,20,21.87,Female,High School,Retired
4575,27,42679,4.74,42,20.77,Non-binary,Bachelor's Degree,Unemployed
4576,32,52738,2.9,43,41.31,Female,Doctorate,Employed
4577,23,46813,1.26,35,64.58,Female,Master's Degree,Unemployed
4578,53,53756,2.29,41,15.31,Prefer not to say,Doctorate,Unemployed
4579,29,60204,2.41,50,91.57,Male,Associate Degree,Employed
4580,43,32630,4.24,63,77.71,Male,Master's Degree,Self-employed
4581,37,49034,3.94,41,41.93,Male,Doctorate,Self-employed
4582,25,20000,3.76,43,58.4,Male,High School,Student
4583,34,53709,1.09,31,54.18,Male,Master's Degree,Retired
4584,42,45487,4.64,34,58.22,Female,High School,Employed
4585,33,35248,1.86,38,86.01,Prefer not to say,Doctorate,Unemployed
4586,46,54735,3.52,51,20.01,Male,Master's Degree,Self-employed
4587,45,67590,1.25,48,68.37,Female,Doctorate,Retired
4588,44,42859,1.33,59,10.7,Non-binary,Associate Degree,Retired
4589,30,35827,1.04,25,45.92,Female,Doctorate,Employed
4590,24,52475,3.26,26,63.58,Prefer not to say,Associate Degree,Employed
4591,28,29965,3.52,51,1.25,Male,Doctorate,Employed
4592,36,40094,1.2,54,10.81,Male,Master's Degree,Self-employed
4593,40,68336,2.16,40,9.13,Male,High School,Student
4594,18,50932,4.41,10,37.47,Prefer not to say,Master's Degree,Student
4595,34,21807,1.41,32,62.2,Non-binary,Doctorate,Student
4596,36,23045,1.87,43,99.6,Non-binary,Doctorate,Retired
4597,32,52431,2.7,31,25.41,Female,Doctorate,Retired
4598,47,62935,4.37,41,13.6,Female,Bachelor's Degree,Self-employed
4599,39,25735,2.02,58,41.48,Male,Associate Degree,Employed
4600,48,56745,4.99,54,14.6,Male,High School,Employed
4601,32,69955,2.42,48,2.45,Male,Associate Degree,Unemployed
4602,44,78317,2.55,39,56.4,Female,Doctorate,Unemployed
4603,51,54968,1.49,35,87.96,Male,Doctorate,Unemployed
4604,48,57602,3.72,47,86.09,Female,Associate Degree,Retired
4605,24,20000,1.97,40,10.08,Female,Associate Degree,Student
4606,32,81496,3.52,40,14.75,Prefer not to say,Associate Degree,Self-employed
4607,31,41367,1.89,24,49.11,Male,Bachelor's Degree,Student
4608,39,35997,2.55,32,36.77,Male,Associate Degree,Employed
4609,41,46171,4.43,47,70.31,Female,Doctorate,Unemployed
4610,26,72675,3.96,28,49.49,Female,High School,Student
4611,35,83120,1.62,42,2.01,Female,Master's Degree,Employed
4612,18,51881,3.43,44,28.46,Prefer not to say,Associate Degree,Unemployed
4613,49,64971,3.51,44,90.15,Prefer not to say,Associate Degree,Student
4614,29,50648,1.36,45,51.15,Female,Associate Degree,Student
4615,35,34433,2.86,46,79.79,Prefer not to say,High School,Student
4616,31,72151,2.04,33,40.23,Prefer not to say,Associate Degree,Unemployed
4617,46,40668,2.87,25,67.7,Non-binary,Associate Degree,Retired
4618,18,73032,4.11,31,16.9,Male,Associate Degree,Unemployed
4619,34,69478,1.63,47,73.65,Female,High School,Self-employed
4620,33,59210,1.49,27,78.66,Non-binary,Master's Degree,Unemployed
4621,30,77434,2.08,29,9.01,Non-binary,Doctorate,Student
4622,52,83485,4.81,29,18.33,Prefer not to say,High School,Employed
4623,26,47371,3.99,21,46.29,Female,Associate Degree,Employed
4624,42,37868,1.08,28,63.74,Prefer not to say,Bachelor's Degree,Student
4625,38,22035,2.6,50,63.75,Non-binary,High School,Retired
4626,47,83670,2.03,32,66.82,Non-binary,Associate Degree,Retired
4627,28,43404,3.55,22,71.44,Non-binary,Associate Degree,Unemployed
4628,27,67025,2.84,34,50.58,Male,Doctorate,Unemployed
4629,45,38881,4.86,45,57.49,Female,High School,Employed
4630,39,73073,1.88,21,0.84,Male,High School,Student
4631,19,39498,3.35,49,16.66,Non-binary,Doctorate,Student
4632,29,32124,3.8,25,49.86,Non-binary,Bachelor's Degree,Unemployed
4633,38,46872,4.3,36,74.56,Non-binary,Bachelor's Degree,Self-employed
4634,43,42023,2.63,35,80.89,Male,Master's Degree,Unemployed
4635,28,58944,3.75,34,72.89,Prefer not to say,Master's Degree,Unemployed
4636,18,49229,2.21,39,48.64,Female,Doctorate,Retired
4637,40,59415,2.74,47,28.13,Prefer not to say,High School,Unemployed
4638,22,45634,4.58,39,44.47,Prefer not to say,Associate Degree,Unemployed
4639,18,40023,4.8,33,0.93,Non-binary,Bachelor's Degree,Self-employed
4640,18,41246,3.88,44,59.8,Male,High School,Employed
4641,43,80674,2.5,42,7.46,Prefer not to say,Master's Degree,Employed
4642,36,53377,4.28,33,14.54,Male,Bachelor's Degree,Unemployed
4643,32,20243,1.1,40,62.6,Male,Associate Degree,Student
4644,48,42196,1.41,32,1.33,Male,Master's Degree,Unemployed
4645,41,51452,3.65,31,57.36,Female,Associate Degree,Retired
4646,51,77680,2.16,48,63.84,Prefer not to say,Master's Degree,Self-employed
4647,21,65430,4.81,44,78.83,Non-binary,Associate Degree,Unemployed
4648,34,36174,2.74,47,6.8,Non-binary,Bachelor's Degree,Employed
4649,18,86275,2.72,46,0.29,Female,Doctorate,Unemployed
4650,32,49532,3.71,31,76.69,Prefer not to say,Associate Degree,Self-employed
4651,32,68694,4.07,50,29.01,Non-binary,Bachelor's Degree,Self-employed
4652,41,32674,2.9,37,88.72,Male,High School,Student
4653,35,20000,1.86,49,18.5,Non-binary,High School,Student
4654,41,28873,4.09,38,58.55,Prefer not to say,Master's Degree,Student
4655,42,20000,2.28,43,10.94,Male,Doctorate,Unemployed
4656,56,81681,1.7,43,40.27,Female,Master's Degree,Employed
4657,31,53217,3.53,48,88.21,Non-binary,Associate Degree,Retired
4658,25,36130,1.36,23,60.83,Non-binary,Doctorate,Employed
4659,37,56789,4.89,24,68.96,Female,Associate Degree,Self-employed
4660,26,52840,3.53,46,22.6,Prefer not to say,Bachelor's Degree,Employed
4661,49,59314,4.94,43,92.28,Male,Doctorate,Unemployed
4662,32,68142,2.36,32,62.35,Non-binary,High School,Student
4663,29,45651,4.88,43,10.59,Prefer not to say,Bachelor's Degree,Employed
4664,30,36802,1.58,25,1.56,Male,Bachelor's Degree,Self-employed
4665,42,62416,1.16,72,1.59,Non-binary,Associate Degree,Self-employed
4666,33,62034,1.13,53,5.12,Prefer not to say,Master's Degree,Retired
4667,28,51511,2.86,46,91.16,Prefer not to say,Associate Degree,Employed
4668,51,82663,1.33,40,35.84,Female,Bachelor's Degree,Unemployed
4669,26,43432,3.05,33,29.82,Non-binary,Doctorate,Self-employed
4670,35,36502,2.31,26,41.65,Male,High School,Retired
4671,41,56271,2.34,38,40.96,Non-binary,Bachelor's Degree,Self-employed
4672,18,39875,3.54,31,23.85,Female,Master's Degree,Retired
4673,39,57432,1.65,31,9.18,Male,Master's Degree,Self-employed
4674,24,37504,4.07,25,10.86,Prefer not to say,Doctorate,Unemployed
4675,43,43996,3.33,42,59.92,Female,Master's Degree,Unemployed
4676,25,78362,4.66,36,39.68,Male,Doctorate,Self-employed
4677,41,43916,2.46,45,90.25,Male,Master's Degree,Student
4678,46,38017,4.93,44,46.37,Non-binary,Associate Degree,Unemployed
4679,43,67560,3.3,42,50.35,Prefer not to say,High School,Unemployed
4680,37,34234,4.89,66,92.82,Female,High School,Retired
4681,32,39605,1.11,48,50.16,Prefer not to say,Bachelor's Degree,Retired
4682,29,58648,3.91,27,50.2,Female,Bachelor's Degree,Employed
4683,49,64076,4.27,44,36.32,Non-binary,Associate Degree,Employed
4684,28,68307,1.21,39,71.04,Male,Associate Degree,Unemployed
4685,24,38791,3.32,26,39.22,Non-binary,High School,Unemployed
4686,41,58940,4.21,25,58.83,Female,Bachelor's Degree,Self-employed
4687,27,43008,3.24,44,44.74,Prefer not to say,Bachelor's Degree,Student
4688,25,40915,1.26,46,52.87,Male,High School,Self-employed
4689,20,68048,3.77,29,82.7,Female,Doctorate,Unemployed
4690,30,41756,1.24,49,41.37,Male,Associate Degree,Retired
4691,34,54173,4.27,42,23.01,Male,Bachelor's Degree,Employed
4692,37,52333,1.17,51,57.03,Non-binary,High School,Student
4693,44,33938,1.55,50,93.75,Female,Associate Degree,Retired
4694,40,64491,2.1,38,69.32,Prefer not to say,High School,Unemployed
4695,33,58404,3.53,56,30.84,Non-binary,Doctorate,Student
4696,33,20205,4.91,28,96.3,Non-binary,Master's Degree,Student
4697,40,54161,1.47,63,34.27,Non-binary,Bachelor's Degree,Employed
4698,47,38405,1.57,31,98.33,Female,Associate Degree,Student
4699,36,66456,2.48,39,19.2,Female,High School,Unemployed
4700,30,28319,4.34,34,99.96,Male,High School,Employed
4701,25,44652,2.87,36,7.59,Male,Associate Degree,Unemployed
4702,20,55430,2.29,69,71.32,Male,Bachelor's Degree,Student
4703,41,50815,3.24,35,74.04,Male,Bachelor's Degree,Unemployed
4704,40,61444,2.04,48,67.96,Non-binary,High School,Retired
4705,40,27223,2.6,37,77.76,Prefer not to say,Bachelor's Degree,Student
4706,33,74778,2.33,49,47.18,Male,Master's Degree,Self-employed
4707,49,57877,4.22,34,5.41,Female,Doctorate,Self-employed
4708,30,70395,4.7,42,35.78,Male,Doctorate,Retired
4709,44,63113,4.04,46,64.23,Female,Master's Degree,Self-employed
4710,34,49825,2.76,32,64.62,Prefer not to say,Bachelor's Degree,Self-employed
4711,28,30737,3.02,67,19.52,Non-binary,High School,Employed
4712,40,41546,1.5,46,25.3,Prefer not to say,Bachelor's Degree,Unemployed
4713,39,73843,3.99,37,48.67,Prefer not to say,Associate Degree,Student
4714,38,70781,3.39,33,72.86,Non-binary,Associate Degree,Self-employed
4715,35,40706,4.61,40,85.28,Female,Bachelor's Degree,Student
4716,34,20000,1.8,27,8.65,Prefer not to say,Master's Degree,Retired
4717,58,46809,4.04,57,92.56,Non-binary,Associate Degree,Self-employed
4718,46,45684,3.74,44,92.77,Female,Doctorate,Employed
4719,42,46253,2.06,39,0.79,Female,High School,Student
4720,36,57928,3.67,50,50.64,Female,Master's Degree,Retired
4721,45,63143,4.7,32,58.71,Non-binary,Associate Degree,Employed
4722,40,64854,4.67,28,55.37,Male,High School,Unemployed
4723,35,56685,3.88,38,61.58,Non-binary,Doctorate,Retired
4724,31,22988,1.19,41,50.34,Prefer not to say,Associate Degree,Employed
4725,34,44882,4.49,45,29.38,Non-binary,Associate Degree,Student
4726,18,84561,3.63,25,9.57,Non-binary,High School,Employed
4727,37,55613,2.24,35,20.84,Prefer not to say,High School,Retired
4728,30,55517,1.75,10,74.03,Non-binary,Bachelor's Degree,Unemployed
4729,50,55392,1.46,28,24.11,Non-binary,Associate Degree,Unemployed
4730,35,56230,1.2,47,82.97,Prefer not to say,Doctorate,Retired
4731,23,20000,4.02,49,40.35,Male,High School,Student
4732,34,46407,1.94,28,41.45,Male,Master's Degree,Unemployed
4733,24,49431,1.1,36,86.85,Female,Associate Degree,Self-employed
4734,39,69222,2.59,40,21.43,Male,Master's Degree,Self-employed
4735,37,50715,2.93,50,18.96,Non-binary,Associate Degree,Unemployed
4736,44,25302,1.68,55,98.54,Prefer not to say,High School,Student
4737,27,56451,1.18,41,54.06,Female,Bachelor's Degree,Student
4738,35,37942,1.76,37,19.05,Non-binary,Associate Degree,Student
4739,21,31748,3.72,25,16.58,Female,High School,Student
4740,42,37487,1.33,41,86.17,Prefer not to say,High School,Student
4741,40,58137,3.22,60,59.98,Non-binary,High School,Employed
4742,39,68881,1.59,52,11.5,Female,Master's Degree,Unemployed
4743,35,57243,1.78,41,88.69,Female,High School,Retired
4744,39,59480,2.57,43,44.39,Male,Master's Degree,Self-employed
4745,51,57095,1.4,33,98.94,Female,Doctorate,Unemployed
4746,32,51519,1.69,36,28.18,Male,Bachelor's Degree,Self-employed
4747,36,60453,2.4,41,52.88,Male,High School,Unemployed
4748,24,20000,2.32,41,17.31,Prefer not to say,Doctorate,Unemployed
4749,26,51666,4,50,43.97,Male,High School,Self-employed
4750,35,34326,1.3,49,17.65,Female,Doctorate,Student
4751,46,67443,4.44,45,30.72,Male,High School,Self-employed
4752,32,47792,4.26,30,26.99,Male,Bachelor's Degree,Self-employed
4753,32,50464,4.06,30,28.31,Female,High School,Self-employed
4754,30,27423,2.24,31,96.98,Prefer not to say,Master's Degree,Student
4755,29,65252,4.29,42,3.84,Prefer not to say,High School,Unemployed
4756,37,59409,1.73,19,49.69,Female,Associate Degree,Retired
4757,20,58354,1.5,39,62.92,Non-binary,Master's Degree,Retired
4758,47,37804,1.18,54,66.08,Non-binary,Doctorate,Unemployed
4759,28,38395,4.76,46,75.45,Female,High School,Self-employed
4760,42,53353,2.23,36,76.1,Male,High School,Unemployed
4761,22,39582,4.67,33,95.55,Female,High School,Employed
4762,41,56523,2.09,48,75.57,Female,Associate Degree,Unemployed
4763,41,20000,4.63,43,82.37,Non-binary,Bachelor's Degree,Employed
4764,38,42686,4.62,37,53.23,Non-binary,Bachelor's Degree,Retired
4765,25,76951,4.69,34,65.77,Female,Master's Degree,Retired
4766,37,56592,2.98,40,47.81,Male,Master's Degree,Retired
4767,23,52501,4.46,36,27.64,Prefer not to say,Associate Degree,Self-employed
4768,32,79778,4.8,47,31.34,Female,Associate Degree,Employed
4769,45,20000,2.3,52,36.05,Female,Associate Degree,Employed
4770,42,37770,2.68,26,34.06,Prefer not to say,Doctorate,Employed
4771,35,43982,3.88,27,53.32,Non-binary,Associate Degree,Unemployed
4772,25,62875,2.2,53,24.76,Male,Associate Degree,Self-employed
4773,41,63134,4.02,41,51.66,Non-binary,Associate Degree,Retired
4774,35,37009,1.3,28,91.62,Prefer not to say,Associate Degree,Unemployed
4775,18,64969,3.09,49,40.6,Prefer not to say,Bachelor's Degree,Self-employed
4776,42,43950,1.49,43,22.26,Prefer not to say,High School,Retired
4777,34,68174,2.17,62,34.69,Prefer not to say,High School,Employed
4778,47,34510,2.03,37,87.69,Male,Bachelor's Degree,Employed
4779,24,48150,4.36,51,94.17,Female,Associate Degree,Employed
4780,18,42647,1.77,25,88.67,Female,Doctorate,Student
4781,37,65840,4.23,53,28.73,Prefer not to say,Doctorate,Employed
4782,37,42158,4.18,49,38.78,Male,Master's Degree,Retired
4783,18,49363,3,56,97.49,Prefer not to say,High School,Unemployed
4784,25,57602,1.94,51,32.39,Male,Master's Degree,Unemployed
4785,62,58178,1.91,39,13.79,Female,Associate Degree,Student
4786,31,63304,2.86,28,28.21,Male,Master's Degree,Student
4787,42,53166,1.04,33,96.4,Female,Associate Degree,Retired
4788,28,43726,3.13,22,41.59,Male,Master's Degree,Self-employed
4789,18,44754,4.81,30,93.39,Non-binary,Bachelor's Degree,Student
4790,33,50385,1.62,44,10.41,Male,Associate Degree,Student
4791,32,53743,3.29,39,76.61,Prefer not to say,Doctorate,Retired
4792,31,47792,4.85,37,9.33,Non-binary,Associate Degree,Unemployed
4793,33,50288,4.44,32,19.75,Non-binary,Doctorate,Retired
4794,37,27241,4.4,22,61.61,Non-binary,Doctorate,Employed
4795,33,60010,4.29,41,43.45,Non-binary,Master's Degree,Self-employed
4796,22,52716,2.24,43,66.67,Non-binary,High School,Student
4797,39,65028,4.56,30,97.34,Non-binary,High School,Self-employed
4798,18,50002,4.77,34,5.27,Non-binary,High School,Retired
4799,18,23924,2.98,55,19.16,Male,Doctorate,Unemployed
4800,42,44623,2.42,51,64.02,Prefer not to say,High School,Self-employed
4801,40,47001,2.66,25,89.65,Male,Associate Degree,Student
4802,34,61143,2.34,39,79.76,Non-binary,Associate Degree,Employed
4803,21,20000,1.85,54,46.56,Non-binary,Associate Degree,Self-employed
4804,27,50617,3.47,37,74.55,Non-binary,Doctorate,Retired
4805,32,57705,3.25,37,20.81,Male,Doctorate,Retired
4806,19,40077,2.85,50,1.37,Prefer not to say,High School,Self-employed
4807,27,51119,1.38,49,57,Prefer not to say,Master's Degree,Retired
4808,41,40594,4.19,49,81.32,Male,Doctorate,Self-employed
4809,49,39056,1.7,37,43.34,Female,Bachelor's Degree,Self-employed
4810,30,43873,1.46,46,56.92,Female,Associate Degree,Unemployed
4811,42,39339,3.49,54,42.22,Prefer not to say,Associate Degree,Retired
4812,18,60254,2.59,39,51.4,Female,High School,Unemployed
4813,41,38975,1.24,35,88.43,Male,Master's Degree,Retired
4814,26,36456,2.42,52,47.81,Prefer not to say,Associate Degree,Unemployed
4815,38,76518,4.09,60,0.75,Prefer not to say,Doctorate,Employed
4816,32,64411,3.46,61,79.98,Male,Master's Degree,Retired
4817,48,22077,2.45,36,61.77,Male,Associate Degree,Unemployed
4818,26,38528,1.77,37,73.04,Male,High School,Employed
4819,41,53636,3.53,29,90.11,Non-binary,High School,Employed
4820,32,54856,4.55,41,28.62,Female,High School,Employed
4821,33,27642,3.59,29,50.31,Female,Doctorate,Unemployed
4822,33,67378,4.25,34,60.25,Prefer not to say,High School,Employed
4823,26,62378,3.09,47,34.54,Female,Bachelor's Degree,Student
4824,34,57228,3.87,43,84.61,Prefer not to say,Doctorate,Retired
4825,34,70350,4.58,21,69.76,Prefer not to say,Bachelor's Degree,Student
4826,37,56784,4.09,55,73.34,Non-binary,High School,Student
4827,35,56728,4.64,29,80.8,Prefer not to say,Master's Degree,Retired
4828,42,73365,2.72,30,25.81,Non-binary,Doctorate,Student
4829,44,66518,4.62,27,74.56,Female,Bachelor's Degree,Employed
4830,24,37377,3.49,33,77.38,Non-binary,Doctorate,Self-employed
4831,43,59497,4.48,31,84.24,Male,Bachelor's Degree,Student
4832,23,40035,1.16,31,48.85,Non-binary,Doctorate,Retired
4833,40,57562,3.63,15,50.42,Prefer not to say,Associate Degree,Unemployed
4834,41,57149,4.39,41,9.82,Female,Bachelor's Degree,Unemployed
4835,18,29247,1.7,42,85.21,Prefer not to say,Bachelor's Degree,Employed
4836,35,48172,3.65,62,53.35,Female,Doctorate,Student
4837,30,53978,4.3,44,59.44,Prefer not to say,Master's Degree,Self-employed
4838,27,43455,2.15,35,12.14,Non-binary,Associate Degree,Unemployed
4839,48,54720,2.62,27,60.18,Prefer not to say,Bachelor's Degree,Self-employed
4840,28,62088,3.28,39,4.2,Male,High School,Employed
4841,26,49541,3.08,44,92.32,Male,High School,Retired
4842,35,53368,1.16,34,86.35,Female,Doctorate,Retired
4843,41,70751,1.39,40,19.43,Female,Master's Degree,Employed
4844,33,57097,1.4,58,59.38,Non-binary,Associate Degree,Self-employed
4845,46,53012,2.05,36,60.27,Prefer not to say,Bachelor's Degree,Self-employed
4846,40,35628,1.98,21,80.34,Male,High School,Self-employed
4847,18,60065,3.97,48,75.69,Non-binary,Bachelor's Degree,Employed
4848,29,54952,3.29,43,99.32,Female,High School,Unemployed
4849,29,69256,4.06,22,35.08,Non-binary,Doctorate,Unemployed
4850,39,50703,1.28,44,12.46,Female,Doctorate,Student
4851,18,22756,2.94,30,57.35,Female,Bachelor's Degree,Retired
4852,60,24498,2.3,44,76.4,Non-binary,Doctorate,Retired
4853,40,61035,4.4,59,28.58,Prefer not to say,Associate Degree,Student
4854,36,41447,3.83,38,23.62,Non-binary,Doctorate,Self-employed
4855,46,56551,4.48,50,80.25,Female,Associate Degree,Employed
4856,58,51713,1.19,27,75.37,Male,Doctorate,Retired
4857,43,47497,3.88,24,20.34,Prefer not to say,Bachelor's Degree,Self-employed
4858,44,48554,3.16,60,86.93,Prefer not to say,Associate Degree,Unemployed
4859,36,37019,4.3,43,13.47,Male,Master's Degree,Self-employed
4860,33,49763,3.03,46,10.92,Prefer not to say,Bachelor's Degree,Student
4861,30,41232,3.16,51,35.11,Female,Associate Degree,Employed
4862,26,44416,1.21,34,88.65,Non-binary,High School,Retired
4863,28,45145,3.67,48,69.54,Female,High School,Student
4864,21,46599,2.09,46,39.47,Prefer not to say,Master's Degree,Unemployed
4865,34,63832,1.08,27,15.73,Male,High School,Unemployed
4866,18,48053,1.27,55,71.35,Prefer not to say,Bachelor's Degree,Employed
4867,36,65355,4.83,53,59.91,Female,Associate Degree,Retired
4868,34,73067,2.38,27,98.77,Prefer not to say,Bachelor's Degree,Unemployed
4869,36,62824,4.47,42,76.56,Prefer not to say,Doctorate,Student
4870,29,58017,4.84,37,10.21,Female,Doctorate,Unemployed
4871,65,54902,4.77,54,72.82,Prefer not to say,High School,Retired
4872,48,62980,4.53,25,25.74,Female,Master's Degree,Self-employed
4873,22,51340,4.58,76,96.19,Male,Master's Degree,Unemployed
4874,37,64768,2.16,38,1.93,Prefer not to say,Doctorate,Unemployed
4875,28,59211,1.61,47,23.84,Male,Master's Degree,Unemployed
4876,24,44602,3.56,53,49.9,Non-binary,Master's Degree,Self-employed
4877,21,63437,2.95,38,7.91,Prefer not to say,High School,Retired
4878,39,51372,1.39,38,34.41,Non-binary,Bachelor's Degree,Student
4879,28,48408,3.71,34,49.72,Male,Bachelor's Degree,Retired
4880,44,42857,3.25,31,44.69,Male,Associate Degree,Employed
4881,44,52490,4.45,42,46.06,Female,Bachelor's Degree,Student
4882,48,64946,3.44,38,87.9,Non-binary,Bachelor's Degree,Self-employed
4883,26,63334,3.3,34,50.53,Non-binary,High School,Employed
4884,39,55300,2.76,35,94.1,Female,High School,Unemployed
4885,41,58994,2.85,45,14.77,Non-binary,Bachelor's Degree,Unemployed
4886,30,69075,4.82,32,28.03,Male,Associate Degree,Retired
4887,27,47750,1.55,37,65.65,Male,Bachelor's Degree,Self-employed
4888,51,33268,2.78,48,28.31,Male,Bachelor's Degree,Self-employed
4889,37,69516,3.62,42,34.73,Male,Doctorate,Unemployed
4890,41,42053,2.73,29,90.1,Prefer not to say,Associate Degree,Unemployed
4891,26,39644,2.13,39,53.86,Female,Bachelor's Degree,Self-employed
4892,22,23057,2.15,44,33.47,Prefer not to say,High School,Self-employed
4893,29,58569,1.93,49,77.67,Prefer not to say,Bachelor's Degree,Retired
4894,33,25678,2.38,32,7.07,Non-binary,Master's Degree,Unemployed
4895,24,38746,4.49,34,56.37,Female,Doctorate,Self-employed
4896,34,58823,3.02,33,9.97,Prefer not to say,Doctorate,Employed
4897,18,60828,1.96,33,17.69,Prefer not to say,Doctorate,Employed
4898,23,40224,2.54,44,6.24,Female,Associate Degree,Employed
4899,41,47987,1.42,45,90.17,Male,Doctorate,Student
4900,41,36911,4.62,50,4.82,Female,Bachelor's Degree,Employed
4901,31,41774,2.63,39,51.64,Female,Associate Degree,Self-employed
4902,24,53993,4.92,25,22.5,Female,Master's Degree,Student
4903,24,42475,2.39,46,38.36,Male,High School,Unemployed
4904,31,46336,4.35,41,49.37,Female,Doctorate,Self-employed
4905,41,28029,2.03,40,45.01,Male,Bachelor's Degree,Employed
4906,44,66994,1.3,27,74.81,Prefer not to say,Associate Degree,Unemployed
4907,30,57650,1.13,38,91.19,Prefer not to say,Bachelor's Degree,Employed
4908,23,61893,3.42,28,30.03,Male,Doctorate,Retired
4909,37,69356,2.25,44,2.45,Non-binary,High School,Student
4910,26,37621,2.77,35,89.39,Female,Associate Degree,Unemployed
4911,29,44624,4.27,34,97.88,Prefer not to say,Bachelor's Degree,Employed
4912,48,21577,1.99,24,43.34,Prefer not to say,Associate Degree,Retired
4913,43,97106,2.23,50,45.58,Male,Doctorate,Student
4914,36,47756,4.38,37,14.42,Non-binary,Doctorate,Employed
4915,22,65580,2.97,40,47.55,Non-binary,Master's Degree,Self-employed
4916,37,31427,4.31,32,30.33,Non-binary,Master's Degree,Retired
4917,45,64945,2.5,23,99.44,Male,Doctorate,Unemployed
4918,31,77863,2.59,34,18.48,Male,Associate Degree,Employed
4919,48,49095,1.67,36,37.86,Female,Bachelor's Degree,Unemployed
4920,47,34836,4.67,42,61.65,Prefer not to say,Bachelor's Degree,Self-employed
4921,51,47918,4.59,36,34.51,Prefer not to say,Associate Degree,Unemployed
4922,38,20000,4.94,32,47.44,Male,High School,Retired
4923,40,49431,2.61,24,97.35,Prefer not to say,Associate Degree,Student
4924,49,62314,4.27,40,50.81,Female,Doctorate,Employed
4925,39,49463,2.66,32,91.03,Male,Doctorate,Student
4926,29,45737,2.82,53,4.31,Prefer not to say,Master's Degree,Employed
4927,30,57913,4.32,41,11.98,Non-binary,Bachelor's Degree,Unemployed
4928,37,59060,1.71,45,94.45,Male,Master's Degree,Unemployed
4929,22,25101,1.88,37,12.87,Prefer not to say,Bachelor's Degree,Retired
4930,33,51332,2.26,42,73.66,Prefer not to say,Associate Degree,Unemployed
4931,45,86539,4.15,31,44.6,Female,High School,Self-employed
4932,18,29974,2.49,28,40.67,Female,Bachelor's Degree,Retired
4933,50,48718,2.43,40,65.92,Non-binary,High School,Employed
4934,46,79126,5,45,72.76,Non-binary,High School,Unemployed
4935,30,66562,2.54,20,93.2,Non-binary,High School,Employed
4936,40,42299,1.99,35,25.69,Female,Associate Degree,Unemployed
4937,35,53092,3.49,58,69.81,Prefer not to say,High School,Retired
4938,47,49968,4.21,44,34.23,Male,High School,Self-employed
4939,44,38778,1.28,55,71.76,Male,Doctorate,Employed
4940,20,48886,3.48,33,14.21,Female,Doctorate,Student
4941,40,45800,1.14,35,45.75,Female,Bachelor's Degree,Unemployed
4942,32,51691,3.11,49,18.36,Female,Doctorate,Retired
4943,35,38774,2.03,46,33.64,Female,Bachelor's Degree,Employed
4944,27,30850,2.23,39,71.56,Male,High School,Retired
4945,52,49380,2.87,27,23.33,Non-binary,Doctorate,Employed
4946,45,75726,4.71,51,68.49,Male,Master's Degree,Self-employed
4947,27,51233,3.84,65,49.59,Female,Associate Degree,Unemployed
4948,21,45026,4.75,24,9.2,Non-binary,Doctorate,Employed
4949,31,61311,3.64,54,38.67,Male,Associate Degree,Student
4950,39,47625,1.03,35,86.92,Female,Doctorate,Unemployed
4951,37,78020,2.06,36,98.93,Female,Doctorate,Unemployed
4952,47,49941,4.62,42,36.89,Prefer not to say,Master's Degree,Retired
4953,42,60507,3.57,27,5.49,Prefer not to say,High School,Unemployed
4954,44,38680,4.93,39,13.02,Female,Bachelor's Degree,Employed
4955,38,57546,1.62,23,78.81,Male,Doctorate,Self-employed
4956,21,54126,2.19,44,65.58,Prefer not to say,Doctorate,Employed
4957,33,49152,2.45,62,28.5,Male,Associate Degree,Unemployed
4958,45,42473,2.31,33,39.13,Male,High School,Student
4959,34,40429,2.01,38,81.12,Prefer not to say,Doctorate,Student
4960,40,54235,2.77,38,41.31,Female,Doctorate,Employed
4961,31,59434,3.57,49,75.58,Prefer not to say,Bachelor's Degree,Employed
4962,24,48092,2.25,44,29.52,Male,High School,Employed
4963,33,54309,1.32,49,72.48,Non-binary,High School,Employed
4964,38,49431,3.83,34,46.64,Prefer not to say,Doctorate,Retired
4965,28,51477,2.84,44,54.54,Non-binary,High School,Employed
4966,32,46993,3.23,10,59.87,Female,High School,Retired
4967,25,50269,2.82,46,45.06,Prefer not to say,Bachelor's Degree,Unemployed
4968,46,90470,4.56,27,46.61,Non-binary,Master's Degree,Employed
4969,32,54674,3.23,36,26.57,Female,Bachelor's Degree,Employed
4970,49,59679,4.69,47,98.58,Male,Master's Degree,Student
4971,50,56570,3.04,24,90.58,Female,Bachelor's Degree,Unemployed
4972,34,46057,2.17,50,52.74,Female,Doctorate,Unemployed
4973,24,69409,2.42,38,3.46,Male,Bachelor's Degree,Employed
4974,18,45632,3.09,54,16.84,Female,High School,Unemployed
4975,20,65825,3.12,30,85.39,Prefer not to say,High School,Self-employed
4976,21,44986,3.75,21,93.08,Female,Associate Degree,Student
4977,48,35600,1.9,39,16.13,Non-binary,Doctorate,Unemployed
4978,36,55480,3.64,45,73.45,Female,High School,Self-employed
4979,38,33429,4.11,46,62.3,Non-binary,Doctorate,Employed
4980,18,58034,3.71,28,30.34,Female,Bachelor's Degree,Student
4981,23,32087,2.93,23,43.61,Prefer not to say,High School,Student
4982,43,45214,4.97,36,67.73,Male,Doctorate,Student
4983,37,28524,2.62,45,10.13,Male,Bachelor's Degree,Self-employed
4984,33,92362,1.43,44,18.9,Non-binary,Master's Degree,Retired
4985,40,25190,4.29,55,3.33,Female,Associate Degree,Student
4986,51,50147,1.85,36,90.22,Female,Bachelor's Degree,Self-employed
4987,32,67149,3.85,21,57.39,Prefer not to say,Master's Degree,Retired
4988,35,65545,1.72,51,52.34,Female,Doctorate,Self-employed
4989,36,62770,1.07,41,70.62,Non-binary,Master's Degree,Self-employed
4990,58,45241,1.64,42,98.84,Non-binary,High School,Self-employed
4991,18,70266,2.51,47,17.22,Prefer not to say,Doctorate,Student
4992,41,63700,1.43,52,13.31,Non-binary,Associate Degree,Employed
4993,33,53184,1.79,39,29.48,Non-binary,Associate Degree,Student
4994,40,53608,4.06,51,90.39,Prefer not to say,Doctorate,Student
4995,28,45441,4.08,45,41.15,Non-binary,High School,Student
4996,34,36355,4.27,33,79.35,Non-binary,Doctorate,Student
4997,42,68557,4.36,37,20.29,Male,Doctorate,Retired
4998,66,69683,2.68,46,49.36,Prefer not to say,Doctorate,Retired
4999,43,36738,4.47,32,12.75,Male,Bachelor's Degree,Self-employed
5000,26,47693,3.1,48,41.29,Female,Associate Degree,Unemployed
5001,30,47848,2.88,41,26.23,Prefer not to say,Associate Degree,Unemployed
5002,30,49510,3.87,43,54.94,Female,High School,Employed
5003,18,50964,1.86,54,78.04,Non-binary,Associate Degree,Self-employed
5004,31,64202,4.16,43,93.84,Male,High School,Employed
5005,42,38791,2.72,40,28.38,Non-binary,High School,Retired
5006,22,37304,1.51,39,74.31,Male,Associate Degree,Student
5007,45,68549,1.48,38,88.56,Male,Doctorate,Employed
5008,39,43060,1.66,43,12.49,Male,Doctorate,Employed
5009,27,31054,4.56,53,58.59,Male,Bachelor's Degree,Retired
5010,33,42723,4.96,33,61.18,Non-binary,High School,Self-employed
5011,50,45049,2.43,33,27.24,Non-binary,Master's Degree,Student
5012,42,73324,2.17,52,2.25,Non-binary,Master's Degree,Student
5013,35,63872,1.88,34,25.67,Male,Associate Degree,Self-employed
5014,32,67212,4.3,42,58.47,Female,Associate Degree,Retired
5015,35,62299,1.84,34,19.64,Non-binary,Master's Degree,Retired
5016,29,64193,4.7,23,28.73,Non-binary,Bachelor's Degree,Employed
5017,18,39678,3.67,41,70.79,Prefer not to say,High School,Unemployed
5018,55,47020,4.59,51,39.83,Female,High School,Unemployed
5019,36,35151,3.22,39,6.54,Non-binary,Associate Degree,Retired
5020,38,46842,3.76,25,39.92,Non-binary,Associate Degree,Self-employed
5021,34,60261,3.48,41,99.98,Prefer not to say,Doctorate,Self-employed
5022,27,52018,4.32,32,26.11,Male,Bachelor's Degree,Unemployed
5023,33,69672,4.34,13,26.53,Female,High School,Self-employed
5024,19,32878,3.36,39,16.99,Female,Doctorate,Self-employed
5025,57,57503,3.53,45,27.16,Prefer not to say,Master's Degree,Student
5026,22,31275,4.69,51,57.48,Female,Doctorate,Self-employed
5027,24,51412,4.72,57,96.46,Non-binary,Master's Degree,Student
5028,30,61105,3.66,46,60.77,Female,Master's Degree,Student
5029,47,46782,1.03,49,40.98,Prefer not to say,High School,Unemployed
5030,35,58266,1.42,27,38.96,Male,Doctorate,Student
5031,22,35604,4.43,56,2.42,Prefer not to say,High School,Retired
5032,47,25044,1.34,52,0.25,Female,Bachelor's Degree,Employed
5033,42,58355,1.85,36,79.72,Prefer not to say,Bachelor's Degree,Student
5034,40,76160,1.92,46,49.02,Prefer not to say,Bachelor's Degree,Retired
5035,42,35059,3.4,45,3.32,Female,Bachelor's Degree,Retired
5036,58,68332,3.31,54,28.6,Male,Master's Degree,Self-employed
5037,56,50651,2.16,38,35.67,Non-binary,Bachelor's Degree,Retired
5038,28,29964,1.83,32,78.33,Prefer not to say,High School,Self-employed
5039,51,33027,4.06,35,43.44,Male,Doctorate,Retired
5040,38,50236,4.74,48,78.93,Male,Doctorate,Unemployed
5041,39,43933,1.21,20,63.37,Prefer not to say,High School,Unemployed
5042,18,30306,1.53,10,3.31,Female,Associate Degree,Unemployed
5043,33,24589,3.57,48,96.87,Female,Associate Degree,Unemployed
5044,26,37299,4.22,42,18.14,Prefer not to say,Associate Degree,Unemployed
5045,43,52907,4.16,40,27.56,Female,Associate Degree,Retired
5046,45,49903,3.88,26,80.93,Female,Master's Degree,Student
5047,18,42481,4.55,22,18.98,Male,Master's Degree,Student
5048,34,53028,1.87,33,40.11,Non-binary,Doctorate,Student
5049,46,65600,1.43,43,86.5,Non-binary,Doctorate,Unemployed
5050,33,55911,3.46,34,63.73,Female,Master's Degree,Unemployed
5051,42,48180,4.29,49,30.21,Female,Master's Degree,Retired
5052,38,63921,3.33,30,64.4,Prefer not to say,Doctorate,Student
5053,38,35602,4.85,34,81.26,Female,High School,Self-employed
5054,32,46626,4.18,47,40.39,Prefer not to say,Master's Degree,Unemployed
5055,22,46983,3.8,36,57.17,Non-binary,High School,Employed
5056,23,31445,1.24,36,98.79,Male,Bachelor's Degree,Employed
5057,42,43701,1.43,33,96.46,Prefer not to say,High School,Employed
5058,35,20000,4.14,31,50.9,Male,High School,Retired
5059,33,78682,1.79,43,9.61,Non-binary,Master's Degree,Self-employed
5060,30,35938,1.12,44,70.07,Male,Bachelor's Degree,Unemployed
5061,31,73791,4.64,42,26.86,Non-binary,Associate Degree,Retired
5062,45,50571,4.56,33,66.95,Male,High School,Student
5063,31,58472,1.87,37,35.18,Male,Bachelor's Degree,Student
5064,21,42668,4.12,55,71.88,Female,Bachelor's Degree,Unemployed
5065,42,53118,1.19,25,36.73,Non-binary,Master's Degree,Unemployed
5066,32,59757,2.14,58,94.12,Prefer not to say,Bachelor's Degree,Employed
5067,35,59968,3.49,40,13.67,Non-binary,Associate Degree,Self-employed
5068,51,61621,4.05,38,6.84,Female,Master's Degree,Employed
5069,34,44475,1.04,49,78.12,Prefer not to say,High School,Self-employed
5070,37,42794,2.3,19,40.13,Female,Master's Degree,Retired
5071,23,26087,1.86,53,46.56,Non-binary,High School,Retired
5072,32,57848,5,58,93.38,Non-binary,Master's Degree,Self-employed
5073,41,66235,3.68,50,58.99,Female,Bachelor's Degree,Retired
5074,19,74239,2.62,18,66.02,Prefer not to say,Associate Degree,Self-employed
5075,37,54577,1.3,47,1.95,Non-binary,Master's Degree,Retired
5076,36,38502,3.39,56,67.05,Female,Doctorate,Student
5077,35,24543,3.57,55,38.84,Non-binary,Bachelor's Degree,Unemployed
5078,45,65625,4.27,25,46.02,Female,Master's Degree,Retired
5079,38,23055,2.15,50,80.81,Non-binary,Bachelor's Degree,Retired
5080,49,44890,4.93,57,52.38,Non-binary,Doctorate,Student
5081,25,46635,2.76,40,98.69,Male,Bachelor's Degree,Employed
5082,36,48958,2.18,25,79.68,Prefer not to say,Bachelor's Degree,Student
5083,35,50537,2.39,48,72.86,Non-binary,Master's Degree,Retired
5084,24,52072,3.08,50,58.87,Prefer not to say,Bachelor's Degree,Student
5085,44,20000,4.75,38,41.24,Female,Master's Degree,Student
5086,58,50219,3.94,28,5.29,Male,Associate Degree,Student
5087,34,20000,3.31,49,1.85,Female,Doctorate,Self-employed
5088,40,60983,1.65,32,4.68,Prefer not to say,High School,Student
5089,35,41673,1.6,43,95.88,Female,Doctorate,Student
5090,27,20000,3.01,55,32.32,Female,Bachelor's Degree,Retired
5091,18,37786,3.91,23,70.06,Female,Master's Degree,Self-employed
5092,27,41448,4,49,59.43,Prefer not to say,High School,Employed
5093,21,67860,1.9,37,57.17,Non-binary,High School,Self-employed
5094,52,52949,1.4,38,57.92,Female,Bachelor's Degree,Self-employed
5095,33,55166,2.54,45,30.23,Prefer not to say,High School,Self-employed
5096,31,67718,4.67,32,88.65,Male,Master's Degree,Retired
5097,43,48557,3.18,28,91.92,Male,Bachelor's Degree,Unemployed
5098,23,61312,2.28,22,64.45,Prefer not to say,Doctorate,Retired
5099,27,60257,2.29,52,86.39,Female,Bachelor's Degree,Retired
5100,35,30702,1.53,36,6,Non-binary,Bachelor's Degree,Employed
5101,45,72094,2.89,45,10.04,Male,High School,Employed
5102,40,28695,4.17,35,55.91,Non-binary,Associate Degree,Employed
5103,37,63760,4.87,28,84.65,Prefer not to say,High School,Unemployed
5104,35,27243,3.01,46,31.54,Male,Associate Degree,Self-employed
5105,39,59018,1.67,43,54.81,Female,Bachelor's Degree,Unemployed
5106,37,77928,3.73,37,1,Male,Bachelor's Degree,Self-employed
5107,24,46805,4.03,43,98.66,Female,Doctorate,Unemployed
5108,35,46154,1.29,30,76.7,Non-binary,High School,Retired
5109,24,59156,4.4,50,36.14,Male,Doctorate,Retired
5110,35,45059,4.32,52,98.3,Prefer not to say,Master's Degree,Self-employed
5111,30,77274,2.89,47,9.24,Male,Bachelor's Degree,Self-employed
5112,60,52882,3.24,36,46.42,Female,Doctorate,Self-employed
5113,34,45197,3.85,40,5.89,Non-binary,Master's Degree,Student
5114,20,41895,3.71,55,33.5,Prefer not to say,Associate Degree,Employed
5115,33,36005,1.07,52,21.94,Female,High School,Student
5116,40,40583,1.49,59,31.66,Female,Master's Degree,Student
5117,51,44739,1.65,32,94.74,Prefer not to say,High School,Retired
5118,29,42685,4.02,31,42.72,Prefer not to say,Bachelor's Degree,Retired
5119,19,40127,2.76,41,32.49,Non-binary,Associate Degree,Self-employed
5120,43,81482,3.18,44,64.08,Female,Bachelor's Degree,Retired
5121,21,34548,4.09,38,68.34,Female,Master's Degree,Self-employed
5122,30,52199,2.36,36,98.38,Non-binary,Associate Degree,Student
5123,32,58887,4,52,54.61,Male,Master's Degree,Employed
5124,34,59451,2.77,39,75.26,Prefer not to say,High School,Retired
5125,41,49120,2.51,27,38.22,Non-binary,Bachelor's Degree,Student
5126,28,46389,2.33,29,17.1,Prefer not to say,High School,Self-employed
5127,32,56773,4.86,42,42.98,Non-binary,Associate Degree,Retired
5128,34,53997,4.09,70,41.88,Non-binary,Doctorate,Employed
5129,36,46115,1.08,30,42.06,Female,High School,Retired
5130,35,26571,4.83,36,69.54,Prefer not to say,Associate Degree,Self-employed
5131,39,42981,4.1,64,40.59,Non-binary,Associate Degree,Student
5132,43,32801,1.6,35,95.42,Female,Master's Degree,Student
5133,38,39992,1.31,44,98.27,Non-binary,High School,Employed
5134,39,50498,2.23,58,52.34,Prefer not to say,Bachelor's Degree,Employed
5135,19,55381,3.5,30,55.84,Non-binary,High School,Student
5136,35,76706,3.47,36,40.76,Female,Master's Degree,Unemployed
5137,39,41938,2.1,35,35.56,Female,Associate Degree,Student
5138,42,61619,2.78,24,98.53,Male,Bachelor's Degree,Self-employed
5139,28,54589,1.85,55,4.07,Prefer not to say,Doctorate,Retired
5140,28,69439,1.2,34,41.01,Male,Bachelor's Degree,Unemployed
5141,29,58643,3.07,31,15.13,Female,High School,Student
5142,40,34872,2.39,35,72.63,Male,Bachelor's Degree,Retired
5143,45,24154,3.17,49,19.44,Prefer not to say,High School,Employed
5144,30,54668,4.79,41,88.46,Female,Bachelor's Degree,Student
5145,44,42073,1.57,32,37.45,Male,High School,Unemployed
5146,36,35295,1.01,44,91.71,Male,Associate Degree,Self-employed
5147,33,30986,1.31,48,98.66,Female,Associate Degree,Retired
5148,32,52414,2.85,39,77.12,Non-binary,High School,Retired
5149,42,72615,3.83,37,62.32,Female,High School,Student
5150,38,43869,3.32,50,14.99,Male,Doctorate,Self-employed
5151,57,58854,2.98,38,93.31,Prefer not to say,High School,Self-employed
5152,26,48466,2.42,56,77.69,Male,Master's Degree,Employed
5153,40,30659,2.24,32,28.8,Female,High School,Student
5154,29,61022,2.51,32,46.85,Male,Associate Degree,Retired
5155,26,33579,3.45,30,6.77,Female,Bachelor's Degree,Employed
5156,34,50324,1.67,37,65.9,Male,Associate Degree,Retired
5157,36,44877,4.09,40,12.53,Male,Master's Degree,Employed
5158,64,63396,3.3,26,65.15,Non-binary,Bachelor's Degree,Student
5159,33,34127,2.08,40,67.16,Female,Associate Degree,Employed
5160,23,55863,3,45,32.46,Non-binary,High School,Employed
5161,37,37403,4.85,25,94.87,Non-binary,High School,Self-employed
5162,18,42333,1.08,34,77.9,Male,Bachelor's Degree,Self-employed
5163,34,20000,1.8,45,49.67,Female,Doctorate,Retired
5164,35,81381,2.79,29,91.86,Prefer not to say,Master's Degree,Self-employed
5165,42,58258,3.55,36,85.58,Male,Associate Degree,Student
5166,44,38489,1.85,50,69.22,Female,Associate Degree,Student
5167,29,33130,4.73,57,15.3,Non-binary,Master's Degree,Employed
5168,33,42565,3.57,44,49.71,Male,Associate Degree,Retired
5169,27,60753,4.51,38,86.44,Prefer not to say,Bachelor's Degree,Student
5170,23,21618,2.32,34,60.89,Male,Doctorate,Employed
5171,38,47876,4.32,49,54.55,Non-binary,Bachelor's Degree,Retired
5172,22,76559,2.51,51,95.52,Non-binary,Doctorate,Student
5173,30,32990,2.01,28,1.65,Female,High School,Unemployed
5174,25,51205,4.65,49,1.2,Prefer not to say,Doctorate,Employed
5175,40,83049,1.37,33,89.28,Male,Doctorate,Student
5176,53,59482,4.77,31,3.85,Non-binary,Doctorate,Unemployed
5177,21,51888,2.83,38,33.25,Female,Associate Degree,Employed
5178,18,57599,4.97,49,92.4,Prefer not to say,Doctorate,Student
5179,33,43987,3.16,43,69.12,Prefer not to say,Master's Degree,Employed
5180,35,69494,4.03,42,64.82,Female,High School,Self-employed
5181,37,44010,1.03,43,65.7,Non-binary,High School,Unemployed
5182,30,20612,2.99,44,31.76,Prefer not to say,Associate Degree,Retired
5183,32,44130,3.95,38,53.05,Male,Bachelor's Degree,Retired
5184,38,35498,4.13,46,63,Non-binary,Master's Degree,Employed
5185,45,45782,1.63,33,30.57,Non-binary,Bachelor's Degree,Employed
5186,18,46113,2.68,46,79.54,Female,Doctorate,Self-employed
5187,31,67961,2.68,48,32.17,Prefer not to say,Bachelor's Degree,Unemployed
5188,37,60429,1.41,46,7.14,Female,Master's Degree,Employed
5189,25,53948,2.77,47,20.15,Prefer not to say,Associate Degree,Retired
5190,52,49955,4.23,44,40.84,Female,Associate Degree,Unemployed
5191,28,34117,2.2,51,90.81,Non-binary,Doctorate,Unemployed
5192,34,20000,2.73,17,41.58,Female,Master's Degree,Self-employed
5193,40,51697,4.84,48,8.98,Non-binary,Associate Degree,Employed
5194,29,61919,1.13,59,19.65,Non-binary,Doctorate,Unemployed
5195,18,48374,3.37,33,54.45,Female,Bachelor's Degree,Self-employed
5196,30,41977,3.97,32,17.77,Prefer not to say,Master's Degree,Retired
5197,45,56967,4.04,52,6.4,Non-binary,Associate Degree,Self-employed
5198,31,48750,3.86,30,71.48,Female,Master's Degree,Self-employed
5199,26,75286,3.91,33,78.43,Non-binary,Associate Degree,Self-employed
5200,44,68490,1.24,41,85.06,Non-binary,Associate Degree,Employed
5201,31,64392,3.14,32,84.39,Female,Master's Degree,Self-employed
5202,29,61366,4.13,48,37.93,Non-binary,Associate Degree,Retired
5203,36,30647,1.38,32,73.45,Non-binary,Bachelor's Degree,Unemployed
5204,42,59944,1.05,43,58.35,Female,Doctorate,Student
5205,58,55644,4.26,42,2.34,Male,High School,Employed
5206,43,59096,3.85,56,40.16,Female,Master's Degree,Student
5207,46,57389,2.65,51,5.29,Prefer not to say,Master's Degree,Self-employed
5208,29,56791,4.76,34,8.34,Male,Doctorate,Employed
5209,24,90512,4.07,27,5.6,Non-binary,Bachelor's Degree,Retired
5210,35,48857,4.87,48,96.09,Prefer not to say,High School,Student
5211,36,64045,4.72,33,84.42,Male,Bachelor's Degree,Unemployed
5212,24,42935,2.93,36,43.91,Female,Master's Degree,Retired
5213,33,61859,4.02,29,24.8,Non-binary,High School,Retired
5214,38,64089,3.68,46,7.25,Male,Associate Degree,Student
5215,38,55466,4.25,33,43.12,Female,Master's Degree,Unemployed
5216,40,75038,4.15,39,60.04,Male,Bachelor's Degree,Employed
5217,37,36735,1.61,39,79.71,Female,Doctorate,Retired
5218,29,42691,1.93,41,5.16,Prefer not to say,Associate Degree,Employed
5219,29,53185,2.06,46,41.79,Prefer not to say,High School,Retired
5220,23,63212,4.27,37,97.69,Non-binary,Master's Degree,Self-employed
5221,52,52691,4.24,32,12.07,Female,Doctorate,Retired
5222,35,69286,2.98,21,40.03,Male,Doctorate,Employed
5223,32,40074,3.32,41,27.51,Non-binary,Bachelor's Degree,Unemployed
5224,25,32891,4.31,38,13.4,Non-binary,Doctorate,Student
5225,64,54621,2.25,32,83.89,Female,Bachelor's Degree,Unemployed
5226,24,48842,1.2,40,69.71,Prefer not to say,High School,Retired
5227,30,58142,2.93,48,41.16,Non-binary,Master's Degree,Employed
5228,39,49588,4.65,51,36.91,Male,High School,Self-employed
5229,41,44899,4.16,24,82.77,Non-binary,Bachelor's Degree,Unemployed
5230,44,48875,2.47,36,9.08,Female,High School,Self-employed
5231,53,50432,1.26,49,14.68,Prefer not to say,Master's Degree,Student
5232,40,45425,3.55,55,90.66,Female,Master's Degree,Self-employed
5233,24,46953,4.34,31,81.72,Non-binary,Doctorate,Student
5234,32,43946,3.66,53,77.49,Male,Bachelor's Degree,Self-employed
5235,38,62849,2.7,26,62.4,Non-binary,High School,Retired
5236,55,52910,1.49,51,29.25,Non-binary,Doctorate,Self-employed
5237,21,83851,4.64,37,93.48,Prefer not to say,Doctorate,Unemployed
5238,47,52410,2.1,55,49.19,Female,High School,Unemployed
5239,36,41737,1.9,35,28.06,Prefer not to say,Bachelor's Degree,Unemployed
5240,43,90060,4.26,36,36.56,Non-binary,Bachelor's Degree,Student
5241,33,56204,4.92,38,1.68,Male,Master's Degree,Student
5242,26,64851,3.64,24,25.52,Male,Bachelor's Degree,Retired
5243,42,58881,3.5,22,18.8,Prefer not to say,Doctorate,Student
5244,41,59345,2.28,45,13.56,Male,Master's Degree,Retired
5245,44,58034,1.08,49,3.21,Male,Associate Degree,Self-employed
5246,34,33468,1.77,46,22.69,Male,Master's Degree,Employed
5247,29,55512,3.34,27,10.35,Non-binary,Doctorate,Unemployed
5248,19,30127,1.61,44,4.51,Male,High School,Unemployed
5249,43,47384,4.54,30,13.73,Prefer not to say,High School,Retired
5250,39,39115,1.75,44,20.24,Male,High School,Student
5251,25,55362,3.09,51,41.6,Non-binary,Doctorate,Self-employed
5252,29,55011,3.05,43,58.37,Non-binary,Master's Degree,Retired
5253,30,57217,3.42,54,32.23,Male,High School,Unemployed
5254,20,54309,2.31,38,14.13,Prefer not to say,Bachelor's Degree,Retired
5255,26,40897,4.49,37,94.03,Male,Associate Degree,Employed
5256,23,46084,2.78,40,51.49,Female,High School,Employed
5257,30,63805,3.8,26,74.19,Prefer not to say,High School,Employed
5258,27,66017,3.54,35,69.44,Prefer not to say,Associate Degree,Self-employed
5259,18,32798,1.47,36,28.49,Prefer not to say,Bachelor's Degree,Employed
5260,55,27036,3.49,37,55.99,Prefer not to say,Associate Degree,Self-employed
5261,47,39096,3.2,42,60.22,Prefer not to say,High School,Retired
5262,27,65678,4.59,25,35.18,Male,High School,Self-employed
5263,37,68223,4.52,28,67.08,Male,Master's Degree,Unemployed
5264,39,36129,1.6,51,79.07,Prefer not to say,Doctorate,Student
5265,46,54609,1.33,19,36.42,Prefer not to say,Master's Degree,Employed
5266,26,77516,2.18,46,1.49,Female,Master's Degree,Student
5267,45,56229,4.95,36,34.93,Non-binary,Master's Degree,Retired
5268,29,71322,1.09,41,11.68,Non-binary,Master's Degree,Self-employed
5269,21,64980,3.69,55,15.56,Prefer not to say,Master's Degree,Self-employed
5270,42,36347,3.43,38,36.59,Prefer not to say,Bachelor's Degree,Student
5271,47,47150,3.59,46,20.76,Non-binary,Doctorate,Retired
5272,60,50521,1.87,40,93.49,Male,Doctorate,Student
5273,23,51562,1.91,38,65.28,Female,Doctorate,Unemployed
5274,41,63744,2.72,37,51.84,Female,Bachelor's Degree,Employed
5275,30,56130,1.38,47,0.97,Prefer not to say,Bachelor's Degree,Employed
5276,42,20000,1.3,32,10.36,Male,Bachelor's Degree,Self-employed
5277,20,30307,1.35,28,78.85,Male,High School,Retired
5278,22,20000,3.29,40,38.97,Male,Doctorate,Retired
5279,27,52630,2.59,41,4.55,Male,Associate Degree,Self-employed
5280,35,53607,2.17,21,82.56,Prefer not to say,Master's Degree,Retired
5281,28,54248,2.26,39,30.26,Non-binary,High School,Retired
5282,41,35616,1.83,27,38.63,Prefer not to say,High School,Employed
5283,45,60112,2.65,46,97.44,Female,Master's Degree,Unemployed
5284,40,60743,1.81,21,1.55,Female,High School,Unemployed
5285,51,31172,3.79,59,72.13,Prefer not to say,Bachelor's Degree,Self-employed
5286,39,28009,1.5,36,94.89,Female,High School,Unemployed
5287,22,49998,4.79,31,6.39,Non-binary,Doctorate,Unemployed
5288,48,76876,1.36,37,86.61,Non-binary,Doctorate,Employed
5289,28,75496,4.77,45,41.62,Prefer not to say,Associate Degree,Unemployed
5290,44,58451,4.33,48,87.8,Female,Doctorate,Unemployed
5291,50,39050,3.72,37,30.83,Non-binary,Master's Degree,Unemployed
5292,39,63302,4.65,25,98.27,Non-binary,Master's Degree,Student
5293,20,43213,1.56,27,64.7,Female,Doctorate,Unemployed
5294,25,38487,1.71,42,62.71,Male,Bachelor's Degree,Student
5295,48,20000,2.01,49,80.59,Female,Doctorate,Employed
5296,33,51535,1.98,51,43.66,Prefer not to say,Bachelor's Degree,Unemployed
5297,35,40551,2.24,41,25.87,Male,Master's Degree,Retired
5298,42,51446,3.3,49,26.29,Prefer not to say,Doctorate,Student
5299,41,20000,1.11,59,33.06,Non-binary,Associate Degree,Unemployed
5300,37,52547,2.53,51,61.74,Male,Master's Degree,Retired
5301,32,20000,1.99,49,83.84,Prefer not to say,Associate Degree,Self-employed
5302,31,66319,3.43,31,49.96,Prefer not to say,Master's Degree,Student
5303,43,57828,4.94,49,40.34,Prefer not to say,High School,Employed
5304,40,45820,3.07,44,79.38,Male,High School,Self-employed
5305,32,58440,2.7,46,28.97,Prefer not to say,High School,Retired
5306,45,35328,2.47,52,68.9,Male,Associate Degree,Student
5307,33,51085,4.14,43,10.58,Male,Bachelor's Degree,Student
5308,26,61921,1.29,38,11.32,Prefer not to say,Master's Degree,Unemployed
5309,27,20000,4.84,29,64.41,Non-binary,High School,Self-employed
5310,25,43291,2.67,37,8.28,Female,Associate Degree,Unemployed
5311,32,49660,2.25,42,15.51,Female,Master's Degree,Employed
5312,47,47055,4.9,42,62.44,Male,High School,Self-employed
5313,26,71856,4.74,42,43.82,Prefer not to say,High School,Student
5314,36,33141,3.57,49,56.13,Female,High School,Retired
5315,28,40682,1.07,48,97.69,Female,Associate Degree,Employed
5316,32,21261,3.99,39,63.2,Prefer not to say,Bachelor's Degree,Unemployed
5317,19,72654,2.34,31,59.09,Female,High School,Unemployed
5318,32,46305,2.55,43,38.01,Prefer not to say,High School,Employed
5319,33,43423,1.63,62,63.09,Female,Bachelor's Degree,Self-employed
5320,40,49212,3.09,43,1.3,Non-binary,Bachelor's Degree,Employed
5321,37,59543,3.98,37,55.73,Prefer not to say,Doctorate,Self-employed
5322,23,55210,2.09,45,6.89,Female,High School,Employed
5323,45,89718,4.75,45,22.02,Male,Master's Degree,Employed
5324,37,56809,1.78,45,56.31,Prefer not to say,Doctorate,Student
5325,36,43021,1.27,53,66.8,Female,Master's Degree,Self-employed
5326,34,41579,3.58,43,38.48,Non-binary,Bachelor's Degree,Employed
5327,29,44108,4.4,53,41.9,Female,Doctorate,Unemployed
5328,37,27472,4.81,42,49.8,Male,Associate Degree,Unemployed
5329,39,50597,4.07,55,75.91,Prefer not to say,Doctorate,Self-employed
5330,18,61752,1.8,52,1.76,Non-binary,Doctorate,Employed
5331,29,40799,4.91,49,44.71,Female,Bachelor's Degree,Self-employed
5332,32,37889,4.68,47,1.43,Male,High School,Employed
5333,37,72739,1.65,63,31.91,Male,Bachelor's Degree,Student
5334,46,28602,3.24,50,51.98,Male,Bachelor's Degree,Retired
5335,27,20000,3.22,31,7.99,Female,Bachelor's Degree,Unemployed
5336,30,32706,2.77,42,48.52,Non-binary,Master's Degree,Self-employed
5337,29,26893,4.94,37,92.46,Female,Associate Degree,Unemployed
5338,26,55793,1.24,60,68.53,Non-binary,Master's Degree,Employed
5339,31,44589,3.51,52,78.23,Prefer not to say,Doctorate,Unemployed
5340,42,46704,1.82,60,58.04,Non-binary,Bachelor's Degree,Employed
5341,24,67294,3.11,32,89.64,Male,High School,Self-employed
5342,39,39629,4.12,51,14.69,Male,Bachelor's Degree,Retired
5343,18,61626,1.99,26,44.98,Male,Master's Degree,Student
5344,29,72669,2.57,24,59.7,Female,Associate Degree,Student
5345,31,43165,4.8,36,87.35,Prefer not to say,Master's Degree,Unemployed
5346,51,61055,4.05,55,30.8,Non-binary,Bachelor's Degree,Self-employed
5347,32,46372,3.29,30,0.11,Male,Associate Degree,Self-employed
5348,18,63861,1.89,39,97.44,Prefer not to say,High School,Student
5349,18,26427,2.7,51,2.6,Prefer not to say,Master's Degree,Employed
5350,35,25317,4.1,48,15.24,Female,Master's Degree,Student
5351,41,44130,4.28,62,42.2,Non-binary,Doctorate,Unemployed
5352,38,36666,1.98,40,49.64,Prefer not to say,Associate Degree,Student
5353,36,42249,3.65,35,83.45,Non-binary,Master's Degree,Employed
5354,46,46707,1.38,29,44.78,Female,Doctorate,Unemployed
5355,29,60800,1.09,36,54.74,Non-binary,High School,Employed
5356,43,43885,3.19,28,20,Female,Master's Degree,Retired
5357,18,37642,1.9,22,56.92,Male,Master's Degree,Unemployed
5358,25,44727,1.32,59,34.84,Non-binary,Bachelor's Degree,Employed
5359,18,38462,3.92,40,9.87,Female,Master's Degree,Student
5360,32,35989,2.99,65,94.65,Prefer not to say,High School,Retired
5361,34,25804,4.19,31,8.17,Male,Doctorate,Employed
5362,36,51042,3.66,35,67.79,Prefer not to say,Associate Degree,Student
5363,35,41469,3.92,32,90.82,Male,High School,Retired
5364,25,64494,2.23,33,17.92,Male,Associate Degree,Self-employed
5365,33,28289,2.05,48,23.71,Non-binary,High School,Self-employed
5366,20,41868,3.4,45,42.67,Prefer not to say,Doctorate,Retired
5367,48,77193,1.8,48,29.45,Prefer not to say,Bachelor's Degree,Employed
5368,31,35905,4.26,53,75.9,Male,Doctorate,Employed
5369,30,46452,3.09,51,33.82,Male,Associate Degree,Unemployed
5370,50,31762,1.91,29,98.58,Male,Associate Degree,Employed
5371,22,29773,3.5,34,85.88,Female,Master's Degree,Employed
5372,23,73209,4.78,41,89.53,Non-binary,Bachelor's Degree,Self-employed
5373,24,52565,1.33,77,6.37,Male,Doctorate,Self-employed
5374,34,52005,1.44,47,17.63,Non-binary,Doctorate,Employed
5375,39,24555,4.38,41,16.94,Male,Associate Degree,Student
5376,42,55381,1.44,46,67.2,Female,Bachelor's Degree,Self-employed
5377,60,67361,1.16,33,1.19,Male,Doctorate,Employed
5378,18,67242,2.39,42,80.64,Non-binary,Bachelor's Degree,Self-employed
5379,41,60024,2.87,49,54.7,Male,Bachelor's Degree,Employed
5380,29,33057,3.28,39,56.63,Non-binary,Doctorate,Retired
5381,29,54696,3.03,32,53.73,Prefer not to say,Bachelor's Degree,Self-employed
5382,28,60013,4.65,39,53.53,Non-binary,High School,Employed
5383,25,23083,4.07,36,19.79,Female,Associate Degree,Self-employed
5384,51,33180,4.94,26,28.32,Male,Bachelor's Degree,Student
5385,43,63322,2.91,34,48.76,Prefer not to say,Bachelor's Degree,Retired
5386,35,63140,1.34,26,67.78,Non-binary,High School,Employed
5387,48,26771,4.82,27,27.2,Prefer not to say,Master's Degree,Retired
5388,19,61925,1.02,28,80.61,Female,Bachelor's Degree,Employed
5389,21,51429,4.1,49,81.06,Prefer not to say,Doctorate,Retired
5390,18,61715,1.13,54,27.39,Prefer not to say,Master's Degree,Retired
5391,28,40482,4.04,24,56.01,Non-binary,Master's Degree,Unemployed
5392,36,59677,4.75,55,34.89,Female,High School,Employed
5393,36,62657,2.56,28,19.07,Male,Doctorate,Self-employed
5394,36,44729,1.96,47,80.6,Male,Master's Degree,Self-employed
5395,20,50266,1.91,42,99.15,Male,Bachelor's Degree,Self-employed
5396,43,40272,2.97,46,56.57,Male,High School,Retired
5397,37,74774,1.68,28,91.39,Male,High School,Student
5398,42,48195,3.69,21,64.22,Prefer not to say,High School,Self-employed
5399,18,36169,2.47,31,56.57,Male,Associate Degree,Retired
5400,38,39262,2.29,44,48.01,Prefer not to say,Master's Degree,Self-employed
5401,23,51901,2.85,59,23.57,Non-binary,Doctorate,Unemployed
5402,31,61299,3.17,29,8.43,Non-binary,Doctorate,Retired
5403,40,29962,1.57,39,44.23,Female,Associate Degree,Employed
5404,35,77714,3.83,32,56.13,Male,Bachelor's Degree,Retired
5405,26,54630,4.53,39,50.94,Prefer not to say,Master's Degree,Unemployed
5406,35,56996,2.11,20,69.56,Male,High School,Employed
5407,19,48542,1.72,54,19.21,Prefer not to say,Associate Degree,Self-employed
5408,46,50288,4.04,40,35.42,Non-binary,Associate Degree,Retired
5409,32,47775,1.73,49,41.56,Female,Master's Degree,Unemployed
5410,46,65266,1.17,37,18.65,Female,Doctorate,Employed
5411,29,49881,3.48,41,90.65,Female,Master's Degree,Student
5412,29,61505,1.96,51,68.15,Male,Doctorate,Retired
5413,27,43492,1.69,41,9.19,Prefer not to say,Master's Degree,Retired
5414,43,52934,4.93,41,71.28,Male,Doctorate,Self-employed
5415,27,37941,2.17,32,54.78,Female,Associate Degree,Student
5416,41,68247,4.61,34,52.39,Male,Doctorate,Self-employed
5417,31,37493,1.71,29,98.98,Male,Master's Degree,Student
5418,18,45125,4.28,32,61.82,Male,Bachelor's Degree,Employed
5419,29,45275,3.01,52,89.67,Male,Master's Degree,Employed
5420,23,44690,1.31,58,91.35,Prefer not to say,Associate Degree,Retired
5421,35,60837,3.93,27,10.14,Prefer not to say,Doctorate,Retired
5422,23,45250,4.57,43,0.84,Female,Doctorate,Employed
5423,44,70908,1.65,36,43.53,Female,Doctorate,Student
5424,34,37722,3.9,53,76.93,Non-binary,Associate Degree,Self-employed
5425,33,52540,2.78,41,82.42,Prefer not to say,Master's Degree,Employed
5426,41,38363,4.02,39,78.75,Male,Doctorate,Employed
5427,44,56314,3.86,32,44.73,Prefer not to say,Bachelor's Degree,Unemployed
5428,34,49760,1.11,24,75,Male,Bachelor's Degree,Retired
5429,27,47674,1.71,47,71.88,Male,High School,Student
5430,18,67827,2.88,43,31.38,Non-binary,Bachelor's Degree,Self-employed
5431,28,40184,4.73,43,16.87,Non-binary,High School,Unemployed
5432,28,58797,2.37,34,62.14,Non-binary,Doctorate,Unemployed
5433,36,38465,3.52,38,67.71,Non-binary,Associate Degree,Employed
5434,31,51690,1.05,47,56.8,Male,Associate Degree,Retired
5435,41,32066,3.84,49,21.32,Male,Associate Degree,Employed
5436,28,40062,3.41,28,27.67,Prefer not to say,Doctorate,Unemployed
5437,34,48767,3.86,33,70.85,Male,Doctorate,Unemployed
5438,46,77219,4.62,26,96.26,Prefer not to say,Master's Degree,Self-employed
5439,38,51512,1.59,42,94.48,Prefer not to say,Bachelor's Degree,Employed
5440,34,74820,2.05,48,51.97,Non-binary,Doctorate,Employed
5441,28,53304,4.98,37,88.66,Prefer not to say,Bachelor's Degree,Student
5442,28,44193,1.63,33,2.95,Female,Associate Degree,Self-employed
5443,26,73090,3.88,36,86.12,Female,Bachelor's Degree,Retired
5444,29,56555,3.9,63,47.62,Male,Master's Degree,Employed
5445,42,40359,3.73,51,78.15,Female,Associate Degree,Employed
5446,32,57058,1.91,47,0.56,Non-binary,Bachelor's Degree,Retired
5447,21,45611,1.86,43,86.86,Non-binary,Master's Degree,Self-employed
5448,52,20164,3.67,39,59.5,Prefer not to say,Bachelor's Degree,Employed
5449,38,64039,1.75,30,24.02,Male,Master's Degree,Retired
5450,20,66424,3.65,29,34.75,Female,Bachelor's Degree,Student
5451,30,77569,2.97,34,20.07,Male,Associate Degree,Employed
5452,36,56332,2.55,30,42.44,Prefer not to say,Associate Degree,Retired
5453,52,46269,2.2,33,33,Non-binary,High School,Unemployed
5454,23,62524,4.79,38,53.45,Prefer not to say,Master's Degree,Employed
5455,44,62747,3.03,39,81.48,Female,Bachelor's Degree,Student
5456,48,74574,3.25,33,98.23,Non-binary,Bachelor's Degree,Retired
5457,28,49330,4.8,44,25.15,Female,Bachelor's Degree,Retired
5458,32,47516,3.62,38,10.65,Male,Doctorate,Employed
5459,24,39266,4.83,42,39.57,Non-binary,Master's Degree,Unemployed
5460,32,58061,1.43,32,14.36,Male,Bachelor's Degree,Retired
5461,34,26776,4.39,46,83.42,Non-binary,High School,Retired
5462,41,61641,2.34,34,50.11,Female,Associate Degree,Unemployed
5463,45,58817,4.24,56,62,Female,Doctorate,Student
5464,27,58776,4.42,37,15.06,Prefer not to say,Doctorate,Employed
5465,18,52073,2.09,39,74.96,Prefer not to say,Associate Degree,Employed
5466,34,72994,2.64,45,97.36,Non-binary,Doctorate,Employed
5467,37,63079,3.9,48,48.24,Non-binary,High School,Self-employed
5468,37,40893,1.4,49,96.25,Non-binary,High School,Employed
5469,31,41162,4.02,57,3.47,Prefer not to say,Associate Degree,Unemployed
5470,36,36804,1.44,46,3.57,Female,Master's Degree,Employed
5471,50,58269,4.66,39,96,Male,Doctorate,Student
5472,38,34997,2.11,34,70.03,Male,Bachelor's Degree,Self-employed
5473,31,66250,3.3,38,18.87,Non-binary,Bachelor's Degree,Unemployed
5474,29,69844,1.47,54,36.39,Male,High School,Unemployed
5475,33,36814,2.08,26,50.78,Male,Master's Degree,Student
5476,51,47216,2.62,31,70.26,Male,Master's Degree,Employed
5477,33,50249,2.95,37,84.2,Prefer not to say,Doctorate,Self-employed
5478,34,63259,1,31,8.27,Prefer not to say,Doctorate,Self-employed
5479,30,74140,4.55,35,65.66,Male,Associate Degree,Self-employed
5480,45,24717,1.03,58,47.67,Female,High School,Unemployed
5481,54,45227,4.09,37,59.76,Female,Associate Degree,Student
5482,39,46009,2.88,44,50.85,Prefer not to say,Associate Degree,Unemployed
5483,35,28989,3.1,23,45.07,Female,Master's Degree,Employed
5484,35,42723,1.83,28,20.55,Non-binary,Doctorate,Retired
5485,18,56416,3.43,49,47.23,Non-binary,Bachelor's Degree,Self-employed
5486,42,45819,3.15,56,18.97,Female,Associate Degree,Self-employed
5487,36,26830,1.66,42,4.46,Male,High School,Self-employed
5488,39,93111,1.95,36,37.38,Female,Associate Degree,Unemployed
5489,27,53992,1.27,44,2.5,Male,Bachelor's Degree,Self-employed
5490,31,51675,1.27,14,56.25,Male,Bachelor's Degree,Self-employed
5491,30,33531,1.06,42,7.24,Female,High School,Retired
5492,45,53910,1.88,29,43.76,Non-binary,Bachelor's Degree,Student
5493,31,47536,3.72,47,98.01,Male,Bachelor's Degree,Employed
5494,55,21672,2.26,18,0.99,Male,Bachelor's Degree,Unemployed
5495,39,33946,2.37,33,36.69,Prefer not to say,Associate Degree,Employed
5496,22,61923,1.53,39,67.33,Female,High School,Student
5497,33,79160,3.3,32,15.89,Prefer not to say,Associate Degree,Employed
5498,28,55507,2.37,36,56.07,Male,High School,Unemployed
5499,18,66546,3.71,49,25.82,Male,Bachelor's Degree,Retired
5500,50,47663,3.97,39,22.28,Prefer not to say,Bachelor's Degree,Employed
5501,42,48701,3.34,30,89.5,Female,Doctorate,Student
5502,40,66364,2.1,49,20.33,Prefer not to say,Bachelor's Degree,Unemployed
5503,36,74941,3.03,42,37.66,Prefer not to say,High School,Student
5504,21,69516,2.01,42,16.96,Male,Master's Degree,Employed
5505,30,34004,4.61,31,28.39,Non-binary,High School,Unemployed
5506,43,48995,4.07,14,29.31,Non-binary,Bachelor's Degree,Employed
5507,24,54162,2.97,30,32.68,Non-binary,Bachelor's Degree,Self-employed
5508,18,46104,4.86,29,64.11,Female,Master's Degree,Unemployed
5509,32,55817,3.19,33,74.26,Prefer not to say,Bachelor's Degree,Employed
5510,33,62308,2.31,31,51.07,Female,Doctorate,Unemployed
5511,36,65042,1.38,41,61.05,Non-binary,Master's Degree,Retired
5512,42,75288,3.17,48,81.33,Female,Associate Degree,Self-employed
5513,41,45058,4.44,50,99.96,Female,Doctorate,Student
5514,37,29539,4.47,48,45.65,Female,High School,Employed
5515,46,55373,3.42,31,93.64,Non-binary,Doctorate,Student
5516,19,78257,2.57,40,49.04,Female,Doctorate,Employed
5517,40,42845,3.6,55,78.2,Female,Bachelor's Degree,Unemployed
5518,41,60302,4.05,24,57.32,Non-binary,Associate Degree,Student
5519,22,60436,2.65,53,88.4,Non-binary,Master's Degree,Self-employed
5520,19,52871,2.91,30,44.87,Female,Doctorate,Employed
5521,27,50103,3.72,42,69.58,Prefer not to say,Bachelor's Degree,Student
5522,28,36148,4.51,44,46.63,Female,Doctorate,Employed
5523,42,20000,4.16,41,85.7,Male,Associate Degree,Retired
5524,28,33322,1.09,62,99.44,Non-binary,Master's Degree,Retired
5525,26,44145,1.5,36,24.33,Prefer not to say,Bachelor's Degree,Student
5526,28,66461,4.41,23,47.43,Male,Doctorate,Retired
5527,46,48453,4.34,43,8.13,Male,Associate Degree,Self-employed
5528,35,42214,2.56,38,14.1,Male,High School,Student
5529,33,36635,3.34,45,92.92,Prefer not to say,High School,Unemployed
5530,33,59852,4.62,48,54.36,Male,Associate Degree,Student
5531,47,70375,4.65,39,39.51,Non-binary,Master's Degree,Unemployed
5532,27,65951,4.13,44,67.15,Prefer not to say,Doctorate,Retired
5533,48,59092,1.84,41,56.02,Non-binary,Doctorate,Student
5534,37,27865,3.92,57,28.87,Prefer not to say,Associate Degree,Self-employed
5535,33,44724,1.4,36,22.66,Non-binary,Doctorate,Retired
5536,60,79209,4.58,33,59.02,Prefer not to say,Master's Degree,Retired
5537,24,66829,1.6,48,18.83,Male,Associate Degree,Retired
5538,31,26937,3.65,30,13.92,Non-binary,High School,Unemployed
5539,22,49166,3.44,43,31.84,Non-binary,High School,Unemployed
5540,44,55446,4.11,38,86.13,Non-binary,Bachelor's Degree,Self-employed
5541,51,38567,3.21,38,3.68,Female,High School,Unemployed
5542,51,20000,1.24,64,83.33,Male,Doctorate,Employed
5543,47,51482,3.82,52,62.1,Non-binary,Master's Degree,Employed
5544,33,38183,2.53,50,4.04,Non-binary,Master's Degree,Student
5545,31,38242,2.28,45,60.2,Prefer not to say,Bachelor's Degree,Retired
5546,18,44679,4.97,33,42.6,Male,Doctorate,Employed
5547,55,47994,3.36,42,84.11,Male,Associate Degree,Unemployed
5548,39,49863,3.84,45,90.72,Non-binary,Bachelor's Degree,Self-employed
5549,30,36740,3.11,41,28.65,Female,Doctorate,Unemployed
5550,48,46696,4.08,40,78.42,Non-binary,Associate Degree,Retired
5551,25,23638,4.01,36,30.98,Female,High School,Retired
5552,39,54665,3.63,42,29.56,Male,High School,Employed
5553,33,20000,4.99,34,19.26,Male,Associate Degree,Employed
5554,41,45657,2.84,47,67.85,Female,Bachelor's Degree,Unemployed
5555,34,63787,3.82,19,26.17,Male,Associate Degree,Student
5556,20,34109,4.19,53,46.49,Prefer not to say,Doctorate,Unemployed
5557,35,60746,2.5,26,81.21,Female,Associate Degree,Employed
5558,45,67335,2.83,29,79.19,Prefer not to say,Doctorate,Student
5559,34,20000,4.88,44,85.54,Non-binary,Doctorate,Student
5560,42,47729,1.13,45,16.11,Non-binary,High School,Employed
5561,24,20000,2.34,60,58.69,Prefer not to say,Doctorate,Unemployed
5562,34,48226,2.94,42,91.48,Male,Master's Degree,Self-employed
5563,28,49892,1.01,39,4.21,Prefer not to say,High School,Employed
5564,42,20000,4.6,41,79.45,Male,High School,Unemployed
5565,35,78872,2.14,55,24.62,Prefer not to say,Associate Degree,Self-employed
5566,41,54290,2.03,64,66.97,Prefer not to say,Doctorate,Retired
5567,45,37264,4.28,38,71.74,Male,Associate Degree,Retired
5568,41,71980,2.11,45,92.56,Prefer not to say,Doctorate,Retired
5569,37,23065,3.63,39,50.88,Female,High School,Self-employed
5570,25,31562,4.29,39,84.82,Male,Master's Degree,Student
5571,34,20000,4.17,58,4.53,Non-binary,High School,Retired
5572,29,77015,4.13,30,42.05,Non-binary,Bachelor's Degree,Retired
5573,31,54985,1.35,16,43.95,Prefer not to say,Associate Degree,Student
5574,31,59891,1.32,43,53.83,Non-binary,Master's Degree,Self-employed
5575,25,54515,2.23,52,48.13,Female,Associate Degree,Self-employed
5576,18,58606,1.14,42,96.8,Non-binary,Doctorate,Student
5577,28,51171,3,45,7.85,Non-binary,Associate Degree,Employed
5578,36,54063,2.58,47,26.5,Male,High School,Student
5579,21,51614,3.23,41,96.86,Prefer not to say,High School,Unemployed
5580,35,40871,2.2,45,44.53,Non-binary,Associate Degree,Unemployed
5581,54,49300,2.94,45,57.12,Prefer not to say,Doctorate,Employed
5582,45,54103,2.34,20,8.1,Male,Doctorate,Employed
5583,51,51658,1.78,41,28.41,Non-binary,Master's Degree,Unemployed
5584,38,27833,3.6,24,3.97,Non-binary,High School,Student
5585,46,29825,3.69,39,13.75,Male,Associate Degree,Self-employed
5586,27,66242,4.32,35,63.33,Male,Master's Degree,Unemployed
5587,28,45395,4.5,50,76.36,Non-binary,Bachelor's Degree,Student
5588,18,58770,3.82,42,87.01,Female,Master's Degree,Unemployed
5589,46,33618,3.75,44,25.15,Prefer not to say,Bachelor's Degree,Self-employed
5590,50,27902,1.23,38,33.29,Prefer not to say,Bachelor's Degree,Unemployed
5591,29,37346,1.44,50,56.94,Prefer not to say,Master's Degree,Unemployed
5592,32,46661,4.25,24,8.37,Female,High School,Self-employed
5593,27,40022,1.93,31,80.67,Prefer not to say,Master's Degree,Retired
5594,38,69409,2.42,52,48.33,Male,Master's Degree,Unemployed
5595,46,52692,1.58,35,96.55,Male,High School,Unemployed
5596,18,77734,1.78,18,11.73,Non-binary,High School,Unemployed
5597,39,56066,4.1,54,13.33,Female,High School,Employed
5598,32,20000,2.05,50,34.86,Female,High School,Employed
5599,36,65840,2.8,47,20.68,Non-binary,High School,Self-employed
5600,39,27356,1.61,40,69.66,Female,High School,Student
5601,33,53458,3.71,56,94.68,Prefer not to say,Master's Degree,Employed
5602,33,38379,3.91,52,8.99,Non-binary,Associate Degree,Self-employed
5603,32,82140,2.45,55,24.22,Prefer not to say,Associate Degree,Employed
5604,44,71593,4.14,46,23.79,Prefer not to say,Associate Degree,Student
5605,39,38872,1.96,41,50.91,Non-binary,Master's Degree,Employed
5606,37,48089,3.77,36,45.2,Male,High School,Retired
5607,22,53668,3.92,27,72.69,Non-binary,Bachelor's Degree,Student
5608,31,62951,4.87,45,73.26,Female,High School,Student
5609,43,50437,1.93,45,57.28,Prefer not to say,Doctorate,Employed
5610,35,34626,1.37,36,59.1,Prefer not to say,High School,Employed
5611,41,39236,2.05,46,84.23,Female,Associate Degree,Unemployed
5612,52,49932,1.49,36,39.69,Non-binary,High School,Unemployed
5613,45,68516,1.68,48,1.23,Male,High School,Student
5614,35,56417,2.34,31,21.3,Female,Doctorate,Unemployed
5615,29,38398,2.66,29,3.54,Male,Bachelor's Degree,Unemployed
5616,18,59725,4.61,37,39.35,Prefer not to say,Bachelor's Degree,Unemployed
5617,33,44195,1.78,48,35.78,Non-binary,Associate Degree,Retired
5618,31,63356,4.89,28,9.86,Non-binary,Bachelor's Degree,Unemployed
5619,38,87905,4.24,50,75.5,Prefer not to say,Associate Degree,Unemployed
5620,33,44617,4.53,23,55.31,Female,Master's Degree,Retired
5621,31,62024,4.72,37,22.57,Prefer not to say,Doctorate,Employed
5622,18,38819,4.01,25,75.91,Female,High School,Student
5623,25,48316,4.16,13,66.79,Prefer not to say,Doctorate,Self-employed
5624,39,50443,2.75,43,19.16,Male,Bachelor's Degree,Employed
5625,52,47094,3.04,38,98.29,Non-binary,High School,Retired
5626,34,86945,4.73,26,17.74,Male,Doctorate,Retired
5627,38,45401,2.51,34,77.17,Female,Doctorate,Student
5628,44,58802,1.17,44,96.83,Female,Associate Degree,Unemployed
5629,26,21048,4.05,36,72.55,Prefer not to say,Master's Degree,Self-employed
5630,38,56479,3.29,38,66.58,Male,Doctorate,Self-employed
5631,27,67130,4.26,36,90.33,Non-binary,High School,Self-employed
5632,43,42086,1.3,34,26.91,Female,Master's Degree,Employed
5633,36,20000,3.48,34,27.72,Prefer not to say,Master's Degree,Retired
5634,37,49420,1.99,33,64.12,Non-binary,High School,Self-employed
5635,27,50257,4.61,32,88.21,Prefer not to say,Master's Degree,Self-employed
5636,42,60861,1.44,29,61.74,Female,Bachelor's Degree,Unemployed
5637,55,80163,4.37,36,97.7,Non-binary,Master's Degree,Employed
5638,24,44299,1.35,33,22.29,Prefer not to say,Associate Degree,Retired
5639,31,37155,1.1,29,82.59,Female,Master's Degree,Student
5640,37,32496,1.94,47,92.73,Prefer not to say,Doctorate,Unemployed
5641,42,52971,2.33,52,42.7,Prefer not to say,Master's Degree,Unemployed
5642,29,57190,3.51,39,96.2,Prefer not to say,Associate Degree,Unemployed
5643,18,41815,1.53,40,20.21,Non-binary,Associate Degree,Self-employed
5644,48,61680,2.75,33,95.28,Non-binary,Master's Degree,Student
5645,42,56980,1.82,50,90.28,Female,Bachelor's Degree,Employed
5646,18,50648,4.42,57,6.61,Prefer not to say,Master's Degree,Retired
5647,28,36463,1.18,38,52.13,Non-binary,High School,Employed
5648,50,42772,2.42,34,52.88,Non-binary,Associate Degree,Unemployed
5649,49,20000,3.53,43,5.7,Prefer not to say,Master's Degree,Student
5650,44,53536,4.65,41,3.95,Female,Bachelor's Degree,Employed
5651,33,50395,4.47,34,0.51,Male,Bachelor's Degree,Employed
5652,35,52827,4.58,44,52.45,Prefer not to say,Bachelor's Degree,Unemployed
5653,33,57564,1.25,49,46.38,Female,Doctorate,Unemployed
5654,46,55787,4.36,32,94.05,Male,Doctorate,Employed
5655,26,48344,4.12,65,34.23,Female,Doctorate,Employed
5656,26,50730,4.61,24,65.82,Male,High School,Self-employed
5657,45,28935,2.25,31,0.76,Male,High School,Student
5658,34,41244,4.65,42,66.35,Female,Master's Degree,Unemployed
5659,48,50757,2.61,62,91.35,Non-binary,Doctorate,Retired
5660,28,38962,3.54,34,35.48,Female,Doctorate,Retired
5661,34,62902,2.7,29,31.41,Male,High School,Unemployed
5662,25,40120,2.71,45,62.6,Prefer not to say,Bachelor's Degree,Student
5663,35,53244,3.19,37,32.86,Male,Bachelor's Degree,Retired
5664,20,51748,2.42,46,40.24,Male,Associate Degree,Self-employed
5665,30,61194,4.17,39,27.31,Female,Master's Degree,Unemployed
5666,20,63511,3.53,31,34.49,Male,Master's Degree,Retired
5667,41,60410,3.76,63,67.94,Prefer not to say,Doctorate,Retired
5668,42,20000,1.92,10,92.24,Non-binary,High School,Unemployed
5669,18,67912,4.88,58,58.31,Prefer not to say,Master's Degree,Student
5670,48,72909,3.64,49,1,Non-binary,Bachelor's Degree,Unemployed
5671,59,42768,1.79,32,26.39,Prefer not to say,High School,Employed
5672,35,53549,4,58,95.22,Non-binary,Doctorate,Retired
5673,28,36637,1.69,26,91.03,Female,Doctorate,Employed
5674,63,20774,1.25,50,11.56,Non-binary,Master's Degree,Student
5675,21,38919,3.11,19,90.84,Female,Master's Degree,Employed
5676,35,41897,3.21,28,96.45,Prefer not to say,Associate Degree,Student
5677,36,44677,1.76,28,32.46,Male,Master's Degree,Unemployed
5678,48,35616,2.39,32,70.1,Female,Master's Degree,Self-employed
5679,38,38998,4.78,40,56,Non-binary,Bachelor's Degree,Self-employed
5680,30,49834,2.14,31,33.7,Female,Bachelor's Degree,Unemployed
5681,25,38446,1.62,19,15.33,Female,High School,Retired
5682,31,58152,4.97,44,36.69,Female,Master's Degree,Student
5683,24,60224,2.21,40,92.78,Female,Master's Degree,Employed
5684,35,85705,3.72,44,81.12,Male,Doctorate,Self-employed
5685,29,66885,1.93,41,33.07,Female,Bachelor's Degree,Employed
5686,20,53646,3.2,49,54.77,Prefer not to say,Doctorate,Employed
5687,47,40696,2.55,39,40.6,Female,Master's Degree,Employed
5688,30,54406,4.85,50,46.62,Female,Bachelor's Degree,Retired
5689,22,54898,2.73,32,76.12,Male,Master's Degree,Self-employed
5690,33,42300,3.34,32,54.3,Prefer not to say,Associate Degree,Employed
5691,35,61755,4.78,53,18.1,Male,Doctorate,Employed
5692,18,29028,4.96,53,26.9,Male,Bachelor's Degree,Self-employed
5693,38,46334,1.41,45,56.78,Prefer not to say,Bachelor's Degree,Employed
5694,24,58337,4.34,31,69.28,Prefer not to say,Master's Degree,Student
5695,52,45686,2.53,30,50.81,Female,Master's Degree,Self-employed
5696,40,46898,3.38,53,62.02,Prefer not to say,High School,Employed
5697,31,47933,2.5,52,78.94,Female,High School,Retired
5698,27,37465,2.6,39,54.54,Male,Doctorate,Student
5699,33,67608,1.64,63,97.72,Female,Bachelor's Degree,Unemployed
5700,41,34729,3.29,44,23.56,Female,Master's Degree,Retired
5701,34,54772,3.19,28,91.97,Prefer not to say,Doctorate,Unemployed
5702,32,56204,1.76,37,24.77,Male,Bachelor's Degree,Unemployed
5703,35,35770,3.17,40,53.16,Prefer not to say,Master's Degree,Employed
5704,28,51096,4.89,40,45.59,Male,High School,Student
5705,31,36355,3.86,52,37.29,Non-binary,Bachelor's Degree,Employed
5706,18,70865,2.92,30,96.27,Male,Master's Degree,Retired
5707,44,32918,4.66,26,27.23,Male,Doctorate,Unemployed
5708,37,40191,3.3,46,67.49,Male,Doctorate,Employed
5709,27,31636,1.54,34,80.41,Male,Associate Degree,Retired
5710,53,29634,3.19,64,19.7,Female,Bachelor's Degree,Retired
5711,35,73868,1.72,49,97.32,Prefer not to say,Doctorate,Unemployed
5712,24,58141,4.07,34,54.66,Male,Bachelor's Degree,Employed
5713,43,52104,4.87,52,91.45,Female,Doctorate,Student
5714,38,40151,2.44,47,66.39,Prefer not to say,Bachelor's Degree,Retired
5715,38,63614,2.74,46,64.94,Female,Bachelor's Degree,Employed
5716,30,37636,2.69,38,34.56,Male,Bachelor's Degree,Student
5717,39,61904,2.14,44,77.06,Prefer not to say,Associate Degree,Unemployed
5718,32,36912,4.18,18,2.98,Male,High School,Student
5719,40,40332,3.47,53,55.58,Non-binary,Bachelor's Degree,Unemployed
5720,18,61374,1.26,10,3.21,Female,High School,Retired
5721,30,62957,4.36,35,30.69,Male,High School,Self-employed
5722,52,58962,1.75,24,9.63,Prefer not to say,High School,Self-employed
5723,27,34254,4.92,34,91.16,Prefer not to say,Doctorate,Retired
5724,28,43299,2.51,39,62.83,Female,Master's Degree,Student
5725,30,52353,3.47,28,66.85,Non-binary,High School,Self-employed
5726,22,37260,1.31,12,85.11,Male,Bachelor's Degree,Unemployed
5727,18,70564,2.38,42,73.3,Prefer not to say,Master's Degree,Retired
5728,32,20000,4.21,60,12.42,Non-binary,Doctorate,Employed
5729,36,38318,2.91,36,61.75,Prefer not to say,Associate Degree,Self-employed
5730,34,42356,4.62,49,97.82,Female,High School,Student
5731,33,20000,3.3,55,21.41,Prefer not to say,High School,Retired
5732,35,29056,4.71,20,61.97,Non-binary,Doctorate,Self-employed
5733,45,59379,4.93,35,56.36,Prefer not to say,Bachelor's Degree,Self-employed
5734,33,50454,2.82,27,39.16,Non-binary,Bachelor's Degree,Retired
5735,29,73597,3.26,31,95.46,Female,Master's Degree,Employed
5736,32,73178,4.34,57,35.64,Female,Master's Degree,Retired
5737,40,56495,1.89,42,9.37,Female,Bachelor's Degree,Employed
5738,49,54698,4.45,47,96.25,Prefer not to say,Associate Degree,Retired
5739,28,50988,3.37,39,72.92,Female,Bachelor's Degree,Unemployed
5740,35,20000,3.9,27,34.24,Female,Associate Degree,Unemployed
5741,38,29081,1.32,46,28.05,Female,Doctorate,Retired
5742,25,51510,4.06,52,92.8,Non-binary,Associate Degree,Employed
5743,35,59240,2.24,43,27.35,Female,Doctorate,Self-employed
5744,20,54345,4.22,44,53.72,Prefer not to say,High School,Retired
5745,18,36613,3.04,27,21.5,Prefer not to say,Bachelor's Degree,Self-employed
5746,38,64061,2.1,47,99.52,Female,Master's Degree,Retired
5747,31,72236,4.81,53,76.95,Prefer not to say,High School,Student
5748,37,64069,4.06,44,56.76,Female,Master's Degree,Employed
5749,34,64843,4.94,22,74.58,Female,Associate Degree,Student
5750,25,41611,2.46,56,91.64,Prefer not to say,Bachelor's Degree,Student
5751,34,66139,3.6,30,96.31,Male,Bachelor's Degree,Employed
5752,22,52186,3.45,43,78.6,Prefer not to say,Bachelor's Degree,Retired
5753,48,57673,3.75,49,84.91,Non-binary,High School,Employed
5754,21,55481,1.15,50,39.78,Non-binary,Doctorate,Employed
5755,33,48177,2.17,21,39.18,Male,Associate Degree,Unemployed
5756,24,37099,4.64,41,80.83,Non-binary,High School,Unemployed
5757,40,48767,2.7,40,75.96,Prefer not to say,High School,Self-employed
5758,31,64801,4.84,54,90.1,Prefer not to say,Doctorate,Employed
5759,29,43377,1.85,44,13.3,Non-binary,Master's Degree,Student
5760,43,63400,4.99,54,69.08,Female,Master's Degree,Student
5761,35,61056,3.79,45,64.76,Non-binary,Bachelor's Degree,Unemployed
5762,40,45515,4.11,39,79.85,Male,High School,Employed
5763,25,70832,2.59,41,2.46,Non-binary,Doctorate,Retired
5764,20,44666,4.63,55,82.63,Male,Doctorate,Unemployed
5765,36,72643,3.18,27,32.64,Male,Master's Degree,Unemployed
5766,31,56511,3.72,49,68.71,Prefer not to say,Doctorate,Student
5767,41,49762,1.38,33,61.66,Non-binary,Master's Degree,Retired
5768,34,36682,3.53,31,44.02,Female,Master's Degree,Retired
5769,37,48676,4.52,50,74.6,Male,High School,Student
5770,18,46943,1.71,31,96.12,Non-binary,Associate Degree,Student
5771,53,31125,3.95,43,32.35,Non-binary,Bachelor's Degree,Student
5772,33,46735,1.1,35,74.84,Prefer not to say,Associate Degree,Retired
5773,41,37942,4.7,16,31.45,Female,Doctorate,Retired
5774,26,58789,4.93,44,84.57,Female,Associate Degree,Unemployed
5775,38,69594,2.42,41,43.73,Non-binary,Associate Degree,Self-employed
5776,21,31596,1.43,20,44.93,Female,Master's Degree,Unemployed
5777,39,75684,3.63,33,77.19,Male,High School,Employed
5778,31,48071,1.12,21,49.62,Prefer not to say,Doctorate,Self-employed
5779,35,35374,2.93,47,26.66,Non-binary,Bachelor's Degree,Retired
5780,41,61366,2.09,53,99.55,Female,Master's Degree,Unemployed
5781,22,43303,2.89,48,62.02,Non-binary,Bachelor's Degree,Retired
5782,28,48773,1.07,49,64.51,Female,High School,Self-employed
5783,39,43935,1.21,34,64.66,Male,Associate Degree,Retired
5784,55,37748,1.06,45,88.34,Non-binary,Associate Degree,Unemployed
5785,33,60859,3.48,39,18.39,Prefer not to say,High School,Self-employed
5786,40,45705,3.24,41,5.92,Female,Doctorate,Unemployed
5787,33,28450,1.93,49,38.67,Prefer not to say,Master's Degree,Unemployed
5788,54,58265,3.59,51,56.49,Prefer not to say,Associate Degree,Retired
5789,18,31916,4.54,36,28.57,Male,High School,Self-employed
5790,35,32701,2.11,25,68.92,Male,Master's Degree,Retired
5791,18,67889,4.33,38,7.39,Female,Master's Degree,Self-employed
5792,18,32054,3.65,37,79.07,Non-binary,High School,Employed
5793,37,20000,1.14,42,71.81,Female,Associate Degree,Employed
5794,36,59342,2.5,48,21.39,Female,Doctorate,Self-employed
5795,32,45442,3.03,20,29.85,Male,Associate Degree,Retired
5796,33,46735,3.93,33,80.7,Female,Associate Degree,Student
5797,65,45282,2.15,30,77.33,Female,Associate Degree,Self-employed
5798,32,53475,4.93,52,81.38,Non-binary,Associate Degree,Unemployed
5799,40,38709,3.74,37,32.22,Female,Bachelor's Degree,Employed
5800,28,72141,2.49,34,96.96,Non-binary,High School,Self-employed
5801,37,27856,1.39,45,71.53,Female,Doctorate,Self-employed
5802,32,56673,1.73,34,6.52,Male,Doctorate,Self-employed
5803,30,59631,2.95,39,47.77,Female,Bachelor's Degree,Unemployed
5804,53,38605,2.98,58,66.45,Non-binary,Doctorate,Retired
5805,46,34643,4.07,57,16.87,Prefer not to say,Bachelor's Degree,Student
5806,36,65257,3.9,35,90.18,Non-binary,Bachelor's Degree,Unemployed
5807,18,35137,1.81,38,75.41,Female,Doctorate,Student
5808,31,40900,3.38,33,8.14,Female,Doctorate,Employed
5809,62,63309,1.08,20,91.32,Female,Associate Degree,Student
5810,32,50521,2.59,50,40.44,Non-binary,Bachelor's Degree,Student
5811,46,23042,4.06,64,45.25,Non-binary,Master's Degree,Employed
5812,49,76205,2.6,35,78.31,Male,High School,Unemployed
5813,37,42049,4.34,31,64.4,Female,Associate Degree,Unemployed
5814,26,43958,4.9,37,43.75,Prefer not to say,Bachelor's Degree,Employed
5815,18,53836,3.43,40,25.96,Non-binary,Associate Degree,Unemployed
5816,41,59376,1.58,28,51.69,Non-binary,Associate Degree,Retired
5817,26,79416,2.52,35,57.92,Non-binary,High School,Student
5818,36,25098,1.04,50,63.09,Non-binary,Doctorate,Unemployed
5819,22,62389,3.41,41,60.51,Prefer not to say,Doctorate,Student
5820,32,61145,4.29,52,61.73,Male,High School,Unemployed
5821,35,47942,3.52,43,47.57,Prefer not to say,Associate Degree,Student
5822,37,61809,4.14,29,56.19,Prefer not to say,Bachelor's Degree,Employed
5823,23,64014,4.2,34,28.86,Non-binary,Doctorate,Employed
5824,46,29270,4.4,42,15.84,Non-binary,Master's Degree,Employed
5825,29,76246,2.07,28,60.69,Female,Bachelor's Degree,Retired
5826,18,26618,4.49,27,4.7,Male,Associate Degree,Retired
5827,33,32970,3.62,28,6.52,Male,Master's Degree,Employed
5828,35,46073,2.16,45,24.73,Male,Bachelor's Degree,Student
5829,36,78874,4.95,36,19.43,Female,High School,Employed
5830,48,45376,4.8,51,37.41,Male,Master's Degree,Employed
5831,32,49520,3.3,31,37.13,Prefer not to say,Associate Degree,Self-employed
5832,33,71481,4.37,15,11.69,Non-binary,Master's Degree,Retired
5833,23,45495,2.05,38,24.65,Prefer not to say,High School,Retired
5834,43,32323,2.66,56,0.46,Prefer not to say,Doctorate,Employed
5835,36,43741,1.74,40,35.1,Male,Doctorate,Employed
5836,30,70561,3.08,26,79.64,Non-binary,Doctorate,Self-employed
5837,18,51062,2.98,23,26.62,Male,High School,Self-employed
5838,49,78959,1.85,51,64.33,Male,Bachelor's Degree,Retired
5839,22,61069,3.69,31,9.83,Non-binary,High School,Retired
5840,29,40327,1.47,55,1.23,Female,Master's Degree,Retired
5841,38,50766,1.25,46,49.84,Female,Bachelor's Degree,Retired
5842,23,37201,2.54,32,46.15,Female,Doctorate,Student
5843,20,39973,2.64,51,19.15,Non-binary,High School,Employed
5844,18,117186,2.28,30,28.66,Prefer not to say,Associate Degree,Student
5845,42,65279,2.03,25,3.07,Prefer not to say,Doctorate,Unemployed
5846,29,62916,2.36,31,79.78,Non-binary,Associate Degree,Retired
5847,64,40652,1.65,47,30.13,Male,Bachelor's Degree,Retired
5848,25,73543,2.61,51,21.95,Male,Doctorate,Employed
5849,25,66491,4.62,36,80.47,Non-binary,High School,Retired
5850,29,78224,1.9,21,3.93,Male,Associate Degree,Retired
5851,37,77496,3.74,24,28.45,Male,High School,Student
5852,30,27813,1.57,29,26.28,Female,Doctorate,Unemployed
5853,41,33352,2.42,27,26.3,Non-binary,High School,Student
5854,25,34943,2.28,42,1.15,Female,Doctorate,Self-employed
5855,21,35840,4.75,59,93.47,Prefer not to say,Master's Degree,Retired
5856,18,54851,2.71,47,86.41,Prefer not to say,High School,Student
5857,18,41497,3.76,28,41.45,Prefer not to say,Master's Degree,Employed
5858,29,81088,3.41,33,44.54,Prefer not to say,Associate Degree,Unemployed
5859,31,78570,1.56,35,52.42,Male,High School,Unemployed
5860,28,49903,4.76,43,47.83,Male,High School,Employed
5861,47,79329,2.38,55,77.91,Female,Associate Degree,Employed
5862,47,72322,1.18,35,48.84,Non-binary,High School,Retired
5863,31,43239,2.2,55,18.88,Male,Doctorate,Unemployed
5864,18,20000,2.34,61,11.7,Non-binary,Master's Degree,Employed
5865,29,46730,1.37,36,91.83,Female,Bachelor's Degree,Self-employed
5866,29,40330,3.48,36,4.84,Prefer not to say,Doctorate,Unemployed
5867,28,53097,2.39,36,89.76,Male,Bachelor's Degree,Employed
5868,28,51338,3.52,40,69.05,Prefer not to say,Associate Degree,Student
5869,28,50945,1.03,36,40.47,Female,Associate Degree,Employed
5870,31,57855,4.93,48,18.72,Non-binary,High School,Unemployed
5871,28,31812,1.68,24,31.05,Male,Doctorate,Retired
5872,37,56170,3.64,34,52.99,Non-binary,Bachelor's Degree,Self-employed
5873,38,43405,3.86,43,65.69,Non-binary,Master's Degree,Employed
5874,25,52999,1.69,48,69.15,Prefer not to say,Doctorate,Unemployed
5875,47,64361,1.45,61,44.73,Male,Associate Degree,Employed
5876,25,31634,1.61,27,37.4,Female,Doctorate,Employed
5877,18,45780,1.99,33,76.83,Male,Master's Degree,Unemployed
5878,38,48221,1.67,17,92.54,Non-binary,Doctorate,Student
5879,26,42285,3.7,28,91.45,Prefer not to say,High School,Unemployed
5880,38,63497,2.68,22,55.16,Non-binary,Master's Degree,Unemployed
5881,18,39194,3.15,34,7.9,Non-binary,Bachelor's Degree,Retired
5882,48,41668,1.19,37,7.33,Male,Associate Degree,Employed
5883,41,39351,4.44,44,40.28,Non-binary,Doctorate,Employed
5884,19,66380,1.68,37,73.29,Male,Master's Degree,Unemployed
5885,20,42613,2.44,44,49.73,Male,High School,Student
5886,51,56900,1.29,41,62.74,Non-binary,High School,Retired
5887,27,79635,1.55,29,84.33,Prefer not to say,Bachelor's Degree,Student
5888,26,48877,3.66,23,4.03,Non-binary,Associate Degree,Student
5889,18,66680,3.77,45,92.38,Prefer not to say,High School,Retired
5890,31,75070,3.71,56,33.09,Non-binary,Associate Degree,Retired
5891,32,65407,3.21,65,4.68,Female,Master's Degree,Student
5892,42,49747,4.81,49,83.54,Female,Doctorate,Student
5893,21,59631,3.03,54,93.42,Female,Bachelor's Degree,Student
5894,19,30689,2.8,44,76.86,Non-binary,High School,Employed
5895,39,38299,1.99,43,80.45,Non-binary,Doctorate,Employed
5896,45,40929,1.4,41,87.13,Prefer not to say,High School,Employed
5897,19,83609,3.19,38,52.24,Female,Bachelor's Degree,Employed
5898,45,37811,2.26,46,68.05,Male,High School,Retired
5899,35,37587,3.1,34,28.65,Female,Bachelor's Degree,Unemployed
5900,45,34341,1.82,38,24.97,Female,Doctorate,Employed
5901,34,58397,4.35,28,60.89,Male,Master's Degree,Student
5902,18,52139,5,44,73.46,Female,Bachelor's Degree,Unemployed
5903,33,66301,2.29,30,39.71,Female,Master's Degree,Employed
5904,45,60068,4.37,40,40.03,Prefer not to say,Associate Degree,Self-employed
5905,26,29294,4.49,45,95.42,Female,Doctorate,Self-employed
5906,31,37890,4.98,45,51.85,Male,Bachelor's Degree,Retired
5907,33,70479,2.37,47,98.63,Male,Doctorate,Self-employed
5908,18,46950,4.02,37,86.28,Female,Master's Degree,Retired
5909,51,67813,1.92,44,63.97,Non-binary,Master's Degree,Retired
5910,25,47754,3.5,35,0.91,Female,Doctorate,Retired
5911,40,35485,3.82,20,29.59,Male,Doctorate,Unemployed
5912,34,45451,3.96,45,41.76,Male,Master's Degree,Unemployed
5913,47,35479,1.83,42,65.28,Male,Doctorate,Self-employed
5914,39,41516,4.39,50,39.55,Non-binary,Master's Degree,Unemployed
5915,32,53013,2.68,39,82.78,Non-binary,Associate Degree,Employed
5916,26,57674,1.87,23,66.29,Non-binary,Master's Degree,Retired
5917,42,26147,3.17,39,34.72,Female,High School,Employed
5918,18,49739,4.45,48,78.44,Male,Master's Degree,Unemployed
5919,41,41200,4.87,44,30.31,Female,Associate Degree,Student
5920,24,40273,3.99,38,6.28,Female,Master's Degree,Unemployed
5921,47,51990,1.02,23,17.26,Non-binary,Doctorate,Retired
5922,36,41743,1.54,29,0.27,Female,Associate Degree,Student
5923,41,70732,1.31,44,83.24,Prefer not to say,Bachelor's Degree,Student
5924,35,67820,1.4,23,62.71,Non-binary,Master's Degree,Retired
5925,18,67727,2.53,36,57.06,Non-binary,Doctorate,Self-employed
5926,26,42576,2.35,40,66.2,Male,Bachelor's Degree,Unemployed
5927,41,35562,1.45,51,65.36,Prefer not to say,Bachelor's Degree,Unemployed
5928,36,51230,4.53,46,56.55,Prefer not to say,Bachelor's Degree,Student
5929,46,47744,3.46,49,84.24,Prefer not to say,High School,Student
5930,39,40867,4.19,43,44.09,Male,Doctorate,Retired
5931,25,32363,2.49,31,80.48,Female,High School,Retired
5932,27,49377,2.64,33,78.66,Female,Doctorate,Self-employed
5933,36,43938,2.27,30,19.95,Male,Doctorate,Student
5934,18,60325,2.75,45,45.38,Female,Associate Degree,Unemployed
5935,51,59976,3.44,33,83.49,Prefer not to say,Bachelor's Degree,Retired
5936,39,66511,2.97,36,83.09,Male,Master's Degree,Employed
5937,47,31110,4.35,40,2.4,Prefer not to say,Associate Degree,Unemployed
5938,19,56015,4.6,56,22.31,Prefer not to say,Master's Degree,Student
5939,47,39088,2.88,46,42.39,Male,Bachelor's Degree,Retired
5940,57,31693,1.96,32,4.72,Non-binary,Doctorate,Retired
5941,21,43570,4.78,41,26.06,Male,Associate Degree,Employed
5942,42,66030,3.94,56,25.83,Male,High School,Self-employed
5943,35,44415,3.56,46,21.46,Non-binary,Doctorate,Unemployed
5944,19,73481,3.98,24,39.67,Non-binary,High School,Retired
5945,39,58233,1.3,30,81.3,Prefer not to say,Doctorate,Self-employed
5946,43,44088,1.27,30,24.41,Non-binary,Doctorate,Employed
5947,28,67400,1.61,54,58.21,Non-binary,Bachelor's Degree,Employed
5948,46,56680,1.59,52,55.76,Prefer not to say,Associate Degree,Unemployed
5949,18,36011,2.68,33,81.79,Prefer not to say,Master's Degree,Unemployed
5950,20,77882,1.63,33,39.4,Prefer not to say,Bachelor's Degree,Retired
5951,36,53892,4.42,40,22.36,Prefer not to say,Master's Degree,Retired
5952,35,50281,3.31,40,89.15,Male,Doctorate,Unemployed
5953,27,37167,2.47,30,83.29,Prefer not to say,High School,Unemployed
5954,43,67693,1.28,37,62.15,Male,Master's Degree,Retired
5955,40,57759,3.36,25,9.32,Prefer not to say,High School,Retired
5956,43,59438,1.47,52,1.61,Male,Master's Degree,Retired
5957,33,42387,3.97,22,18.26,Male,High School,Employed
5958,41,62511,4.21,22,19.66,Male,Bachelor's Degree,Student
5959,30,63677,3.18,44,13.62,Male,Master's Degree,Unemployed
5960,55,39968,1.6,27,26.22,Non-binary,Bachelor's Degree,Employed
5961,26,28745,4.15,34,33.79,Male,Bachelor's Degree,Retired
5962,56,58720,2.23,40,75.44,Non-binary,High School,Student
5963,35,26399,1.89,46,70.95,Non-binary,Master's Degree,Student
5964,21,52280,2.88,37,10.44,Male,Master's Degree,Employed
5965,48,43291,4.69,57,97.71,Prefer not to say,Associate Degree,Self-employed
5966,36,68279,2.19,39,75.21,Non-binary,High School,Self-employed
5967,43,44107,4.62,51,16.34,Male,Master's Degree,Retired
5968,47,66609,1.21,42,12.45,Female,Doctorate,Self-employed
5969,38,42286,1.33,61,8.75,Non-binary,Associate Degree,Retired
5970,29,64999,3.79,50,73.18,Prefer not to say,Master's Degree,Self-employed
5971,44,80905,1.76,40,23.63,Female,High School,Employed
5972,35,33979,2.27,46,7.3,Non-binary,Doctorate,Student
5973,41,54380,1.55,37,42.18,Male,Master's Degree,Unemployed
5974,18,91231,2.33,37,70.87,Male,Bachelor's Degree,Student
5975,39,50998,2.12,26,30.46,Male,Bachelor's Degree,Self-employed
5976,28,50926,3.95,31,48.26,Male,Doctorate,Student
5977,51,61827,3.81,60,19.27,Prefer not to say,Doctorate,Self-employed
5978,41,50616,4.82,27,42.91,Prefer not to say,Doctorate,Retired
5979,37,24391,3.9,33,35.89,Non-binary,Doctorate,Unemployed
5980,39,66984,3.78,39,43.39,Male,High School,Retired
5981,25,20000,3.78,39,46.57,Female,Bachelor's Degree,Unemployed
5982,51,43748,4.53,43,9.23,Non-binary,Master's Degree,Retired
5983,54,68111,2.18,35,9.34,Female,Master's Degree,Retired
5984,38,44651,2.2,44,26.06,Male,Bachelor's Degree,Student
5985,50,39594,3.96,51,11.58,Male,Master's Degree,Unemployed
5986,29,63188,1.91,52,25.28,Male,Bachelor's Degree,Student
5987,27,37233,4.65,37,2.45,Non-binary,Associate Degree,Retired
5988,35,31666,3.14,46,35.07,Female,Bachelor's Degree,Student
5989,39,54117,2.2,28,21.34,Male,Master's Degree,Self-employed
5990,31,47256,4.1,32,89.21,Male,Associate Degree,Retired
5991,40,31344,2.25,28,85.82,Male,Master's Degree,Self-employed
5992,38,59554,4.85,39,30.04,Non-binary,High School,Retired
5993,25,56967,4.93,31,47.55,Non-binary,Master's Degree,Self-employed
5994,40,44603,3.67,24,95.58,Male,Associate Degree,Self-employed
5995,43,45630,1.45,36,52.41,Female,Bachelor's Degree,Retired
5996,36,57055,2.05,22,84.84,Male,Master's Degree,Self-employed
5997,46,67855,3.06,53,82.64,Non-binary,Bachelor's Degree,Unemployed
5998,22,45758,4.41,34,94.13,Male,Master's Degree,Self-employed
5999,39,59820,1.74,49,30.57,Prefer not to say,Doctorate,Retired
6000,23,58478,1.42,35,4.34,Female,Master's Degree,Unemployed
6001,23,63189,1.3,28,10.4,Prefer not to say,Doctorate,Unemployed
6002,28,50589,3.03,51,57.13,Non-binary,Master's Degree,Unemployed
6003,25,36315,4.54,40,53.03,Prefer not to say,Master's Degree,Student
6004,29,43062,1.17,58,29.85,Female,Doctorate,Unemployed
6005,32,55142,1.85,35,24.87,Female,High School,Student
6006,43,77276,3.77,35,70.94,Prefer not to say,Bachelor's Degree,Employed
6007,31,42739,4.3,50,34.05,Male,Associate Degree,Self-employed
6008,19,62071,4.23,50,60.4,Prefer not to say,Master's Degree,Student
6009,46,45079,4.14,41,71.23,Non-binary,Associate Degree,Retired
6010,26,51657,1.52,73,43.05,Prefer not to say,High School,Unemployed
6011,34,72730,2.59,37,19.34,Prefer not to say,Master's Degree,Retired
6012,39,61464,4.94,27,86.08,Non-binary,Doctorate,Unemployed
6013,36,31380,4.96,29,9.35,Prefer not to say,Doctorate,Retired
6014,45,41412,3.41,37,82.95,Prefer not to say,Master's Degree,Self-employed
6015,39,68843,3.84,55,83.67,Non-binary,Doctorate,Self-employed
6016,26,52128,4.81,38,57.1,Prefer not to say,High School,Employed
6017,56,32767,2.8,55,62.95,Prefer not to say,Bachelor's Degree,Retired
6018,36,37715,1.55,44,35.8,Female,Bachelor's Degree,Employed
6019,33,60552,3.68,50,84.16,Non-binary,High School,Retired
6020,44,64916,4.84,43,26.37,Female,Doctorate,Self-employed
6021,37,50267,3.79,43,55.98,Non-binary,Bachelor's Degree,Employed
6022,38,87129,4.21,47,0.18,Male,Doctorate,Unemployed
6023,59,62362,2.69,34,93.98,Female,Doctorate,Self-employed
6024,32,46347,1.39,34,94.83,Male,Associate Degree,Student
6025,31,37764,1.68,43,71.04,Prefer not to say,Bachelor's Degree,Self-employed
6026,36,35376,4.93,59,42.32,Male,Doctorate,Self-employed
6027,45,55031,2.97,24,17.86,Prefer not to say,Associate Degree,Student
6028,19,42668,1.05,19,49.25,Male,High School,Retired
6029,18,75106,4.82,37,79.14,Prefer not to say,Bachelor's Degree,Student
6030,29,71994,2.99,50,60.53,Prefer not to say,High School,Retired
6031,18,59495,4.35,40,52.75,Male,High School,Employed
6032,30,32315,3.19,28,84.94,Female,Master's Degree,Employed
6033,40,39916,1.41,40,31.31,Non-binary,Bachelor's Degree,Employed
6034,26,68835,3.46,22,86,Female,High School,Student
6035,20,41554,4.99,46,43.95,Male,High School,Retired
6036,35,66832,1.14,36,0.24,Prefer not to say,High School,Unemployed
6037,43,57119,4.37,39,73.19,Male,Doctorate,Self-employed
6038,18,50775,1.94,44,87.78,Non-binary,Bachelor's Degree,Student
6039,43,39457,2.58,42,48.44,Male,Bachelor's Degree,Employed
6040,43,48586,2.49,34,45.47,Female,Bachelor's Degree,Unemployed
6041,44,52844,4.6,50,80.54,Prefer not to say,Bachelor's Degree,Retired
6042,47,65488,3.02,47,88.48,Female,Bachelor's Degree,Retired
6043,57,36713,2.79,22,97.44,Prefer not to say,High School,Retired
6044,31,46057,4.27,37,34.57,Female,Associate Degree,Student
6045,36,50672,1.2,29,59.47,Female,Master's Degree,Self-employed
6046,30,59940,1.35,27,82.29,Male,Bachelor's Degree,Self-employed
6047,35,36373,1.09,45,53.19,Non-binary,Doctorate,Unemployed
6048,50,30251,3.75,35,46.19,Female,Associate Degree,Employed
6049,21,60109,3.1,38,57.19,Male,Doctorate,Employed
6050,26,27230,4.5,33,35.69,Prefer not to say,High School,Employed
6051,48,69274,2.99,43,19.21,Prefer not to say,Master's Degree,Employed
6052,45,47661,1.89,46,6.66,Female,High School,Unemployed
6053,31,26787,4.22,61,61,Prefer not to say,High School,Unemployed
6054,43,42793,2.18,38,37.91,Non-binary,Bachelor's Degree,Retired
6055,38,55686,4.74,25,88.3,Male,Doctorate,Student
6056,50,42009,2,34,22.3,Female,Bachelor's Degree,Self-employed
6057,35,50300,1.67,48,31.07,Non-binary,High School,Unemployed
6058,45,61101,2.97,32,97.05,Male,Master's Degree,Self-employed
6059,61,46967,1.2,25,55.63,Male,Associate Degree,Retired
6060,40,35944,1.15,32,34.68,Female,High School,Retired
6061,35,45515,2.98,34,86.09,Prefer not to say,High School,Unemployed
6062,42,71222,1.86,29,74.34,Male,High School,Employed
6063,31,75275,1.04,42,57.31,Male,Doctorate,Student
6064,58,20000,2.18,39,88.91,Prefer not to say,Associate Degree,Self-employed
6065,36,66365,2.91,47,9.4,Prefer not to say,Master's Degree,Self-employed
6066,32,53752,2.58,35,39.45,Female,High School,Retired
6067,26,63859,1.54,45,81.06,Female,Associate Degree,Self-employed
6068,45,41742,3.32,35,38.59,Male,High School,Employed
6069,43,23476,3.84,28,92.67,Prefer not to say,Associate Degree,Unemployed
6070,30,58767,3.7,34,15.25,Female,Associate Degree,Student
6071,40,35885,2.58,23,33.66,Female,Doctorate,Student
6072,19,29175,1.55,57,42.57,Prefer not to say,Doctorate,Employed
6073,36,30223,3,41,68.7,Prefer not to say,Associate Degree,Self-employed
6074,39,59013,4.56,32,19.53,Male,Bachelor's Degree,Employed
6075,52,52091,2.87,36,0.99,Prefer not to say,High School,Student
6076,27,61736,1.78,15,97.65,Female,Doctorate,Employed
6077,22,60036,1.37,54,89.88,Prefer not to say,Associate Degree,Student
6078,26,43685,4.78,53,30.02,Non-binary,Bachelor's Degree,Self-employed
6079,21,48942,3.97,41,48.35,Male,Associate Degree,Student
6080,48,42328,2.25,43,48.89,Prefer not to say,Master's Degree,Employed
6081,50,46845,2.18,27,86.92,Male,Associate Degree,Retired
6082,38,35491,4.58,28,59.71,Prefer not to say,Master's Degree,Student
6083,47,55857,1.71,23,82.64,Non-binary,Doctorate,Retired
6084,36,66126,3.14,38,91.2,Female,Doctorate,Retired
6085,34,37750,3.85,50,56.6,Female,Associate Degree,Retired
6086,31,69219,2.59,36,28.55,Female,Doctorate,Employed
6087,31,51702,1.16,43,49.87,Male,Associate Degree,Employed
6088,19,53616,1.91,49,85.09,Female,Associate Degree,Self-employed
6089,37,24508,4.61,23,58.36,Female,Master's Degree,Student
6090,34,22891,3.09,58,89.57,Male,High School,Unemployed
6091,42,52161,4.26,51,89.54,Male,Associate Degree,Retired
6092,35,61845,3.22,45,37.34,Female,High School,Student
6093,33,39929,4.77,49,44.81,Prefer not to say,Bachelor's Degree,Retired
6094,26,75051,4.64,49,67.79,Non-binary,Doctorate,Self-employed
6095,35,61024,2.93,42,11.11,Male,Bachelor's Degree,Employed
6096,42,36374,2.27,54,46.56,Non-binary,Bachelor's Degree,Unemployed
6097,23,50462,3.41,35,14.94,Non-binary,Associate Degree,Employed
6098,35,87153,3.7,44,84.8,Male,Bachelor's Degree,Self-employed
6099,37,31361,2.99,53,94.28,Non-binary,Associate Degree,Self-employed
6100,27,57924,4.29,13,14.15,Prefer not to say,Doctorate,Retired
6101,29,45158,1.73,44,66.73,Female,Doctorate,Employed
6102,37,60603,2.34,47,63.65,Prefer not to say,Bachelor's Degree,Employed
6103,23,69009,3.75,22,76.01,Non-binary,Associate Degree,Unemployed
6104,38,44206,1.99,42,69.58,Female,Master's Degree,Student
6105,26,66783,2.76,32,21.71,Male,Master's Degree,Self-employed
6106,45,83318,4.85,43,29.12,Prefer not to say,High School,Retired
6107,58,50994,3.5,39,16.52,Female,High School,Unemployed
6108,26,61773,4.8,30,92.11,Male,High School,Employed
6109,40,41143,3.89,51,52.18,Prefer not to say,Bachelor's Degree,Retired
6110,27,50288,3.9,35,97.62,Prefer not to say,Associate Degree,Self-employed
6111,45,47349,3.37,42,44.93,Prefer not to say,High School,Self-employed
6112,22,61954,1.57,53,55.27,Prefer not to say,Associate Degree,Student
6113,39,68070,3.08,30,78.93,Non-binary,Bachelor's Degree,Employed
6114,26,48355,2.01,40,79.72,Male,Associate Degree,Self-employed
6115,32,73004,4.99,35,23.11,Female,Associate Degree,Retired
6116,24,72950,2.07,37,28.83,Male,Bachelor's Degree,Retired
6117,43,62702,1.92,61,9.78,Non-binary,Master's Degree,Retired
6118,26,42259,3.5,44,80.55,Non-binary,Associate Degree,Employed
6119,40,40822,3.04,43,79.39,Female,Associate Degree,Employed
6120,31,37814,1.09,45,8.13,Female,Doctorate,Self-employed
6121,33,64237,1.52,44,25.74,Male,Doctorate,Student
6122,36,31823,4.24,21,44.99,Prefer not to say,High School,Student
6123,27,60152,2.93,62,54.18,Female,High School,Student
6124,37,33783,1.58,25,52.25,Male,Bachelor's Degree,Unemployed
6125,50,62353,2.86,57,98.31,Female,Bachelor's Degree,Employed
6126,27,50258,2.01,46,76.41,Non-binary,Doctorate,Employed
6127,46,70004,1.89,41,11.32,Non-binary,Doctorate,Self-employed
6128,49,67121,4.83,36,29.35,Prefer not to say,High School,Retired
6129,26,71525,2.45,66,34.54,Prefer not to say,Doctorate,Employed
6130,20,71912,1.19,46,31.51,Prefer not to say,Associate Degree,Student
6131,38,52154,4.88,40,78.59,Prefer not to say,Associate Degree,Unemployed
6132,29,32618,4.18,34,36.06,Female,Doctorate,Retired
6133,53,34212,2.02,33,49.24,Male,Bachelor's Degree,Retired
6134,35,20000,2.64,40,53.35,Non-binary,High School,Unemployed
6135,26,33745,4.45,30,27.04,Male,Associate Degree,Unemployed
6136,23,51032,2.43,46,32.27,Non-binary,Bachelor's Degree,Employed
6137,45,41605,3.27,33,78,Female,Doctorate,Unemployed
6138,29,47297,3.14,50,86.67,Female,High School,Self-employed
6139,35,57390,2.61,49,3.71,Prefer not to say,High School,Retired
6140,44,45439,3.56,39,60.52,Female,Bachelor's Degree,Retired
6141,30,33172,2.89,45,63.34,Non-binary,Bachelor's Degree,Student
6142,34,49201,1.08,46,73.73,Prefer not to say,Bachelor's Degree,Employed
6143,34,36522,4.26,25,69.38,Female,Doctorate,Student
6144,41,45938,1.45,57,87.74,Female,Doctorate,Employed
6145,40,70141,2.86,37,7.85,Female,Bachelor's Degree,Employed
6146,32,45942,3.32,46,38.84,Male,Doctorate,Employed
6147,35,76564,3.82,47,78.21,Female,High School,Self-employed
6148,31,71474,2.64,15,84.66,Male,Master's Degree,Unemployed
6149,20,41310,3.94,33,26.48,Prefer not to say,Doctorate,Unemployed
6150,37,33333,1.53,48,58.53,Male,High School,Self-employed
6151,53,49211,3.61,40,18.08,Non-binary,Master's Degree,Student
6152,26,67299,4.31,46,85.09,Female,Master's Degree,Employed
6153,27,42647,4.56,40,73.04,Prefer not to say,Bachelor's Degree,Self-employed
6154,26,63621,3.32,52,22.21,Non-binary,Bachelor's Degree,Student
6155,42,68126,2.25,41,62.38,Female,High School,Unemployed
6156,39,38389,1.65,54,50.93,Male,Bachelor's Degree,Retired
6157,33,39859,2.38,30,25.88,Non-binary,Master's Degree,Employed
6158,25,60689,3.16,38,89.31,Male,High School,Employed
6159,35,52277,1.79,34,14.78,Female,High School,Employed
6160,19,39709,4.81,43,46.75,Non-binary,High School,Unemployed
6161,36,44717,4.59,37,58.28,Female,Bachelor's Degree,Employed
6162,43,48942,1.13,37,82.35,Non-binary,Bachelor's Degree,Employed
6163,22,26527,3.25,32,15.02,Female,Bachelor's Degree,Unemployed
6164,19,61484,4.16,35,60.92,Male,Doctorate,Self-employed
6165,50,42819,1.98,39,0.66,Prefer not to say,Doctorate,Student
6166,28,20000,3.1,19,82.26,Male,Doctorate,Retired
6167,46,49641,2.62,16,23.47,Prefer not to say,High School,Student
6168,33,38876,1.79,40,72.09,Non-binary,Bachelor's Degree,Unemployed
6169,33,75332,3.46,12,60.19,Female,Doctorate,Unemployed
6170,39,41218,4.97,38,5.01,Female,High School,Student
6171,26,33535,2.46,36,18.32,Male,Master's Degree,Unemployed
6172,36,57618,3.21,45,26.77,Prefer not to say,Doctorate,Retired
6173,31,40093,2.31,33,88.67,Prefer not to say,High School,Employed
6174,21,38308,4.51,55,48.08,Non-binary,Associate Degree,Self-employed
6175,38,57642,4.46,48,91.35,Female,Doctorate,Retired
6176,32,34392,1.72,24,4.74,Prefer not to say,Master's Degree,Unemployed
6177,33,28140,4.6,37,0.66,Prefer not to say,High School,Self-employed
6178,22,75889,1.61,55,94.82,Female,Doctorate,Student
6179,50,58692,1.38,33,72.39,Male,Doctorate,Employed
6180,43,46036,3.61,39,78.33,Female,Associate Degree,Student
6181,44,49947,2.54,54,91.58,Prefer not to say,High School,Self-employed
6182,31,57587,3.12,34,98.45,Male,High School,Employed
6183,18,64600,3.61,51,9.77,Non-binary,High School,Student
6184,54,38660,1.21,30,15.83,Female,Bachelor's Degree,Self-employed
6185,34,55492,2.17,11,18.86,Female,Associate Degree,Employed
6186,27,42399,2.84,52,81.84,Male,High School,Unemployed
6187,39,47165,2.07,44,35.55,Prefer not to say,Associate Degree,Employed
6188,46,52410,1.2,45,59.33,Male,Bachelor's Degree,Self-employed
6189,34,49899,1.35,29,85.52,Female,High School,Retired
6190,47,61033,4.21,29,68.32,Male,Associate Degree,Self-employed
6191,45,57306,4.65,51,6.54,Male,Associate Degree,Retired
6192,24,27377,1.61,42,44.57,Non-binary,Bachelor's Degree,Student
6193,28,29632,2,38,6.75,Prefer not to say,Associate Degree,Unemployed
6194,44,44454,3.61,42,47.88,Male,Bachelor's Degree,Employed
6195,18,77429,4.82,55,21.93,Female,Doctorate,Self-employed
6196,33,37226,2.2,47,0.13,Male,Associate Degree,Unemployed
6197,20,46876,4.42,35,81.32,Prefer not to say,Bachelor's Degree,Retired
6198,30,41954,3.02,25,96.94,Prefer not to say,Master's Degree,Retired
6199,32,41689,4.83,45,96.41,Female,High School,Self-employed
6200,31,52673,1.55,30,29.92,Prefer not to say,High School,Retired
6201,29,71011,4.89,28,82.88,Female,High School,Unemployed
6202,24,56839,2.76,53,67.88,Prefer not to say,Bachelor's Degree,Unemployed
6203,57,37947,4.81,48,80.01,Male,Bachelor's Degree,Unemployed
6204,53,91298,2.83,43,84.62,Female,High School,Self-employed
6205,23,51178,3.12,27,98.03,Prefer not to say,Bachelor's Degree,Retired
6206,50,41341,4.22,57,15.17,Non-binary,Associate Degree,Retired
6207,31,71181,3.89,50,76.97,Non-binary,Associate Degree,Student
6208,36,42963,3.48,36,73.42,Female,Associate Degree,Employed
6209,34,74943,2.67,34,28.77,Non-binary,Doctorate,Employed
6210,28,36940,4.17,40,39.26,Male,High School,Retired
6211,44,71450,4.79,35,17.68,Male,Master's Degree,Retired
6212,36,53015,1.04,62,91.33,Prefer not to say,High School,Unemployed
6213,30,69365,3.35,36,87.93,Male,Associate Degree,Self-employed
6214,21,78526,4.46,29,61.4,Female,High School,Retired
6215,26,33010,3.61,55,51.16,Male,Doctorate,Student
6216,18,69136,4.2,34,23.29,Prefer not to say,Associate Degree,Student
6217,35,28866,4.58,47,78.96,Male,Doctorate,Retired
6218,23,34292,4,46,0.82,Prefer not to say,Doctorate,Employed
6219,32,37948,3.87,39,46.28,Female,Doctorate,Self-employed
6220,48,57554,4.86,30,86.06,Non-binary,Associate Degree,Student
6221,46,50495,4.45,39,61.85,Male,Doctorate,Retired
6222,34,47492,4.26,28,63.51,Prefer not to say,Doctorate,Retired
6223,34,52193,1.35,39,7.07,Female,Master's Degree,Unemployed
6224,53,58869,1.96,47,28.67,Non-binary,High School,Student
6225,40,60023,3.23,57,67.39,Non-binary,Master's Degree,Unemployed
6226,31,66412,3.84,29,4.96,Non-binary,High School,Self-employed
6227,20,77300,2.21,37,33.09,Male,Associate Degree,Self-employed
6228,38,49679,1.37,34,35.39,Non-binary,Master's Degree,Student
6229,43,42183,2.24,42,49.87,Non-binary,Bachelor's Degree,Unemployed
6230,28,59203,4.08,24,36.24,Non-binary,Associate Degree,Employed
6231,37,32836,4.51,30,45.41,Male,Associate Degree,Unemployed
6232,31,39819,4.65,23,54.7,Female,High School,Student
6233,33,64990,2.52,25,12.83,Non-binary,High School,Student
6234,18,48138,2.49,33,18.05,Female,Doctorate,Unemployed
6235,32,31877,2.63,56,83.25,Non-binary,Bachelor's Degree,Retired
6236,44,27652,2.5,43,45.98,Non-binary,Associate Degree,Retired
6237,28,50730,3.66,40,35.52,Male,Associate Degree,Employed
6238,35,67128,2.43,53,43.39,Non-binary,Master's Degree,Employed
6239,27,66928,1.08,43,17.48,Prefer not to say,High School,Employed
6240,38,51663,2.76,44,23.98,Non-binary,Master's Degree,Student
6241,32,80133,1.9,35,51.55,Female,High School,Student
6242,25,48427,1.12,33,35.89,Prefer not to say,High School,Retired
6243,48,47921,2.88,26,47.55,Male,Master's Degree,Unemployed
6244,44,20000,1.82,33,14.97,Prefer not to say,Master's Degree,Self-employed
6245,28,43289,2.81,37,15.65,Prefer not to say,Master's Degree,Unemployed
6246,39,62780,2.11,43,38.39,Prefer not to say,High School,Retired
6247,40,73459,3.41,39,37.89,Prefer not to say,Bachelor's Degree,Retired
6248,41,37546,4.96,36,88.33,Prefer not to say,Master's Degree,Retired
6249,18,56933,3.19,30,3.35,Female,High School,Retired
6250,45,65703,3.59,43,99.29,Prefer not to say,Master's Degree,Student
6251,29,50168,4.68,35,95.65,Female,Bachelor's Degree,Employed
6252,31,20000,2.5,43,54.23,Female,Bachelor's Degree,Employed
6253,61,53709,1.67,20,71.88,Female,Doctorate,Unemployed
6254,38,61421,2.13,43,93.53,Male,Doctorate,Unemployed
6255,31,35788,2.61,47,25.12,Prefer not to say,Bachelor's Degree,Retired
6256,18,46187,3.58,46,31.56,Non-binary,Master's Degree,Retired
6257,48,32667,1.02,38,11.09,Male,Doctorate,Self-employed
6258,21,20000,4.41,49,56.38,Non-binary,High School,Employed
6259,24,65405,1.3,27,15.94,Prefer not to say,Bachelor's Degree,Retired
6260,31,49943,4.6,39,93.09,Prefer not to say,Master's Degree,Unemployed
6261,49,73965,4.8,38,43.16,Non-binary,High School,Unemployed
6262,42,62859,4.96,50,91.97,Female,Bachelor's Degree,Unemployed
6263,33,44686,4.24,19,20.51,Prefer not to say,Bachelor's Degree,Self-employed
6264,38,48752,1.57,29,69.4,Non-binary,Master's Degree,Retired
6265,28,58492,3.82,57,64.76,Male,Master's Degree,Retired
6266,36,64503,1.81,15,39.97,Non-binary,Associate Degree,Retired
6267,35,54840,4.59,48,89.83,Male,Master's Degree,Self-employed
6268,44,66583,2.27,32,43.48,Male,High School,Retired
6269,44,45549,2.31,42,19.84,Prefer not to say,Doctorate,Employed
6270,39,35042,4.67,54,97.7,Male,Master's Degree,Retired
6271,31,49027,1.05,42,44.15,Prefer not to say,Master's Degree,Retired
6272,42,53077,1.78,54,20.81,Non-binary,Doctorate,Unemployed
6273,34,31976,2.69,35,36.36,Female,Doctorate,Retired
6274,24,29949,3.8,36,61.35,Male,Bachelor's Degree,Student
6275,30,56710,3.59,47,51.2,Prefer not to say,Bachelor's Degree,Self-employed
6276,35,43904,3.68,35,63.51,Female,Doctorate,Unemployed
6277,44,47512,4.52,45,66.19,Male,Doctorate,Self-employed
6278,33,44604,1.48,51,12.34,Non-binary,Doctorate,Student
6279,22,72809,3.09,48,31.49,Male,High School,Unemployed
6280,35,68926,3.9,24,74.87,Non-binary,Associate Degree,Unemployed
6281,36,31439,3.54,36,65.04,Non-binary,High School,Student
6282,36,42008,2.79,42,8.83,Non-binary,Associate Degree,Student
6283,44,62750,1.07,37,31.51,Non-binary,Bachelor's Degree,Employed
6284,45,59029,1.24,40,93.13,Prefer not to say,Doctorate,Unemployed
6285,29,49378,1.48,42,86.2,Prefer not to say,High School,Self-employed
6286,28,32935,2.37,34,67.06,Prefer not to say,Doctorate,Retired
6287,24,39761,1.47,38,7.29,Female,Doctorate,Student
6288,41,42248,2.7,28,60.71,Non-binary,Doctorate,Employed
6289,49,54154,1.71,35,1.22,Male,High School,Student
6290,31,75555,4.12,24,66.11,Female,Doctorate,Self-employed
6291,32,39696,4.49,41,73.12,Female,Bachelor's Degree,Retired
6292,49,34609,2.56,38,49.72,Female,Associate Degree,Retired
6293,40,48371,3.05,30,0.38,Female,Master's Degree,Student
6294,39,65476,4.81,57,66.66,Male,Bachelor's Degree,Retired
6295,23,28296,3.14,37,81.97,Non-binary,Associate Degree,Retired
6296,41,71804,4.98,42,58.59,Male,Master's Degree,Self-employed
6297,25,47419,1.57,33,70.92,Non-binary,Doctorate,Student
6298,23,38985,4.45,35,9.03,Female,Bachelor's Degree,Employed
6299,31,25997,2.99,43,71.53,Female,Master's Degree,Employed
6300,29,60597,1.09,36,61.42,Prefer not to say,Master's Degree,Unemployed
6301,32,47432,4.89,40,33.1,Prefer not to say,Master's Degree,Self-employed
6302,20,52560,4.86,48,68.53,Female,Doctorate,Student
6303,44,36487,2.53,34,64.56,Female,Associate Degree,Retired
6304,46,45213,4.82,26,59.95,Non-binary,Associate Degree,Self-employed
6305,18,42701,1.56,24,18.29,Female,Bachelor's Degree,Student
6306,44,48491,3.72,54,29.62,Non-binary,Doctorate,Student
6307,26,39956,1.77,49,99.14,Female,Associate Degree,Self-employed
6308,43,26987,1.99,46,43.31,Male,Bachelor's Degree,Self-employed
6309,34,90927,4.12,35,5.94,Female,Associate Degree,Self-employed
6310,35,29548,2.51,26,89.9,Non-binary,High School,Unemployed
6311,33,52721,1.03,37,17.29,Non-binary,Doctorate,Retired
6312,47,23419,2.66,39,40.35,Male,High School,Self-employed
6313,22,20044,1.91,28,27.8,Non-binary,Associate Degree,Unemployed
6314,41,51467,3.73,25,96.39,Prefer not to say,Associate Degree,Employed
6315,46,52615,1.78,22,37.81,Male,High School,Unemployed
6316,42,68922,4.37,46,70.87,Female,Doctorate,Retired
6317,58,55993,2.07,27,59.84,Female,Bachelor's Degree,Employed
6318,29,47752,2.57,43,4.3,Female,Master's Degree,Self-employed
6319,44,35755,2.19,36,38.43,Non-binary,High School,Self-employed
6320,33,72485,3.58,45,39,Female,Doctorate,Self-employed
6321,47,63932,1.4,43,98.98,Female,Doctorate,Self-employed
6322,34,31305,2.91,37,81.19,Female,Master's Degree,Employed
6323,31,50569,2.34,41,85.67,Prefer not to say,Bachelor's Degree,Unemployed
6324,48,52160,4.54,38,31.35,Prefer not to say,Bachelor's Degree,Unemployed
6325,30,44815,1.29,33,32.91,Prefer not to say,Associate Degree,Student
6326,20,61577,4.32,49,51.56,Female,Associate Degree,Unemployed
6327,29,62475,1.67,35,63.1,Female,High School,Unemployed
6328,41,47142,1.35,39,72.83,Non-binary,Bachelor's Degree,Unemployed
6329,48,45786,1.81,25,82.08,Non-binary,High School,Unemployed
6330,36,72484,1.41,42,87.32,Non-binary,Associate Degree,Unemployed
6331,48,63992,3.08,33,2.46,Non-binary,High School,Employed
6332,21,51085,4.95,35,79.61,Female,Master's Degree,Retired
6333,30,25561,1.14,31,61.08,Non-binary,High School,Retired
6334,32,55160,2.84,38,53.21,Male,Associate Degree,Student
6335,33,60471,2.54,19,62.85,Female,Associate Degree,Unemployed
6336,35,20000,2.36,46,88.19,Female,Master's Degree,Self-employed
6337,41,53778,2.33,39,54.53,Male,Master's Degree,Retired
6338,30,43749,4.58,35,16.22,Non-binary,Bachelor's Degree,Self-employed
6339,36,46687,1.08,24,43.68,Male,Master's Degree,Student
6340,34,36389,4.1,44,92.45,Non-binary,Master's Degree,Self-employed
6341,25,47777,2.01,33,81.45,Male,Bachelor's Degree,Unemployed
6342,33,70879,2.53,53,20.3,Female,Master's Degree,Unemployed
6343,33,43304,2.68,44,71.41,Non-binary,Doctorate,Employed
6344,33,64483,2.22,55,25.62,Non-binary,Doctorate,Unemployed
6345,35,37905,1.37,41,34.85,Non-binary,Doctorate,Retired
6346,35,61381,1.46,50,46.89,Female,Master's Degree,Unemployed
6347,30,50024,2.19,44,44.09,Non-binary,Associate Degree,Unemployed
6348,47,55280,4.29,35,2.93,Male,Associate Degree,Self-employed
6349,23,50107,1.54,41,77.4,Non-binary,Bachelor's Degree,Student
6350,27,59624,3.97,31,84.64,Non-binary,Associate Degree,Unemployed
6351,62,20000,2.16,60,53.09,Female,Associate Degree,Retired
6352,24,28702,4.53,38,17.3,Male,Bachelor's Degree,Student
6353,21,56256,2.71,40,24.79,Male,Doctorate,Unemployed
6354,42,20000,1.69,43,12.63,Male,Bachelor's Degree,Student
6355,18,42041,4.94,29,16.95,Non-binary,Associate Degree,Retired
6356,32,49184,1.71,53,87.64,Prefer not to say,Associate Degree,Self-employed
6357,56,37577,3.27,29,48.02,Prefer not to say,Bachelor's Degree,Self-employed
6358,19,39626,3.28,27,11.1,Non-binary,Master's Degree,Employed
6359,18,54073,2.49,38,25.47,Female,Associate Degree,Retired
6360,20,65139,4.81,27,94.95,Female,Associate Degree,Unemployed
6361,43,35623,4.38,55,50.93,Non-binary,Bachelor's Degree,Unemployed
6362,46,41374,4.32,37,51.56,Male,Associate Degree,Employed
6363,29,39031,4.9,10,52.56,Male,Master's Degree,Retired
6364,41,20000,2.83,41,11.16,Non-binary,Master's Degree,Student
6365,48,52125,1.39,45,97.03,Male,Bachelor's Degree,Student
6366,52,64020,4.06,35,8.45,Male,High School,Self-employed
6367,32,65249,2.52,26,70,Prefer not to say,Doctorate,Student
6368,18,36938,1.76,38,5.78,Prefer not to say,Master's Degree,Student
6369,26,31224,2.93,35,44.36,Non-binary,Master's Degree,Retired
6370,30,50324,4.7,30,89.97,Prefer not to say,Doctorate,Retired
6371,32,62439,1.69,29,76.84,Prefer not to say,Bachelor's Degree,Employed
6372,33,52322,4.39,41,33.47,Female,Associate Degree,Retired
6373,46,54339,2.67,49,55.13,Non-binary,Bachelor's Degree,Employed
6374,47,67127,1.55,44,16.53,Female,High School,Employed
6375,33,38912,4.39,22,95.61,Prefer not to say,High School,Unemployed
6376,45,46700,4.88,46,70.87,Prefer not to say,Doctorate,Student
6377,38,74519,2.17,47,37.43,Male,High School,Retired
6378,35,47047,2.21,53,31.79,Female,High School,Employed
6379,44,30989,2.56,30,23.86,Female,Doctorate,Student
6380,35,39959,4.26,39,78.65,Non-binary,Doctorate,Retired
6381,55,35927,1.04,45,43.46,Male,Doctorate,Student
6382,20,55357,1.9,34,33.02,Male,Doctorate,Employed
6383,29,36560,3.82,45,90.52,Male,Doctorate,Student
6384,33,54065,2.62,39,15.02,Prefer not to say,Master's Degree,Self-employed
6385,39,38959,2.32,31,26.38,Prefer not to say,Associate Degree,Student
6386,47,20000,4.49,32,34.48,Prefer not to say,Doctorate,Self-employed
6387,34,54599,4.67,52,25.99,Female,Associate Degree,Retired
6388,20,52226,4.79,30,58.54,Female,High School,Employed
6389,43,57766,2.09,28,60.1,Non-binary,Master's Degree,Student
6390,42,39905,4.65,43,5.47,Male,Doctorate,Student
6391,18,38306,3.95,39,14.45,Prefer not to say,Master's Degree,Student
6392,34,56022,1.62,26,19.85,Prefer not to say,Bachelor's Degree,Employed
6393,19,72785,3.44,34,7.03,Male,Associate Degree,Student
6394,28,50167,1.11,31,12.48,Prefer not to say,Doctorate,Retired
6395,25,56368,3.83,33,23.97,Prefer not to say,Associate Degree,Retired
6396,43,45176,3.93,65,34.56,Female,Associate Degree,Retired
6397,36,26845,4.16,36,79.13,Female,Bachelor's Degree,Retired
6398,22,64511,1.69,31,21.79,Prefer not to say,Associate Degree,Unemployed
6399,43,63626,3.51,60,67,Prefer not to say,High School,Unemployed
6400,20,60661,1.72,48,5.79,Female,Associate Degree,Retired
6401,38,47270,4.79,47,65.82,Male,Bachelor's Degree,Student
6402,26,58955,3.7,31,79.47,Male,Bachelor's Degree,Retired
6403,31,63406,1.38,51,60.48,Prefer not to say,Doctorate,Unemployed
6404,40,74302,1.75,48,20.14,Non-binary,High School,Unemployed
6405,40,64827,3.65,41,33.04,Non-binary,Associate Degree,Employed
6406,48,50957,2.91,22,80.52,Prefer not to say,Bachelor's Degree,Employed
6407,34,30376,3.95,39,43.2,Male,Bachelor's Degree,Student
6408,38,52334,2.12,57,25.52,Non-binary,Associate Degree,Employed
6409,30,53848,3.63,42,93.27,Female,Associate Degree,Self-employed
6410,36,60635,1.71,36,63.74,Non-binary,Doctorate,Self-employed
6411,39,70308,3.17,37,80.57,Female,Doctorate,Employed
6412,34,48572,4.83,38,2.45,Non-binary,High School,Self-employed
6413,18,81514,3.51,32,33.93,Male,Doctorate,Unemployed
6414,38,23610,1.2,39,45.89,Prefer not to say,Doctorate,Retired
6415,38,56290,4.96,54,58.74,Prefer not to say,Master's Degree,Retired
6416,28,38022,1.63,53,19,Prefer not to say,Associate Degree,Self-employed
6417,22,21391,3.87,32,49.8,Female,Doctorate,Unemployed
6418,49,46973,3.13,52,68.56,Prefer not to say,Master's Degree,Unemployed
6419,39,28142,2.18,47,34.59,Non-binary,Master's Degree,Employed
6420,32,47578,1.71,46,69.14,Male,Doctorate,Unemployed
6421,23,50521,1.71,44,38.97,Prefer not to say,Bachelor's Degree,Unemployed
6422,26,66778,4.43,30,46.95,Female,Doctorate,Unemployed
6423,48,27386,4.49,35,13.43,Female,Doctorate,Retired
6424,36,63626,2.86,48,65.13,Male,Associate Degree,Self-employed
6425,29,51471,1.41,27,22.43,Male,Bachelor's Degree,Employed
6426,40,65432,4.54,29,82.89,Female,High School,Employed
6427,26,43523,2.95,43,55.34,Male,Doctorate,Employed
6428,50,30016,2.76,32,56.03,Non-binary,Doctorate,Student
6429,48,31737,2.63,48,91.25,Non-binary,Associate Degree,Self-employed
6430,30,30622,2.46,32,16.74,Prefer not to say,High School,Retired
6431,28,57167,3.1,42,53.02,Prefer not to say,Master's Degree,Self-employed
6432,18,72153,3.42,43,38.22,Female,Bachelor's Degree,Employed
6433,20,41525,2.87,35,96.63,Female,High School,Retired
6434,21,59437,4.59,37,79.27,Non-binary,Doctorate,Self-employed
6435,36,27148,2.27,33,75.75,Male,Master's Degree,Unemployed
6436,31,52704,3.31,39,20.41,Prefer not to say,Associate Degree,Self-employed
6437,21,60028,2.2,30,23.73,Male,Doctorate,Unemployed
6438,32,28278,4.01,37,2.92,Prefer not to say,Associate Degree,Employed
6439,40,46941,1.41,47,63.85,Prefer not to say,Bachelor's Degree,Unemployed
6440,40,60738,1.75,28,37.08,Female,Associate Degree,Student
6441,18,20000,4.2,35,31.2,Male,High School,Retired
6442,33,70031,1.73,45,63.7,Female,High School,Unemployed
6443,21,55305,3.5,19,82.87,Male,Bachelor's Degree,Retired
6444,44,60750,4.88,58,13.3,Male,Bachelor's Degree,Unemployed
6445,42,43809,3.09,50,91.87,Prefer not to say,Bachelor's Degree,Employed
6446,26,24159,1.75,24,3.43,Male,High School,Self-employed
6447,27,58010,2.28,18,9.51,Prefer not to say,Doctorate,Unemployed
6448,30,48761,4.29,40,83.81,Prefer not to say,High School,Employed
6449,18,50481,2.41,28,49.27,Prefer not to say,Associate Degree,Unemployed
6450,38,66314,3.89,49,93.93,Non-binary,Bachelor's Degree,Student
6451,32,61430,4.11,43,46.17,Prefer not to say,Master's Degree,Retired
6452,44,78818,3,41,92.61,Female,High School,Unemployed
6453,24,52307,4.13,34,23.96,Male,Master's Degree,Employed
6454,28,39631,2.27,56,61.64,Male,Doctorate,Employed
6455,19,47173,3.06,47,99.45,Non-binary,High School,Self-employed
6456,24,56234,3.75,46,37.61,Non-binary,Doctorate,Retired
6457,23,65237,1.67,52,0.15,Non-binary,Doctorate,Self-employed
6458,44,27994,2.09,29,6.41,Female,High School,Retired
6459,28,50128,3.61,52,85.91,Prefer not to say,High School,Retired
6460,36,74143,3.62,37,49.19,Non-binary,Doctorate,Unemployed
6461,31,46396,2.97,43,53.67,Non-binary,Bachelor's Degree,Self-employed
6462,22,63965,4.18,38,79.94,Male,High School,Self-employed
6463,33,57396,2.93,21,81.16,Male,Doctorate,Self-employed
6464,40,64337,4.53,49,47.74,Non-binary,Associate Degree,Employed
6465,22,37853,3.94,21,85.81,Male,Master's Degree,Student
6466,43,37918,2.26,30,46.84,Male,Associate Degree,Unemployed
6467,26,50304,2.58,35,67.5,Prefer not to say,High School,Self-employed
6468,30,27016,3.67,20,3.34,Non-binary,High School,Retired
6469,40,45953,4.58,28,13.8,Non-binary,High School,Retired
6470,28,53793,1.71,42,85.14,Prefer not to say,High School,Unemployed
6471,35,76769,3.06,36,31.31,Non-binary,Associate Degree,Employed
6472,31,56040,1.48,37,33.47,Non-binary,Bachelor's Degree,Self-employed
6473,36,59378,2.12,30,66.3,Prefer not to say,Doctorate,Student
6474,18,67467,3.74,40,59.25,Prefer not to say,Doctorate,Employed
6475,18,35530,1.31,36,8.22,Non-binary,Doctorate,Unemployed
6476,41,47523,3.65,23,76.58,Male,Master's Degree,Self-employed
6477,45,86381,4.6,37,61.72,Prefer not to say,High School,Unemployed
6478,25,48813,4.88,27,85.53,Prefer not to say,Associate Degree,Unemployed
6479,32,66746,1.87,48,53.55,Female,Associate Degree,Unemployed
6480,37,64456,4,36,41.43,Male,Associate Degree,Unemployed
6481,41,27828,4.71,65,37.13,Non-binary,Bachelor's Degree,Student
6482,18,54657,1.37,49,0.44,Female,High School,Unemployed
6483,26,52201,2.66,38,3.98,Female,Doctorate,Retired
6484,31,54949,4.68,45,13.12,Female,Doctorate,Unemployed
6485,42,38688,1.81,19,92.95,Male,High School,Student
6486,59,33246,4.74,49,88.07,Prefer not to say,Doctorate,Unemployed
6487,32,42859,3.11,31,49.72,Non-binary,Doctorate,Self-employed
6488,20,48533,1.4,40,18.02,Male,High School,Employed
6489,39,67774,2.8,32,14.61,Female,Associate Degree,Student
6490,48,77259,2.31,33,25.61,Male,Master's Degree,Self-employed
6491,36,70948,2.13,38,90.87,Non-binary,High School,Student
6492,25,62902,3.17,40,52.15,Male,Doctorate,Employed
6493,44,34934,2.93,39,80.4,Female,Doctorate,Retired
6494,41,43866,2.93,39,50.68,Female,Master's Degree,Employed
6495,24,53148,1.35,23,60.94,Prefer not to say,Master's Degree,Retired
6496,38,40513,4.21,63,61.01,Male,Master's Degree,Unemployed
6497,44,58658,2.93,42,3.13,Non-binary,High School,Self-employed
6498,46,60807,4.28,44,44.53,Prefer not to say,Associate Degree,Student
6499,34,58044,4.3,36,86.4,Prefer not to say,Master's Degree,Retired
6500,31,65377,2.27,31,48.91,Non-binary,Bachelor's Degree,Student
6501,47,36431,1.02,41,43.53,Non-binary,Associate Degree,Employed
6502,22,63992,4.64,42,52.65,Male,Master's Degree,Unemployed
6503,39,39565,4.04,53,38.08,Female,Doctorate,Employed
6504,21,35885,1.43,60,51.54,Prefer not to say,High School,Retired
6505,45,57981,3.81,54,13.53,Prefer not to say,Doctorate,Self-employed
6506,32,68238,1.08,22,96.79,Male,Doctorate,Retired
6507,47,57320,1.11,35,3.41,Female,High School,Retired
6508,39,50312,3.1,43,48.32,Male,Associate Degree,Employed
6509,22,54652,1.38,35,21,Female,Doctorate,Retired
6510,49,52046,4.86,39,5.84,Non-binary,Associate Degree,Self-employed
6511,50,33110,4.58,18,65.17,Male,High School,Unemployed
6512,43,31360,3.6,49,98.52,Non-binary,Master's Degree,Employed
6513,27,48817,1.25,21,74.96,Male,Doctorate,Retired
6514,31,51197,2.3,24,25.4,Non-binary,Doctorate,Student
6515,36,50169,2.49,29,49.34,Female,High School,Unemployed
6516,27,60141,2.92,39,4.98,Female,High School,Employed
6517,51,46767,1.68,23,53.17,Female,Master's Degree,Self-employed
6518,36,58444,3.31,29,9.95,Prefer not to say,High School,Self-employed
6519,18,47831,2.74,51,79.46,Female,Bachelor's Degree,Unemployed
6520,38,77350,4.79,38,5.67,Male,Bachelor's Degree,Self-employed
6521,31,51210,4.74,44,0.94,Female,High School,Employed
6522,34,85110,3.26,27,86.16,Prefer not to say,Master's Degree,Employed
6523,31,55280,3.58,39,94.25,Non-binary,Bachelor's Degree,Employed
6524,43,46794,1.55,38,8.66,Prefer not to say,Doctorate,Retired
6525,46,36508,1.89,32,27.89,Prefer not to say,Master's Degree,Self-employed
6526,37,28356,4.6,39,74.17,Non-binary,High School,Retired
6527,31,35128,3.8,21,53.97,Male,Bachelor's Degree,Self-employed
6528,34,36805,1.76,44,94.92,Male,Master's Degree,Self-employed
6529,35,55922,3.28,36,38.92,Female,Doctorate,Self-employed
6530,26,42107,4.74,37,0.33,Prefer not to say,High School,Student
6531,40,52803,2.38,48,1.97,Male,Associate Degree,Retired
6532,39,69229,1.74,44,56.49,Female,Bachelor's Degree,Unemployed
6533,50,48682,4.77,36,75.21,Prefer not to say,Doctorate,Retired
6534,47,81187,2.85,28,79.06,Prefer not to say,Master's Degree,Self-employed
6535,28,32362,2.67,53,91.15,Male,Bachelor's Degree,Unemployed
6536,43,47741,2.07,26,22.91,Female,Bachelor's Degree,Unemployed
6537,25,41910,4.57,46,73.84,Non-binary,High School,Unemployed
6538,41,64047,4.38,24,82.71,Prefer not to say,Doctorate,Student
6539,29,20000,2.61,49,83.63,Female,Bachelor's Degree,Employed
6540,24,28353,1.12,50,41.15,Non-binary,Bachelor's Degree,Self-employed
6541,37,48389,2.79,20,62.6,Non-binary,Doctorate,Self-employed
6542,18,73270,1.72,44,55.16,Male,Master's Degree,Retired
6543,18,53387,1.57,43,59.75,Non-binary,High School,Unemployed
6544,33,29726,2.57,47,28.2,Prefer not to say,Bachelor's Degree,Student
6545,35,32042,1.4,43,68.32,Prefer not to say,Doctorate,Unemployed
6546,31,75094,4.83,30,71,Female,Associate Degree,Retired
6547,19,40682,1.19,37,19.59,Prefer not to say,Master's Degree,Employed
6548,26,35855,2.61,56,44.36,Male,High School,Self-employed
6549,38,72160,1.65,28,42.21,Male,Associate Degree,Unemployed
6550,40,65166,3.76,43,74.9,Prefer not to say,Master's Degree,Self-employed
6551,34,69110,1.32,51,66.65,Female,Bachelor's Degree,Retired
6552,46,35749,3.19,30,47.62,Male,High School,Employed
6553,38,27123,4.09,25,65.25,Female,Master's Degree,Student
6554,27,51997,4.8,27,26.29,Prefer not to say,Master's Degree,Employed
6555,32,55026,3.79,43,23.23,Non-binary,Master's Degree,Student
6556,20,55469,1.4,27,23.99,Male,Master's Degree,Unemployed
6557,33,72172,1.35,38,2.95,Non-binary,Associate Degree,Employed
6558,46,23993,3.93,53,69.11,Male,High School,Unemployed
6559,41,62895,1.86,39,98.58,Prefer not to say,Bachelor's Degree,Employed
6560,49,33550,2.79,32,30.9,Female,High School,Unemployed
6561,31,62836,4.91,41,92.98,Female,Associate Degree,Retired
6562,48,42875,4.28,39,60.65,Female,High School,Retired
6563,33,37790,4.39,44,22.49,Prefer not to say,Associate Degree,Student
6564,49,40851,4.44,56,1.19,Female,Associate Degree,Employed
6565,34,28315,3.48,43,72.37,Male,Associate Degree,Employed
6566,42,50606,3.98,60,69.66,Non-binary,Associate Degree,Student
6567,49,38409,2.44,44,22.93,Prefer not to say,Master's Degree,Unemployed
6568,33,61794,4.99,32,33.27,Non-binary,High School,Employed
6569,37,59600,2.12,62,89.8,Male,Doctorate,Student
6570,47,75322,3.36,38,15.72,Male,Associate Degree,Student
6571,33,55494,2.13,29,83.54,Non-binary,Associate Degree,Employed
6572,21,57810,1.45,63,16.92,Non-binary,High School,Self-employed
6573,56,71001,3.27,32,48.17,Male,Master's Degree,Unemployed
6574,30,40585,2.41,32,49.9,Male,Bachelor's Degree,Self-employed
6575,36,27676,3.33,34,47.21,Male,Associate Degree,Self-employed
6576,46,53001,3.23,41,28.79,Male,Master's Degree,Unemployed
6577,28,28660,3.17,49,25.34,Male,Master's Degree,Retired
6578,24,86809,1.49,13,73.32,Non-binary,Doctorate,Employed
6579,37,71832,2.76,49,27.57,Non-binary,Associate Degree,Student
6580,18,82459,4.25,34,60.99,Prefer not to say,Master's Degree,Employed
6581,32,50936,2.26,35,84.66,Female,Doctorate,Self-employed
6582,37,58258,2.78,57,83.7,Female,Master's Degree,Retired
6583,32,43107,2.98,42,16.72,Non-binary,Doctorate,Retired
6584,19,63243,4.45,44,65.47,Non-binary,Doctorate,Employed
6585,50,31766,3.62,39,60.23,Female,Doctorate,Self-employed
6586,36,20000,1.4,47,28.2,Female,Master's Degree,Unemployed
6587,49,38139,4.46,56,39.15,Female,Bachelor's Degree,Student
6588,32,28167,4.33,15,28.51,Prefer not to say,High School,Retired
6589,26,72168,4.01,50,53.71,Male,Doctorate,Student
6590,37,77235,2.86,55,80.36,Female,Associate Degree,Self-employed
6591,32,28956,4.03,45,87.75,Male,High School,Employed
6592,23,69375,2.91,33,72.28,Prefer not to say,Bachelor's Degree,Self-employed
6593,49,64270,3.95,28,48.35,Male,High School,Retired
6594,28,26453,4.52,63,95.81,Female,High School,Employed
6595,18,44145,4.56,30,56.39,Non-binary,Bachelor's Degree,Student
6596,48,41297,2.82,55,47.85,Prefer not to say,Associate Degree,Retired
6597,29,61219,4.44,43,85.68,Female,Doctorate,Employed
6598,28,31568,1.41,60,18.46,Female,Master's Degree,Employed
6599,18,48516,1.41,36,15.79,Female,Associate Degree,Student
6600,52,39710,3.19,23,78.25,Female,Associate Degree,Self-employed
6601,22,57100,3.61,40,87.06,Prefer not to say,Doctorate,Self-employed
6602,35,46748,1.61,25,7.28,Female,Associate Degree,Self-employed
6603,44,41971,2.89,66,76.41,Male,Associate Degree,Retired
6604,39,46800,1.38,46,42.45,Female,High School,Employed
6605,34,80540,3.41,47,70.37,Prefer not to say,High School,Unemployed
6606,18,43746,4.42,47,13.5,Non-binary,Bachelor's Degree,Unemployed
6607,26,34384,3.95,33,97.3,Non-binary,Bachelor's Degree,Student
6608,36,58751,2.51,38,88.13,Male,Bachelor's Degree,Employed
6609,27,47847,4.98,41,40.6,Male,Master's Degree,Retired
6610,37,28771,3.65,59,89.34,Female,Doctorate,Employed
6611,41,83472,4.26,28,89.49,Female,Master's Degree,Student
6612,44,44712,3.68,32,46.13,Male,Master's Degree,Unemployed
6613,22,44331,4.96,36,94.69,Non-binary,Bachelor's Degree,Retired
6614,56,52397,4.29,33,97.69,Prefer not to say,Doctorate,Unemployed
6615,42,75951,3.08,25,21.72,Female,Master's Degree,Self-employed
6616,34,24803,2.47,12,6.67,Prefer not to say,High School,Student
6617,45,54139,3.73,21,33.11,Non-binary,Master's Degree,Unemployed
6618,58,81309,3.36,50,48.88,Male,High School,Retired
6619,20,51930,3.52,39,9.27,Non-binary,Master's Degree,Employed
6620,32,31469,2.37,48,14.07,Prefer not to say,Doctorate,Student
6621,18,40724,2.71,34,97.17,Non-binary,High School,Unemployed
6622,36,53103,3.23,39,73.73,Non-binary,High School,Self-employed
6623,38,69962,4.36,56,87.49,Female,Bachelor's Degree,Unemployed
6624,34,44909,4.05,55,97.12,Male,High School,Retired
6625,28,62399,1.47,49,37.81,Prefer not to say,Master's Degree,Self-employed
6626,18,28469,1.98,42,68.79,Prefer not to say,Master's Degree,Self-employed
6627,38,28344,1.11,45,18.4,Female,Bachelor's Degree,Student
6628,49,42757,1.03,43,55.17,Non-binary,Associate Degree,Retired
6629,29,71570,1.9,38,20.99,Prefer not to say,High School,Retired
6630,39,51033,4.2,35,16.04,Female,High School,Self-employed
6631,19,54347,4.62,51,9.84,Prefer not to say,High School,Employed
6632,39,54171,2.57,27,57.97,Female,Master's Degree,Employed
6633,31,66638,3.25,54,94.99,Female,Doctorate,Student
6634,27,40846,3.82,37,12.22,Male,Doctorate,Student
6635,27,60324,4.81,26,50.23,Male,Doctorate,Student
6636,31,37536,4.65,34,68.71,Non-binary,Bachelor's Degree,Student
6637,38,79749,1.23,31,49.59,Female,Bachelor's Degree,Self-employed
6638,21,37994,1.99,34,91.18,Prefer not to say,Master's Degree,Student
6639,31,36764,1.2,34,16.63,Non-binary,Doctorate,Employed
6640,34,58245,3.47,33,2.42,Female,Associate Degree,Unemployed
6641,24,51196,3.84,36,38.31,Non-binary,High School,Employed
6642,52,54902,2.23,39,55.55,Prefer not to say,Doctorate,Student
6643,26,53409,4.42,47,25.45,Prefer not to say,Associate Degree,Self-employed
6644,28,33644,2.81,37,16.84,Male,High School,Retired
6645,25,74200,4.99,43,80.48,Non-binary,High School,Unemployed
6646,52,63403,1,40,18.86,Male,Bachelor's Degree,Unemployed
6647,40,70384,1.44,45,44.27,Female,Associate Degree,Student
6648,25,42075,2.21,40,95.45,Female,Doctorate,Student
6649,46,56247,1.1,33,61.27,Prefer not to say,Doctorate,Unemployed
6650,37,52960,4.13,30,49.77,Female,Master's Degree,Self-employed
6651,37,66920,1.21,42,36.03,Non-binary,Associate Degree,Unemployed
6652,31,67403,4,52,52.04,Prefer not to say,High School,Self-employed
6653,27,52895,1.21,37,73.43,Prefer not to say,Bachelor's Degree,Employed
6654,38,27230,2.01,32,82.25,Non-binary,Master's Degree,Student
6655,29,76694,4.37,37,64.98,Non-binary,Bachelor's Degree,Self-employed
6656,53,58339,4.8,34,79.03,Male,High School,Unemployed
6657,22,40873,2.66,33,8.84,Female,High School,Employed
6658,50,56098,4.88,25,1.44,Prefer not to say,Bachelor's Degree,Unemployed
6659,33,27333,3.51,37,73.44,Female,Master's Degree,Employed
6660,37,65830,2.66,42,26.17,Male,High School,Retired
6661,43,27931,4.21,29,87.77,Male,Doctorate,Employed
6662,28,46687,2.18,31,53.59,Prefer not to say,Doctorate,Self-employed
6663,43,53666,2.06,30,47.85,Female,Doctorate,Retired
6664,18,65582,3.63,26,77.28,Female,Master's Degree,Employed
6665,27,51598,2.56,30,74.11,Prefer not to say,Master's Degree,Employed
6666,25,59524,1.54,38,70.43,Prefer not to say,Associate Degree,Self-employed
6667,22,49577,1.27,26,68.99,Male,Associate Degree,Student
6668,32,49517,4.15,38,51.54,Prefer not to say,Doctorate,Student
6669,38,51282,3.7,32,92.65,Male,Bachelor's Degree,Student
6670,42,47164,2.65,30,89.06,Female,Bachelor's Degree,Retired
6671,37,24701,4.58,43,32.94,Female,Doctorate,Student
6672,28,38475,2.64,33,80.47,Male,Associate Degree,Retired
6673,38,53671,3.84,35,89.11,Female,Master's Degree,Student
6674,36,46263,4.64,52,61.83,Prefer not to say,Bachelor's Degree,Self-employed
6675,44,47662,4.36,30,55.56,Male,Master's Degree,Retired
6676,42,45149,3.04,55,67.19,Female,Doctorate,Student
6677,35,37046,3.72,36,16.31,Non-binary,Master's Degree,Unemployed
6678,26,42603,2.65,28,8.73,Non-binary,Bachelor's Degree,Student
6679,28,45397,3.59,34,82.02,Female,Associate Degree,Unemployed
6680,29,50077,2.03,40,57.33,Prefer not to say,Bachelor's Degree,Unemployed
6681,31,55900,2.74,52,12.25,Male,High School,Employed
6682,37,47291,1.84,47,41.63,Non-binary,Master's Degree,Student
6683,42,34555,1.15,40,29.82,Prefer not to say,Master's Degree,Employed
6684,34,29028,3.35,52,87.55,Male,Master's Degree,Employed
6685,35,88961,4.46,21,50.72,Non-binary,Doctorate,Retired
6686,36,33052,1.1,42,57.75,Non-binary,Doctorate,Unemployed
6687,29,42220,1.78,43,23.53,Non-binary,Bachelor's Degree,Employed
6688,25,57755,2.84,43,79.91,Female,Associate Degree,Student
6689,18,55412,3.66,23,93.01,Female,High School,Self-employed
6690,28,57812,1.68,29,79.25,Prefer not to say,Associate Degree,Student
6691,39,43359,1.23,38,49.29,Male,Associate Degree,Unemployed
6692,27,53578,3.08,51,83.51,Female,High School,Retired
6693,32,50920,4.27,59,18.8,Male,Doctorate,Student
6694,39,45318,1.14,33,11.34,Non-binary,Master's Degree,Student
6695,40,53681,2.4,26,43.82,Female,Doctorate,Employed
6696,24,65830,3.65,48,18.15,Non-binary,Master's Degree,Student
6697,44,49666,1.52,66,25.92,Male,Master's Degree,Unemployed
6698,46,49766,1.94,51,58.51,Female,Doctorate,Self-employed
6699,23,66022,3.14,32,40.39,Female,Associate Degree,Employed
6700,26,64420,4.81,68,86.59,Non-binary,Master's Degree,Student
6701,46,73759,2.15,46,22.56,Prefer not to say,Doctorate,Self-employed
6702,33,23656,2.95,32,99.68,Female,Associate Degree,Student
6703,18,63576,2.6,59,35.94,Male,High School,Retired
6704,21,59023,4.59,31,51.54,Female,Master's Degree,Unemployed
6705,32,36715,1.29,33,13.23,Non-binary,Associate Degree,Retired
6706,23,53773,3.26,47,57.93,Male,Master's Degree,Employed
6707,30,65766,4.38,39,96.13,Female,Associate Degree,Self-employed
6708,35,37562,4.95,40,74.94,Non-binary,High School,Retired
6709,49,56638,3.79,40,24.41,Non-binary,Master's Degree,Student
6710,32,63070,2.52,51,44.26,Prefer not to say,Doctorate,Retired
6711,45,33934,2.65,16,42.54,Non-binary,Associate Degree,Self-employed
6712,49,47865,2.41,42,9.79,Non-binary,High School,Student
6713,49,54514,3.41,37,88.59,Prefer not to say,Master's Degree,Employed
6714,37,38058,3.96,32,38.15,Prefer not to say,High School,Retired
6715,18,36812,4.28,32,49.43,Prefer not to say,High School,Unemployed
6716,39,47974,2.67,13,29.12,Prefer not to say,Master's Degree,Self-employed
6717,45,62024,3.87,32,15.24,Non-binary,Master's Degree,Unemployed
6718,34,59656,4.66,52,90.21,Male,Associate Degree,Student
6719,52,37078,4.68,48,3.74,Non-binary,Doctorate,Unemployed
6720,43,59782,3.82,38,39.99,Non-binary,High School,Self-employed
6721,40,37460,3.55,25,73.07,Female,Master's Degree,Self-employed
6722,45,25847,3.13,48,30.89,Male,High School,Unemployed
6723,38,44492,1.73,53,44.6,Non-binary,Associate Degree,Unemployed
6724,18,66844,1.49,50,56.45,Female,Associate Degree,Student
6725,30,59839,2.94,30,99.51,Male,Associate Degree,Unemployed
6726,46,49976,1.64,31,75.83,Male,Doctorate,Self-employed
6727,26,43749,3.31,56,96.71,Non-binary,Bachelor's Degree,Unemployed
6728,32,44153,3.58,27,69.31,Male,Bachelor's Degree,Employed
6729,24,51631,3.1,44,26.91,Female,Bachelor's Degree,Self-employed
6730,52,33973,1.15,22,28.75,Male,Doctorate,Self-employed
6731,51,44778,1.23,36,82.25,Non-binary,Doctorate,Student
6732,26,46766,1.45,45,42.77,Prefer not to say,High School,Student
6733,36,29733,1.61,39,37.02,Non-binary,High School,Retired
6734,28,37423,4.96,45,94.51,Prefer not to say,Associate Degree,Student
6735,41,56157,2.38,27,1.32,Female,Doctorate,Employed
6736,40,50142,2.17,31,52.5,Male,Bachelor's Degree,Student
6737,43,45368,1.21,44,77.51,Female,Bachelor's Degree,Retired
6738,38,36328,3.54,46,73.62,Male,High School,Self-employed
6739,64,73652,3.61,42,36.76,Male,Associate Degree,Student
6740,24,37430,1.7,49,53.56,Male,Associate Degree,Retired
6741,18,53773,4.68,23,0.56,Prefer not to say,Master's Degree,Student
6742,31,42681,4.2,35,53.48,Male,Doctorate,Student
6743,19,50544,1.92,58,59.04,Prefer not to say,Bachelor's Degree,Self-employed
6744,20,56864,2.94,52,87.48,Non-binary,Bachelor's Degree,Retired
6745,24,29446,2.83,46,21.07,Prefer not to say,High School,Student
6746,25,49900,2.39,38,82.51,Non-binary,High School,Self-employed
6747,25,67860,4.27,50,71.81,Prefer not to say,Doctorate,Retired
6748,40,76422,1.44,44,66.6,Female,High School,Unemployed
6749,29,48049,2.66,24,39.44,Male,High School,Retired
6750,33,50625,2.71,49,36.74,Female,Bachelor's Degree,Student
6751,43,83169,2.87,31,70.33,Female,Doctorate,Student
6752,27,67023,4.45,47,99.02,Prefer not to say,Bachelor's Degree,Retired
6753,32,40740,1.87,23,40.54,Prefer not to say,Bachelor's Degree,Self-employed
6754,38,40715,1.41,55,91.86,Non-binary,High School,Retired
6755,18,64348,3.47,37,58.65,Female,Bachelor's Degree,Student
6756,18,34834,1.7,28,86.82,Female,Doctorate,Student
6757,38,66315,1.3,33,21.72,Prefer not to say,High School,Employed
6758,39,55014,2.71,36,76.22,Female,Doctorate,Self-employed
6759,55,57765,1.88,39,83.49,Male,Associate Degree,Employed
6760,36,46148,2.44,53,83.22,Male,Doctorate,Student
6761,43,40552,2.04,40,78.47,Prefer not to say,Doctorate,Self-employed
6762,33,71929,1.37,18,30.42,Female,Master's Degree,Self-employed
6763,37,46298,3.24,27,52.2,Female,Doctorate,Self-employed
6764,51,43835,1.11,67,29.97,Male,Bachelor's Degree,Retired
6765,18,48797,4.87,41,34.3,Prefer not to say,Bachelor's Degree,Retired
6766,39,52895,2.37,49,30.12,Male,High School,Student
6767,56,34537,3.78,36,28.42,Female,Associate Degree,Self-employed
6768,37,41526,4.24,29,69.34,Prefer not to say,High School,Self-employed
6769,51,40729,2.12,35,65.03,Female,Doctorate,Self-employed
6770,28,62679,3.99,41,20.43,Prefer not to say,Doctorate,Retired
6771,34,36710,4.33,35,69.15,Male,Bachelor's Degree,Student
6772,35,23663,1.97,59,29.11,Male,Doctorate,Self-employed
6773,18,20493,4.97,33,20.17,Prefer not to say,Doctorate,Self-employed
6774,23,27944,1.08,29,74.73,Prefer not to say,Bachelor's Degree,Unemployed
6775,24,70423,1.87,48,36.29,Male,Associate Degree,Employed
6776,43,50243,4.12,49,56.94,Male,Doctorate,Retired
6777,43,57518,1.78,40,20.01,Female,Master's Degree,Unemployed
6778,38,58047,3.79,33,61.37,Prefer not to say,Associate Degree,Student
6779,43,50842,4.42,20,20.8,Prefer not to say,Associate Degree,Employed
6780,33,48878,4.84,52,16.69,Prefer not to say,Bachelor's Degree,Student
6781,47,65667,2.9,48,38.65,Male,High School,Retired
6782,35,52189,4.88,35,79.01,Male,Doctorate,Student
6783,35,70986,2.65,40,17.65,Male,Doctorate,Self-employed
6784,32,59312,1.87,37,11.7,Non-binary,High School,Self-employed
6785,41,40733,3.06,56,3.16,Non-binary,Doctorate,Student
6786,30,42542,3.6,29,41.6,Male,Master's Degree,Student
6787,44,39088,2.83,33,28.2,Prefer not to say,High School,Student
6788,23,68263,3.27,32,29.21,Prefer not to say,Bachelor's Degree,Student
6789,24,43924,2.67,43,98.19,Prefer not to say,High School,Self-employed
6790,41,38022,3.1,40,19.41,Female,Associate Degree,Unemployed
6791,34,54796,4.81,42,45.84,Male,Bachelor's Degree,Unemployed
6792,30,48542,3,31,98.64,Prefer not to say,Associate Degree,Student
6793,43,54418,2.01,54,3.06,Prefer not to say,Bachelor's Degree,Student
6794,28,78347,4.03,35,69.67,Male,High School,Employed
6795,32,63696,2.35,51,37.11,Male,Associate Degree,Student
6796,48,50405,4.26,71,90.61,Male,Bachelor's Degree,Unemployed
6797,50,28873,1.23,31,91.19,Non-binary,Doctorate,Retired
6798,50,42500,2.33,43,38.72,Male,Associate Degree,Retired
6799,32,60665,1.38,38,22.15,Male,Master's Degree,Student
6800,47,32434,1.34,60,42.8,Non-binary,Bachelor's Degree,Student
6801,25,82114,3.63,37,96.53,Male,Doctorate,Retired
6802,25,50216,2.54,42,28.14,Prefer not to say,Doctorate,Employed
6803,18,50732,4.49,42,98.13,Prefer not to say,High School,Unemployed
6804,51,40000,3.07,38,81.94,Prefer not to say,High School,Student
6805,26,57451,2.18,47,26.75,Prefer not to say,Associate Degree,Student
6806,33,32629,3.88,40,79.11,Prefer not to say,Associate Degree,Employed
6807,25,82473,3.5,44,4.98,Female,Master's Degree,Unemployed
6808,41,69760,4.2,42,54.81,Non-binary,Doctorate,Student
6809,31,64764,3.57,33,35.73,Male,Bachelor's Degree,Unemployed
6810,21,29143,1.67,37,42.69,Prefer not to say,Master's Degree,Unemployed
6811,39,53081,3.68,45,47.29,Prefer not to say,Master's Degree,Retired
6812,20,68136,2.57,45,50.27,Prefer not to say,Master's Degree,Student
6813,26,58896,2.85,52,65.64,Female,Bachelor's Degree,Retired
6814,18,34968,4.69,58,69.68,Male,Master's Degree,Unemployed
6815,20,40248,2.44,34,97.57,Male,High School,Student
6816,36,43220,3.45,41,76.28,Prefer not to say,High School,Self-employed
6817,18,40948,2.45,38,68.78,Female,High School,Self-employed
6818,20,72931,1.38,28,39.25,Female,Master's Degree,Employed
6819,34,21184,2.81,45,11.78,Prefer not to say,Master's Degree,Retired
6820,29,59838,3.39,47,5.88,Prefer not to say,Doctorate,Unemployed
6821,54,30615,2.63,29,47.77,Female,Associate Degree,Self-employed
6822,53,35581,2.56,36,66.83,Male,Doctorate,Student
6823,26,20000,4.28,35,65.02,Female,High School,Unemployed
6824,40,41764,1.12,24,95.29,Female,Associate Degree,Employed
6825,42,72660,2.18,39,38.24,Male,Doctorate,Unemployed
6826,29,53972,4.25,28,62.78,Male,Bachelor's Degree,Employed
6827,20,32024,4.68,41,88.79,Male,Bachelor's Degree,Unemployed
6828,34,65257,2.65,42,40.41,Male,Bachelor's Degree,Student
6829,33,68469,4.56,43,47.77,Non-binary,High School,Retired
6830,30,51560,1.8,44,92.3,Male,Associate Degree,Self-employed
6831,39,80521,1.89,55,55.02,Female,High School,Unemployed
6832,27,62323,4.38,31,79.96,Female,Bachelor's Degree,Unemployed
6833,23,60239,4.61,32,93.56,Male,Master's Degree,Student
6834,36,37949,1.89,46,57.11,Female,High School,Student
6835,38,59410,1.24,38,10.92,Female,Associate Degree,Self-employed
6836,23,53251,1.36,51,82.17,Non-binary,High School,Unemployed
6837,44,57797,2.05,45,81.78,Non-binary,Associate Degree,Student
6838,18,39731,4.05,59,11.5,Prefer not to say,Master's Degree,Retired
6839,29,51921,3.04,39,54.81,Prefer not to say,Doctorate,Employed
6840,32,37747,2.82,25,48.71,Male,Associate Degree,Employed
6841,28,20000,3.34,43,84.72,Non-binary,Associate Degree,Student
6842,29,64974,4.56,39,27.46,Prefer not to say,Bachelor's Degree,Self-employed
6843,53,27464,1.36,45,42.63,Female,Bachelor's Degree,Student
6844,26,51607,3.78,46,60.48,Prefer not to say,Master's Degree,Student
6845,59,54995,4.71,34,51.72,Male,High School,Employed
6846,39,54898,1.85,29,95.5,Prefer not to say,Doctorate,Student
6847,35,45753,4.35,38,96.07,Male,Doctorate,Self-employed
6848,39,54068,3.79,16,8.16,Prefer not to say,Master's Degree,Employed
6849,60,57064,1.06,40,29.78,Prefer not to say,Doctorate,Employed
6850,25,61024,1.93,35,0.75,Female,High School,Employed
6851,23,76001,3.42,48,41.79,Female,Bachelor's Degree,Retired
6852,27,53512,3.01,20,66.21,Female,Master's Degree,Unemployed
6853,35,50960,3.11,40,47.13,Female,Doctorate,Student
6854,18,36399,1.93,55,6.72,Non-binary,Master's Degree,Retired
6855,35,56539,3.7,46,19.6,Prefer not to say,Master's Degree,Student
6856,51,60010,2.07,49,17.33,Female,Associate Degree,Self-employed
6857,36,47115,2.56,43,51.11,Male,Associate Degree,Unemployed
6858,32,58169,2.48,23,67.77,Non-binary,Master's Degree,Student
6859,28,45612,3.69,41,31.63,Male,Associate Degree,Student
6860,43,60064,1.36,44,13.05,Female,Doctorate,Unemployed
6861,26,63689,1.82,29,79.86,Prefer not to say,Master's Degree,Self-employed
6862,53,63479,1.8,38,85.84,Prefer not to say,Associate Degree,Self-employed
6863,54,51767,1.43,10,27.65,Prefer not to say,Doctorate,Student
6864,37,34400,1.83,36,42.07,Female,Bachelor's Degree,Unemployed
6865,34,40821,3.43,35,8.19,Male,Bachelor's Degree,Employed
6866,45,58927,3.93,54,22.77,Prefer not to say,Master's Degree,Employed
6867,45,86732,3.64,33,76.7,Male,High School,Retired
6868,26,44889,2.9,37,36.52,Female,Doctorate,Unemployed
6869,29,56837,1.21,39,60.47,Prefer not to say,Master's Degree,Self-employed
6870,21,41659,4.84,34,94.62,Non-binary,Associate Degree,Retired
6871,39,35390,1.67,47,72.36,Female,Bachelor's Degree,Self-employed
6872,41,39855,3.67,20,45.35,Non-binary,Associate Degree,Retired
6873,21,20000,4.65,51,36.69,Female,Doctorate,Self-employed
6874,30,70301,3.79,39,19.05,Non-binary,Master's Degree,Student
6875,21,20000,1.87,53,75.61,Female,Bachelor's Degree,Self-employed
6876,26,46042,2.26,12,11.24,Male,Doctorate,Unemployed
6877,40,32328,1.12,15,6.14,Male,Bachelor's Degree,Retired
6878,27,36734,3.45,37,10.48,Prefer not to say,Bachelor's Degree,Employed
6879,31,70647,3.45,45,24.29,Prefer not to say,Master's Degree,Student
6880,18,53016,3.9,34,62.71,Prefer not to say,Master's Degree,Self-employed
6881,36,35519,1.04,45,86.13,Female,High School,Employed
6882,34,41157,4.27,49,99.26,Prefer not to say,High School,Retired
6883,27,38517,3.95,46,73.15,Female,High School,Student
6884,33,49346,1.56,41,14.6,Non-binary,High School,Student
6885,36,52593,2.39,40,27.77,Non-binary,Associate Degree,Student
6886,26,78433,3.55,33,13.2,Female,High School,Employed
6887,20,21255,2.98,39,11.56,Non-binary,Associate Degree,Retired
6888,53,49477,1.46,29,56.77,Male,Bachelor's Degree,Self-employed
6889,28,45266,1.35,32,90.67,Male,Associate Degree,Retired
6890,34,64198,4.13,45,68.43,Female,Bachelor's Degree,Student
6891,45,55322,1.62,35,80.07,Male,High School,Retired
6892,70,58855,1.69,32,50.81,Non-binary,Associate Degree,Self-employed
6893,22,55176,4.32,44,47.53,Prefer not to say,Bachelor's Degree,Retired
6894,39,36020,3.45,43,93.75,Prefer not to say,High School,Student
6895,27,68168,3.42,37,72.2,Female,Bachelor's Degree,Student
6896,29,61977,2.92,38,45.93,Male,Master's Degree,Self-employed
6897,27,63732,3.28,44,33.26,Prefer not to say,Bachelor's Degree,Unemployed
6898,23,68960,3.41,49,9.31,Prefer not to say,High School,Retired
6899,34,56265,4.87,42,82.1,Prefer not to say,Doctorate,Student
6900,20,72214,1.89,28,16.93,Female,Master's Degree,Retired
6901,44,55664,1.86,37,51.5,Male,Associate Degree,Self-employed
6902,35,46714,1.23,35,63.73,Male,Master's Degree,Employed
6903,39,49900,3.63,29,74.41,Prefer not to say,High School,Employed
6904,30,49642,3.2,44,8.33,Male,Bachelor's Degree,Student
6905,31,42209,1.44,45,1.07,Male,Doctorate,Self-employed
6906,37,74478,2.46,47,70.6,Prefer not to say,High School,Self-employed
6907,23,54444,1.71,30,45.44,Female,Bachelor's Degree,Retired
6908,31,51421,2.33,41,18.11,Prefer not to say,High School,Student
6909,26,55824,4.81,39,98.2,Male,Doctorate,Employed
6910,26,94697,3.73,43,79.14,Male,Bachelor's Degree,Self-employed
6911,18,33024,1.03,41,57.85,Male,Doctorate,Self-employed
6912,48,37324,2.01,39,70.21,Female,Bachelor's Degree,Employed
6913,28,29291,1.04,38,15.5,Male,Master's Degree,Retired
6914,46,46511,3.86,51,96.22,Male,High School,Retired
6915,45,53682,2.88,31,99.64,Male,Associate Degree,Retired
6916,22,43020,4.98,38,64.84,Female,Associate Degree,Retired
6917,24,41904,3.93,50,66.83,Prefer not to say,High School,Student
6918,60,52136,3.07,31,70.45,Male,Associate Degree,Retired
6919,52,42468,4.22,32,66.58,Male,Doctorate,Retired
6920,34,54652,3.82,47,43.85,Female,Associate Degree,Student
6921,37,66713,1.98,25,54.07,Non-binary,High School,Self-employed
6922,28,60155,3.12,46,28.27,Female,Master's Degree,Unemployed
6923,39,63215,3.22,35,44.68,Non-binary,High School,Retired
6924,27,66288,2.8,44,43.61,Non-binary,High School,Unemployed
6925,18,54242,1.72,27,28.81,Non-binary,Bachelor's Degree,Employed
6926,21,47620,1.89,51,78.67,Non-binary,Associate Degree,Unemployed
6927,35,38416,2.12,27,40.97,Non-binary,Associate Degree,Employed
6928,23,44132,1.04,47,55.17,Female,Bachelor's Degree,Unemployed
6929,34,42144,4.67,28,15.61,Male,Doctorate,Retired
6930,24,60975,3.74,58,47.5,Female,Doctorate,Unemployed
6931,27,55201,3.76,39,76.15,Prefer not to say,Bachelor's Degree,Self-employed
6932,43,60451,3.29,59,44.45,Female,Associate Degree,Unemployed
6933,37,32594,3.76,31,55.77,Male,Doctorate,Employed
6934,34,71476,4.93,35,70.17,Male,Doctorate,Self-employed
6935,43,43595,2.54,52,38.9,Prefer not to say,Master's Degree,Unemployed
6936,39,33499,3.85,25,35.33,Prefer not to say,Doctorate,Employed
6937,49,43411,2.44,33,8.57,Female,Associate Degree,Employed
6938,30,87256,4.42,44,58.23,Female,Master's Degree,Retired
6939,30,44184,4.43,29,70.7,Prefer not to say,Master's Degree,Employed
6940,21,45123,4.61,45,58.13,Prefer not to say,Associate Degree,Self-employed
6941,30,47118,1.02,41,28.35,Female,Bachelor's Degree,Student
6942,44,47770,2.19,24,26.23,Prefer not to say,High School,Employed
6943,47,38277,1.54,49,15.95,Prefer not to say,Doctorate,Self-employed
6944,44,52148,2.82,27,4.7,Female,Bachelor's Degree,Student
6945,18,66133,2.98,47,42.69,Male,High School,Unemployed
6946,45,54714,2.02,41,16.05,Prefer not to say,Associate Degree,Employed
6947,18,33332,3.89,35,69.08,Non-binary,Doctorate,Retired
6948,43,44834,2.08,28,96.17,Prefer not to say,Bachelor's Degree,Unemployed
6949,31,41727,4.42,43,7.35,Female,High School,Retired
6950,42,50794,1.71,31,89.3,Non-binary,Associate Degree,Self-employed
6951,21,69956,2.47,52,65.77,Non-binary,Master's Degree,Self-employed
6952,46,47766,3.49,52,86.03,Prefer not to say,Master's Degree,Student
6953,20,48677,3.42,56,15.5,Female,Master's Degree,Retired
6954,28,76664,1.31,42,90.65,Female,Associate Degree,Self-employed
6955,25,63143,4.39,35,95.79,Prefer not to say,High School,Retired
6956,18,58611,3.39,37,90.67,Male,Associate Degree,Self-employed
6957,35,79371,4.48,36,78.55,Non-binary,Master's Degree,Retired
6958,53,57347,4.47,42,9.03,Female,Associate Degree,Student
6959,61,20202,3.18,44,22.07,Female,Doctorate,Unemployed
6960,35,62489,4.64,52,91.31,Prefer not to say,High School,Employed
6961,46,26119,4.39,40,22.94,Prefer not to say,Doctorate,Self-employed
6962,37,56780,4.83,25,34.77,Male,Master's Degree,Retired
6963,39,24293,4.4,35,5.05,Prefer not to say,High School,Self-employed
6964,31,42997,4.28,55,62.81,Female,Doctorate,Self-employed
6965,36,44543,2.88,24,56.33,Non-binary,Associate Degree,Employed
6966,40,38448,1.85,47,96.18,Female,Bachelor's Degree,Student
6967,29,44767,4.64,36,89.23,Female,Associate Degree,Employed
6968,34,65488,3.89,31,50.59,Prefer not to say,Master's Degree,Unemployed
6969,34,39290,2.13,43,60.93,Male,Bachelor's Degree,Unemployed
6970,43,58177,2.36,55,41.32,Non-binary,High School,Unemployed
6971,24,35515,3.74,43,13.25,Prefer not to say,Bachelor's Degree,Unemployed
6972,34,47157,2.91,37,86.78,Non-binary,High School,Unemployed
6973,54,54857,1.33,27,54.95,Prefer not to say,Doctorate,Retired
6974,46,35052,1.57,39,42.54,Non-binary,Doctorate,Self-employed
6975,48,30324,3.98,26,6.85,Female,Doctorate,Retired
6976,35,57378,2.31,36,66.54,Female,Doctorate,Retired
6977,38,66846,3.03,39,39.97,Prefer not to say,Doctorate,Employed
6978,45,48814,4.07,16,25.37,Prefer not to say,Bachelor's Degree,Employed
6979,50,43140,4,53,87.68,Female,High School,Retired
6980,18,52335,1.67,27,18.36,Prefer not to say,Doctorate,Unemployed
6981,21,50832,1.39,38,51.5,Non-binary,Doctorate,Student
6982,48,53643,3.36,45,79.58,Non-binary,High School,Self-employed
6983,32,20000,3.97,53,84.91,Prefer not to say,Bachelor's Degree,Unemployed
6984,28,33963,1.6,32,81.87,Non-binary,Doctorate,Employed
6985,22,37321,2.49,14,89.66,Non-binary,Bachelor's Degree,Retired
6986,29,52263,4.48,50,14.24,Female,Doctorate,Employed
6987,20,52788,4.78,27,94.05,Male,Bachelor's Degree,Self-employed
6988,55,59542,2.82,43,1.08,Non-binary,Master's Degree,Retired
6989,34,53863,1.32,44,25.59,Prefer not to say,Doctorate,Student
6990,34,30488,2.03,10,8.4,Male,Doctorate,Retired
6991,40,71705,1.93,23,94.55,Non-binary,Associate Degree,Employed
6992,44,69078,1.96,35,42.39,Male,Associate Degree,Unemployed
6993,44,31127,2.98,14,31.53,Male,Bachelor's Degree,Employed
6994,45,54990,3.33,26,16.71,Male,Associate Degree,Self-employed
6995,28,41068,1.49,41,15.58,Female,Bachelor's Degree,Student
6996,32,52082,4.56,39,61.39,Male,Doctorate,Self-employed
6997,42,65799,3.48,43,4.71,Female,Doctorate,Self-employed
6998,29,81951,3.39,44,59.43,Prefer not to say,Master's Degree,Unemployed
6999,34,61269,4.95,23,77.46,Prefer not to say,Master's Degree,Employed
7000,38,54424,3.51,27,60.1,Male,Associate Degree,Unemployed
7001,42,44902,4.72,47,82.66,Female,Doctorate,Unemployed
7002,18,52732,2.15,55,26.53,Non-binary,Bachelor's Degree,Retired
7003,42,70396,1.96,30,7.72,Prefer not to say,Associate Degree,Employed
7004,32,49329,3.07,42,72.1,Non-binary,Master's Degree,Retired
7005,42,36708,3.03,48,82.81,Male,High School,Employed
7006,42,25704,1.91,42,50.17,Female,Bachelor's Degree,Unemployed
7007,51,57695,3.8,37,82.06,Non-binary,High School,Student
7008,48,53709,1.12,33,45.79,Female,Associate Degree,Retired
7009,48,40311,3.76,59,19.85,Prefer not to say,Associate Degree,Employed
7010,49,65390,2.83,40,47.44,Prefer not to say,High School,Retired
7011,37,43673,3.76,43,21.6,Female,Associate Degree,Employed
7012,35,47980,2.91,43,47.2,Prefer not to say,Associate Degree,Retired
7013,43,49750,4.91,31,14.76,Prefer not to say,Doctorate,Student
7014,42,44735,2.34,40,18.56,Prefer not to say,Bachelor's Degree,Employed
7015,31,53537,4.93,36,88.29,Non-binary,Master's Degree,Student
7016,39,67272,1.26,36,11.59,Prefer not to say,Doctorate,Student
7017,34,32862,3.74,43,22.43,Female,Associate Degree,Student
7018,26,57327,2.82,30,99.55,Prefer not to say,Master's Degree,Retired
7019,47,52582,4.29,27,57.6,Female,Associate Degree,Self-employed
7020,35,52306,4.16,45,58.58,Female,Bachelor's Degree,Unemployed
7021,55,63077,4.2,34,84.5,Non-binary,Associate Degree,Self-employed
7022,18,50739,1.38,36,52.43,Female,High School,Self-employed
7023,29,57203,4.29,20,22.18,Non-binary,High School,Retired
7024,35,60737,1.86,49,42.25,Female,High School,Self-employed
7025,46,42434,1.1,45,75.5,Female,High School,Self-employed
7026,38,54487,1.87,47,87.24,Non-binary,Master's Degree,Retired
7027,38,46238,2.92,43,27.32,Non-binary,High School,Unemployed
7028,23,48009,3.97,24,26.2,Female,Associate Degree,Unemployed
7029,23,45169,1.87,42,32.76,Female,Doctorate,Self-employed
7030,38,57066,1.45,33,59.62,Male,Associate Degree,Unemployed
7031,21,51224,3.58,30,27.85,Female,Associate Degree,Retired
7032,29,55918,4.94,45,89.31,Non-binary,Associate Degree,Student
7033,40,49737,3.4,56,97.8,Female,Associate Degree,Employed
7034,25,25938,3.76,54,67.91,Male,Doctorate,Retired
7035,51,50470,3.24,46,97.03,Female,High School,Unemployed
7036,47,50953,4.13,39,28.79,Prefer not to say,Bachelor's Degree,Self-employed
7037,19,53638,4.9,37,81.52,Male,Master's Degree,Unemployed
7038,25,41094,3.18,30,67.84,Non-binary,Doctorate,Self-employed
7039,18,32067,2.67,37,26.32,Prefer not to say,Doctorate,Employed
7040,27,59369,4.44,49,31.84,Non-binary,Doctorate,Student
7041,42,45895,4.88,58,48.86,Female,Master's Degree,Student
7042,30,52568,1.52,31,79.16,Male,Associate Degree,Retired
7043,39,45778,3.31,20,87.22,Non-binary,Master's Degree,Employed
7044,19,49909,4.17,34,63.39,Female,Doctorate,Retired
7045,42,43260,3.13,49,72.16,Non-binary,Associate Degree,Employed
7046,29,35478,2.64,60,26.38,Prefer not to say,Doctorate,Employed
7047,35,57105,3.62,53,74.11,Female,Bachelor's Degree,Student
7048,34,40953,2.08,52,60.5,Male,High School,Employed
7049,22,52459,2.4,31,22.29,Female,High School,Employed
7050,23,56156,4.97,31,95.02,Non-binary,Doctorate,Unemployed
7051,44,41197,3.55,26,51.29,Female,Associate Degree,Employed
7052,38,31941,4.49,33,79.45,Non-binary,Bachelor's Degree,Student
7053,45,86391,4.23,49,52.56,Male,Bachelor's Degree,Student
7054,38,42083,3.61,56,93.29,Non-binary,Associate Degree,Student
7055,36,59351,4.36,43,14.13,Prefer not to say,Associate Degree,Self-employed
7056,18,79091,2.15,37,54.62,Non-binary,Bachelor's Degree,Retired
7057,32,61848,3.55,29,2.52,Male,High School,Employed
7058,34,45493,3.36,38,19.74,Prefer not to say,High School,Self-employed
7059,54,48993,3.49,42,28.1,Male,Bachelor's Degree,Student
7060,41,37510,1.67,25,47.26,Female,Master's Degree,Student
7061,50,63225,2.11,49,82.02,Male,Bachelor's Degree,Student
7062,40,58494,2.15,35,46.67,Prefer not to say,Doctorate,Employed
7063,27,42283,3.41,48,56.12,Non-binary,Master's Degree,Self-employed
7064,36,34367,4.89,39,92.41,Female,Associate Degree,Self-employed
7065,37,30181,4.82,42,75.65,Male,Bachelor's Degree,Unemployed
7066,25,64797,1.91,32,5.02,Non-binary,Bachelor's Degree,Retired
7067,31,51805,2.22,36,17.65,Male,Master's Degree,Student
7068,32,53224,1.14,46,3.82,Non-binary,Bachelor's Degree,Unemployed
7069,51,37655,2.6,38,6.91,Male,Doctorate,Employed
7070,18,28047,4.34,28,33.89,Female,High School,Unemployed
7071,47,64439,4.66,41,72.79,Female,Bachelor's Degree,Student
7072,25,50630,1.95,43,24.44,Female,High School,Unemployed
7073,21,63608,2.06,53,39.23,Non-binary,Associate Degree,Student
7074,46,44211,1.88,51,39.39,Female,Associate Degree,Unemployed
7075,42,46447,2.4,39,59.03,Female,Bachelor's Degree,Student
7076,47,60699,4.22,34,89.29,Female,Associate Degree,Self-employed
7077,43,60985,3.59,37,98.32,Non-binary,Bachelor's Degree,Unemployed
7078,55,61963,4.14,34,60.46,Female,High School,Self-employed
7079,40,45571,3.33,45,50.51,Prefer not to say,Master's Degree,Retired
7080,33,59218,2.03,50,68.19,Female,Bachelor's Degree,Retired
7081,38,66636,1.91,52,66.8,Male,Master's Degree,Retired
7082,47,48428,1.04,35,52.39,Non-binary,High School,Unemployed
7083,27,42297,4.12,34,73.7,Female,High School,Retired
7084,28,70141,4.39,35,49.13,Female,Master's Degree,Self-employed
7085,31,40183,4.07,20,99.65,Female,Bachelor's Degree,Self-employed
7086,18,59442,1.3,27,4.9,Male,Master's Degree,Retired
7087,36,49123,4.05,39,44.32,Male,Bachelor's Degree,Retired
7088,18,22376,1.18,43,39.7,Male,Bachelor's Degree,Employed
7089,35,66928,1.42,44,77.03,Female,Master's Degree,Employed
7090,43,20000,2.76,32,19.08,Non-binary,High School,Unemployed
7091,30,20238,2.9,35,43.41,Non-binary,Doctorate,Employed
7092,51,57909,4.26,37,69.79,Male,Associate Degree,Self-employed
7093,20,57906,3.72,36,60.32,Female,Doctorate,Self-employed
7094,46,40436,1.61,46,54.51,Non-binary,High School,Unemployed
7095,41,52217,1.9,26,43.5,Female,Associate Degree,Unemployed
7096,18,20000,2.14,28,75.2,Prefer not to say,Master's Degree,Student
7097,62,60604,1.49,37,64.64,Male,Doctorate,Employed
7098,34,53745,2.15,26,87.47,Male,Bachelor's Degree,Student
7099,26,49315,3.91,20,73.3,Prefer not to say,High School,Retired
7100,20,50312,1.97,25,14.04,Female,High School,Self-employed
7101,32,57398,4.34,37,61.95,Non-binary,High School,Unemployed
7102,33,49566,2.88,46,4.45,Non-binary,Doctorate,Retired
7103,36,21889,2.29,46,38.74,Prefer not to say,Bachelor's Degree,Student
7104,32,82944,2.65,55,41.19,Male,Doctorate,Retired
7105,41,68012,3.84,41,85.49,Female,Bachelor's Degree,Retired
7106,31,30725,3.07,42,18.04,Prefer not to say,Associate Degree,Unemployed
7107,18,44822,1.03,37,64.35,Prefer not to say,Master's Degree,Employed
7108,33,46459,4.69,37,19.24,Male,High School,Unemployed
7109,18,66182,1.26,60,94.87,Non-binary,Bachelor's Degree,Unemployed
7110,38,20000,4.75,42,52.95,Female,Doctorate,Employed
7111,25,42514,1.11,43,70.82,Female,Doctorate,Employed
7112,36,23590,4.08,28,64.65,Male,High School,Unemployed
7113,48,45723,3.14,44,30.36,Female,High School,Employed
7114,25,42912,3.02,46,90.12,Female,High School,Self-employed
7115,45,51195,1.29,51,62.72,Female,Associate Degree,Retired
7116,30,40926,1.95,46,51.03,Female,Master's Degree,Retired
7117,52,38734,4.11,38,52.84,Male,Bachelor's Degree,Student
7118,31,59294,4.57,38,89.07,Female,High School,Unemployed
7119,26,56820,3.12,39,5.91,Non-binary,Bachelor's Degree,Retired
7120,41,58270,2.41,41,38.91,Male,Doctorate,Retired
7121,30,47346,1.24,52,84.16,Female,Master's Degree,Retired
7122,26,41423,3.73,50,3.75,Prefer not to say,Master's Degree,Employed
7123,30,48217,2.11,47,63.92,Male,Bachelor's Degree,Employed
7124,34,57517,1.22,60,40.33,Non-binary,Doctorate,Retired
7125,48,20000,3.66,13,20.46,Female,Doctorate,Self-employed
7126,18,55911,2.94,35,61.14,Female,Associate Degree,Employed
7127,35,54637,1.05,39,83.11,Prefer not to say,High School,Retired
7128,41,50932,1.44,33,46.73,Prefer not to say,Doctorate,Student
7129,36,47760,3.8,30,14.67,Male,High School,Retired
7130,48,20000,1.25,22,30.62,Male,High School,Unemployed
7131,34,43402,4.46,36,98.14,Male,Bachelor's Degree,Retired
7132,33,76841,2.25,48,11.11,Prefer not to say,High School,Unemployed
7133,40,50193,1.35,47,16.07,Male,Bachelor's Degree,Student
7134,35,45390,4.04,32,99.02,Male,Master's Degree,Student
7135,31,50253,3.1,42,88.21,Female,Doctorate,Self-employed
7136,40,55321,2.23,53,70.71,Male,Bachelor's Degree,Retired
7137,28,59882,2.62,24,15.1,Male,Associate Degree,Employed
7138,28,46566,1.09,38,24.05,Prefer not to say,Bachelor's Degree,Self-employed
7139,29,56373,3.65,42,18.02,Male,High School,Self-employed
7140,48,75149,2.46,40,63.1,Non-binary,Associate Degree,Unemployed
7141,18,65093,3.86,48,39.89,Prefer not to say,High School,Self-employed
7142,38,85104,3.51,25,4.78,Female,Associate Degree,Self-employed
7143,35,40148,3.61,29,29.13,Male,Bachelor's Degree,Self-employed
7144,18,75142,4.17,46,86.07,Female,High School,Unemployed
7145,38,38139,3.52,22,79.6,Female,Bachelor's Degree,Student
7146,39,55303,2.67,48,64.3,Male,Doctorate,Self-employed
7147,40,60987,2.56,44,8.55,Non-binary,Associate Degree,Student
7148,18,42338,1.48,47,88.28,Non-binary,Master's Degree,Student
7149,48,51319,4.12,35,53.45,Female,Master's Degree,Unemployed
7150,27,63656,4.04,45,49.46,Male,Bachelor's Degree,Student
7151,41,39345,1.99,28,93.41,Female,Associate Degree,Unemployed
7152,42,75040,4.45,35,0.88,Prefer not to say,Associate Degree,Self-employed
7153,26,29231,3.36,40,55.59,Female,Bachelor's Degree,Employed
7154,41,79095,2.91,31,79.12,Prefer not to say,Master's Degree,Unemployed
7155,31,65019,1.07,42,6.37,Male,Doctorate,Employed
7156,18,48654,2.53,28,35.72,Non-binary,Master's Degree,Self-employed
7157,46,43959,3.56,42,97.75,Female,High School,Employed
7158,27,42394,1.36,57,21.18,Female,Master's Degree,Retired
7159,26,47963,2.84,27,53.12,Female,High School,Retired
7160,30,49272,4.97,39,74.61,Female,High School,Self-employed
7161,37,68828,3.87,23,39.04,Female,Doctorate,Student
7162,34,79529,3.19,31,40.79,Male,Doctorate,Student
7163,40,52990,3.13,47,6.33,Non-binary,Master's Degree,Unemployed
7164,21,37315,1.18,35,19.01,Prefer not to say,Bachelor's Degree,Retired
7165,27,41814,4.83,47,88.06,Male,Master's Degree,Unemployed
7166,33,47253,4.71,43,81.83,Prefer not to say,Doctorate,Self-employed
7167,53,34548,3.73,39,30.46,Male,High School,Employed
7168,33,32315,1.4,29,38.17,Male,High School,Retired
7169,45,81456,1.83,46,44.04,Prefer not to say,Bachelor's Degree,Student
7170,35,54539,1.74,43,34.59,Non-binary,Master's Degree,Unemployed
7171,30,37503,3.08,24,65.39,Male,Bachelor's Degree,Employed
7172,32,62249,1.83,30,1.28,Prefer not to say,Bachelor's Degree,Student
7173,33,32324,3.78,12,88.02,Non-binary,Master's Degree,Student
7174,41,33559,3.18,26,30.06,Female,Associate Degree,Self-employed
7175,48,37954,1.07,36,87.24,Female,Master's Degree,Student
7176,38,74817,3.98,29,45.44,Prefer not to say,Bachelor's Degree,Student
7177,46,46206,1.76,31,77.63,Male,Associate Degree,Student
7178,25,20000,4.3,53,82.58,Female,Bachelor's Degree,Employed
7179,30,68150,2.42,50,30.13,Female,Bachelor's Degree,Employed
7180,27,45404,2.35,33,64.03,Prefer not to say,Bachelor's Degree,Student
7181,38,22258,1.05,47,60.74,Prefer not to say,High School,Self-employed
7182,31,45249,4.95,52,47.6,Female,Master's Degree,Student
7183,42,57815,3.45,46,46.96,Male,Doctorate,Retired
7184,25,56060,2.69,42,30.52,Prefer not to say,High School,Retired
7185,35,76976,1.39,50,31.02,Prefer not to say,Master's Degree,Unemployed
7186,41,37208,3.8,47,54.82,Male,High School,Retired
7187,18,50700,2.13,27,3.23,Non-binary,Master's Degree,Unemployed
7188,56,39506,4.95,38,93.37,Prefer not to say,Associate Degree,Unemployed
7189,32,26867,4.8,34,65,Female,Doctorate,Unemployed
7190,18,63282,3.94,51,44.34,Male,Associate Degree,Unemployed
7191,36,56949,4.88,34,6.18,Female,Associate Degree,Student
7192,35,54255,1.42,32,63,Male,Master's Degree,Employed
7193,34,56401,2.12,50,1.77,Non-binary,Bachelor's Degree,Retired
7194,44,39717,2.01,42,67.99,Prefer not to say,Bachelor's Degree,Retired
7195,42,34914,1.29,61,7.25,Non-binary,Bachelor's Degree,Retired
7196,37,50564,4.89,31,65.61,Prefer not to say,Bachelor's Degree,Unemployed
7197,39,67418,1.24,34,40.59,Male,Doctorate,Self-employed
7198,33,74121,4.43,51,66.26,Female,Associate Degree,Employed
7199,52,61931,4.07,27,13.85,Non-binary,High School,Self-employed
7200,20,50437,2.5,53,11.74,Male,Doctorate,Self-employed
7201,36,54046,1.08,27,24.74,Non-binary,Master's Degree,Retired
7202,35,50173,1.02,46,41.15,Male,Doctorate,Self-employed
7203,43,34610,1.82,21,25.3,Non-binary,Doctorate,Student
7204,26,50369,2.98,40,8.2,Male,Master's Degree,Self-employed
7205,18,29977,2.83,26,32.5,Non-binary,High School,Self-employed
7206,36,48138,3.34,59,70.58,Non-binary,Associate Degree,Retired
7207,37,74541,4.09,29,58.31,Male,Doctorate,Self-employed
7208,49,62342,2.51,31,96.33,Non-binary,Master's Degree,Unemployed
7209,22,36153,1.64,45,43.59,Male,Master's Degree,Employed
7210,46,48913,4.2,33,33.28,Non-binary,High School,Student
7211,58,37484,2.33,46,69.37,Prefer not to say,Doctorate,Employed
7212,31,49062,2.15,32,41.2,Prefer not to say,Master's Degree,Unemployed
7213,22,65616,4.06,32,61.83,Non-binary,High School,Self-employed
7214,30,59795,4.74,39,94.63,Male,High School,Retired
7215,35,87262,4.66,27,49.92,Prefer not to say,Master's Degree,Employed
7216,40,67887,1.55,43,49.82,Non-binary,Master's Degree,Self-employed
7217,29,53060,3.01,48,77.52,Non-binary,Doctorate,Employed
7218,50,60157,1.37,45,75.61,Male,Doctorate,Self-employed
7219,23,46963,4.84,46,51.62,Female,Associate Degree,Retired
7220,18,33087,1.86,20,6.47,Male,Master's Degree,Unemployed
7221,46,69586,1.79,35,98.08,Female,Bachelor's Degree,Employed
7222,18,65134,4.56,37,37.73,Non-binary,Bachelor's Degree,Student
7223,32,46384,4.87,54,31.67,Female,Associate Degree,Unemployed
7224,66,54109,3.79,34,98.15,Female,Master's Degree,Retired
7225,34,68614,1.48,16,87.21,Male,High School,Student
7226,23,62695,2.94,29,33.02,Female,Bachelor's Degree,Self-employed
7227,34,28053,4.27,33,30.83,Female,Doctorate,Employed
7228,34,53654,3.29,18,72.1,Non-binary,Bachelor's Degree,Student
7229,36,47485,1.53,49,33.43,Prefer not to say,Master's Degree,Unemployed
7230,41,66695,1.69,24,25.14,Male,Bachelor's Degree,Student
7231,24,65465,4.46,44,97.97,Male,Associate Degree,Retired
7232,51,69779,3.11,29,56.57,Prefer not to say,Doctorate,Student
7233,37,33231,3.82,55,76.25,Prefer not to say,Associate Degree,Employed
7234,42,38238,2.49,37,71.31,Prefer not to say,High School,Employed
7235,28,66711,3.13,35,75.55,Female,High School,Self-employed
7236,47,41125,4.91,45,90.34,Non-binary,High School,Student
7237,32,27178,2.32,29,50.08,Male,High School,Student
7238,37,57988,3.7,45,75.34,Non-binary,Master's Degree,Retired
7239,25,41791,1.69,35,79.68,Female,Master's Degree,Employed
7240,25,76846,1.49,34,94.64,Prefer not to say,Master's Degree,Unemployed
7241,41,54442,4.13,39,71.31,Female,Associate Degree,Self-employed
7242,30,52403,4.38,29,89.26,Prefer not to say,Associate Degree,Student
7243,26,44461,3.67,38,9.5,Male,Bachelor's Degree,Self-employed
7244,28,73862,1.63,43,12.61,Female,Doctorate,Student
7245,41,55378,1.96,16,15.83,Non-binary,Associate Degree,Student
7246,28,43872,4.64,50,14.48,Non-binary,Bachelor's Degree,Retired
7247,33,38088,2.15,48,8.75,Female,High School,Student
7248,35,48897,4.28,21,12.26,Female,High School,Self-employed
7249,18,35335,2.14,19,99.59,Non-binary,Associate Degree,Self-employed
7250,20,65433,4.76,48,27.22,Female,Master's Degree,Retired
7251,38,22874,4.66,47,47.8,Female,Bachelor's Degree,Retired
7252,27,47907,1.17,46,82.16,Female,Doctorate,Self-employed
7253,45,59152,4.08,25,11.83,Prefer not to say,Bachelor's Degree,Self-employed
7254,44,55131,1.68,58,31.74,Non-binary,Master's Degree,Student
7255,42,39240,1.86,32,15.93,Female,Master's Degree,Employed
7256,53,59903,2.84,42,6.26,Non-binary,Associate Degree,Self-employed
7257,34,36709,3.31,42,96.08,Male,Master's Degree,Unemployed
7258,41,49664,2.3,55,85.84,Female,Master's Degree,Employed
7259,29,59777,3.3,41,87.93,Prefer not to say,Doctorate,Unemployed
7260,59,56943,1.68,44,86.87,Prefer not to say,Master's Degree,Employed
7261,54,39874,1.09,39,15.46,Female,High School,Self-employed
7262,35,67962,3.28,28,78.5,Female,Master's Degree,Retired
7263,38,51300,3.07,16,72.79,Male,High School,Retired
7264,48,61144,3.76,40,92.54,Female,Doctorate,Self-employed
7265,33,72936,3.6,25,21.93,Non-binary,Associate Degree,Employed
7266,28,66762,4.59,43,41.4,Female,High School,Self-employed
7267,43,66801,2.84,41,29.49,Non-binary,Associate Degree,Employed
7268,35,52890,1.03,41,25.79,Non-binary,Associate Degree,Self-employed
7269,36,61909,3.52,29,65.24,Non-binary,High School,Unemployed
7270,26,53203,3.7,50,16.39,Non-binary,Bachelor's Degree,Self-employed
7271,18,31860,3.09,44,46.48,Non-binary,Master's Degree,Employed
7272,37,54541,3.76,28,64.66,Female,Doctorate,Student
7273,44,53845,2.29,60,13.03,Female,Associate Degree,Retired
7274,32,58755,1.6,37,25.7,Female,Bachelor's Degree,Student
7275,49,48080,3.66,26,96.74,Prefer not to say,Associate Degree,Self-employed
7276,27,38578,1.98,32,79.54,Non-binary,Bachelor's Degree,Employed
7277,24,59847,2.83,24,67.7,Male,Doctorate,Retired
7278,34,30300,2.97,53,85.6,Female,Bachelor's Degree,Self-employed
7279,34,71882,2.91,50,1.4,Female,Doctorate,Student
7280,42,46528,3.39,47,0.61,Prefer not to say,Master's Degree,Retired
7281,27,53682,1.12,45,15.4,Female,Bachelor's Degree,Self-employed
7282,48,58378,4.96,52,49.53,Non-binary,Associate Degree,Retired
7283,54,58860,3.87,37,57,Female,Master's Degree,Unemployed
7284,34,28865,2.7,44,11.37,Non-binary,Associate Degree,Retired
7285,47,62361,1.77,31,7.23,Female,Associate Degree,Unemployed
7286,24,54547,1.32,38,82.83,Female,Master's Degree,Retired
7287,45,40471,3.69,44,46.45,Non-binary,Master's Degree,Retired
7288,45,38754,2.27,10,99.25,Non-binary,Doctorate,Retired
7289,43,44989,1.92,33,22.93,Female,Bachelor's Degree,Unemployed
7290,34,30518,2.52,41,64.72,Non-binary,Doctorate,Self-employed
7291,18,75834,3.37,39,80.44,Prefer not to say,High School,Student
7292,28,72292,3.69,35,87.26,Non-binary,High School,Retired
7293,28,56775,3.58,45,30.63,Non-binary,Doctorate,Student
7294,25,46649,4.45,32,19.33,Male,Doctorate,Student
7295,36,47043,1.88,27,22.61,Non-binary,Bachelor's Degree,Retired
7296,30,61370,3.55,51,66.67,Non-binary,Master's Degree,Unemployed
7297,26,76367,1.4,50,52.23,Male,High School,Employed
7298,24,41444,3.19,34,59.9,Non-binary,Master's Degree,Employed
7299,27,33236,3.34,39,2.05,Male,Associate Degree,Employed
7300,46,73214,1.86,48,39.1,Female,Associate Degree,Retired
7301,28,23192,2.57,40,31.01,Female,Master's Degree,Student
7302,29,34872,4.31,45,86.38,Prefer not to say,Associate Degree,Employed
7303,30,46297,1.59,44,77.63,Female,High School,Retired
7304,38,26593,2.74,36,42.96,Non-binary,High School,Retired
7305,39,66682,4.73,45,63.05,Male,Associate Degree,Retired
7306,18,62853,3.02,30,4.77,Female,High School,Unemployed
7307,45,41378,3.9,43,63.73,Non-binary,Associate Degree,Self-employed
7308,49,69194,4.31,39,9.72,Female,Bachelor's Degree,Unemployed
7309,24,71739,1.82,36,71.4,Prefer not to say,Bachelor's Degree,Student
7310,25,48302,1.87,27,57.38,Female,Master's Degree,Retired
7311,30,43239,4.03,41,30.05,Female,Associate Degree,Unemployed
7312,27,83894,4.01,40,37.08,Non-binary,Bachelor's Degree,Employed
7313,37,60817,1.24,31,9.01,Male,Bachelor's Degree,Self-employed
7314,18,53844,2.29,24,32.28,Prefer not to say,High School,Retired
7315,23,70453,2.59,23,96.68,Male,Master's Degree,Unemployed
7316,50,54528,4.32,37,48.62,Male,Master's Degree,Employed
7317,25,42415,2.69,43,47.42,Male,Bachelor's Degree,Employed
7318,47,51202,4.7,58,62.92,Prefer not to say,Bachelor's Degree,Unemployed
7319,38,65579,4.99,39,48.44,Prefer not to say,Master's Degree,Unemployed
7320,18,20117,4.12,23,35.55,Non-binary,High School,Student
7321,41,45679,3.67,37,13.95,Non-binary,Doctorate,Retired
7322,33,70745,2.57,52,63.03,Non-binary,High School,Employed
7323,30,42321,1.27,33,74.89,Prefer not to say,Doctorate,Student
7324,37,73191,3.29,51,92.31,Prefer not to say,Master's Degree,Employed
7325,39,71221,2.45,41,0.3,Female,Master's Degree,Unemployed
7326,42,49017,2.4,46,6.67,Male,Master's Degree,Employed
7327,46,41471,3.75,58,89.94,Non-binary,Associate Degree,Employed
7328,39,45689,2.85,21,63.12,Female,Associate Degree,Retired
7329,21,89969,4.01,48,95.79,Prefer not to say,Associate Degree,Unemployed
7330,30,78116,2.59,39,43.08,Female,Master's Degree,Employed
7331,64,51880,1.6,30,41.67,Female,Bachelor's Degree,Self-employed
7332,42,40877,2.85,38,34.43,Prefer not to say,Master's Degree,Student
7333,58,51755,4.8,56,14.28,Male,Doctorate,Employed
7334,48,53657,4.21,53,37.86,Prefer not to say,High School,Employed
7335,37,31349,1.82,19,1.46,Non-binary,Doctorate,Student
7336,38,51200,2.57,32,50.93,Female,High School,Employed
7337,34,69836,4.71,49,84.72,Non-binary,Doctorate,Unemployed
7338,18,23009,1.49,39,32.12,Female,High School,Employed
7339,35,62398,2.02,39,9.46,Female,Bachelor's Degree,Unemployed
7340,47,70621,2.05,24,97.38,Non-binary,High School,Unemployed
7341,29,41591,3.28,32,12.9,Female,Master's Degree,Unemployed
7342,39,75412,2.64,26,52.87,Prefer not to say,Doctorate,Student
7343,43,39644,1.32,23,80.92,Prefer not to say,Associate Degree,Unemployed
7344,25,56616,3.52,27,25.23,Female,Bachelor's Degree,Employed
7345,30,45398,1.4,30,84.15,Female,Doctorate,Retired
7346,24,45395,3.43,32,55.7,Prefer not to say,Bachelor's Degree,Unemployed
7347,26,40740,3.03,31,33.19,Male,Associate Degree,Employed
7348,22,60478,2.97,50,86.57,Female,Associate Degree,Employed
7349,25,62732,1.27,30,62.2,Prefer not to say,Associate Degree,Self-employed
7350,49,49033,3.56,54,61.54,Male,Associate Degree,Employed
7351,25,29600,2.73,35,50.4,Male,Associate Degree,Self-employed
7352,36,56047,2.64,44,27.47,Non-binary,Master's Degree,Employed
7353,29,56330,3.39,44,30.49,Male,High School,Unemployed
7354,46,46749,3.42,31,8.81,Female,Associate Degree,Self-employed
7355,48,78008,1.06,36,24.37,Male,Doctorate,Self-employed
7356,43,26541,1.5,34,27.78,Non-binary,Doctorate,Self-employed
7357,38,20000,1.95,43,5.87,Prefer not to say,Associate Degree,Unemployed
7358,32,39037,3.71,38,11.03,Non-binary,Bachelor's Degree,Retired
7359,23,60656,3.31,32,27.03,Prefer not to say,Associate Degree,Unemployed
7360,54,34162,4.03,41,67.73,Female,Master's Degree,Retired
7361,27,35285,3.96,43,18.42,Prefer not to say,High School,Unemployed
7362,41,64265,4.41,58,52.18,Male,Doctorate,Employed
7363,45,56938,2.51,40,50.79,Prefer not to say,Associate Degree,Unemployed
7364,29,55655,2.38,40,83.4,Male,High School,Retired
7365,45,61721,4.32,44,60.92,Non-binary,High School,Student
7366,42,43622,1.95,30,91.7,Non-binary,Associate Degree,Employed
7367,52,44315,2.84,22,62.81,Prefer not to say,High School,Self-employed
7368,30,62146,1.78,36,2.55,Non-binary,Doctorate,Unemployed
7369,22,29826,4.66,50,38.15,Non-binary,Associate Degree,Employed
7370,29,20000,2.63,52,69.9,Non-binary,Bachelor's Degree,Retired
7371,37,43500,1.85,21,47.51,Male,Associate Degree,Self-employed
7372,35,63963,3.77,46,41.94,Prefer not to say,Doctorate,Retired
7373,31,53833,1.98,18,67.15,Male,Associate Degree,Employed
7374,18,62859,4.77,44,28.57,Prefer not to say,Associate Degree,Employed
7375,39,20000,2.47,43,90.9,Male,Associate Degree,Employed
7376,54,54732,3.66,22,41.31,Female,Master's Degree,Employed
7377,39,59807,2.38,50,63.12,Female,Master's Degree,Retired
7378,41,29738,4.23,57,98.23,Female,Doctorate,Student
7379,40,62930,4.59,39,78.55,Male,High School,Employed
7380,38,48327,4.15,41,53.16,Prefer not to say,Associate Degree,Self-employed
7381,44,96070,4.39,54,85.94,Male,Associate Degree,Retired
7382,38,20000,1.41,28,56.04,Prefer not to say,Master's Degree,Unemployed
7383,31,70536,4.7,28,44.17,Female,Bachelor's Degree,Unemployed
7384,27,44087,3.5,31,87.35,Male,Master's Degree,Retired
7385,32,25742,4.48,40,2.72,Prefer not to say,High School,Retired
7386,38,42095,3.74,40,40.75,Prefer not to say,Associate Degree,Employed
7387,31,54162,1.81,34,34.3,Non-binary,Associate Degree,Retired
7388,38,65562,3.44,36,71.41,Prefer not to say,Doctorate,Self-employed
7389,39,75829,1.36,34,1.26,Female,Bachelor's Degree,Unemployed
7390,43,71328,3.78,35,66.09,Male,Doctorate,Self-employed
7391,47,35519,2.64,32,34.64,Non-binary,Bachelor's Degree,Self-employed
7392,35,66952,1.61,32,9.79,Female,Bachelor's Degree,Employed
7393,21,55869,4.92,19,98.03,Male,Bachelor's Degree,Retired
7394,31,40180,4.6,37,21.22,Male,Bachelor's Degree,Unemployed
7395,35,46821,4.57,20,34.91,Non-binary,Doctorate,Unemployed
7396,18,39352,4.16,47,20.7,Female,Associate Degree,Unemployed
7397,48,50556,3.77,34,66.2,Male,Associate Degree,Self-employed
7398,36,39055,3.62,38,78.25,Non-binary,Doctorate,Unemployed
7399,38,34580,1.42,36,86.06,Male,Master's Degree,Unemployed
7400,48,57186,4.6,37,31.1,Male,High School,Self-employed
7401,28,59430,4.52,52,52.46,Female,Bachelor's Degree,Employed
7402,40,47186,3.99,26,66.33,Female,Doctorate,Self-employed
7403,33,70514,4.71,23,62.95,Male,Bachelor's Degree,Self-employed
7404,33,46093,3.21,41,71.6,Prefer not to say,Bachelor's Degree,Employed
7405,27,45458,2.79,35,76.97,Male,Bachelor's Degree,Student
7406,51,59907,4.87,43,9.75,Prefer not to say,Doctorate,Student
7407,31,48013,2.86,47,16.83,Female,Associate Degree,Retired
7408,41,51271,3.57,28,73.43,Male,Master's Degree,Retired
7409,18,20000,2.49,46,47.67,Male,Master's Degree,Self-employed
7410,46,50250,3.55,29,42.7,Male,Doctorate,Retired
7411,45,22592,3.88,40,45.54,Non-binary,High School,Student
7412,35,31685,3.5,27,37.2,Non-binary,Master's Degree,Retired
7413,32,29970,3.06,41,59.11,Female,Master's Degree,Student
7414,39,34361,2.2,39,32.33,Male,Bachelor's Degree,Student
7415,57,41767,3.58,28,63.68,Male,Doctorate,Self-employed
7416,18,42702,4.63,26,20.26,Prefer not to say,Associate Degree,Retired
7417,42,59964,1.03,47,75.77,Non-binary,Doctorate,Retired
7418,25,53335,1.54,35,78.16,Female,Doctorate,Employed
7419,34,21483,1.48,50,57.85,Female,Master's Degree,Employed
7420,32,51249,4.69,34,36.93,Male,Bachelor's Degree,Student
7421,30,54773,3.65,53,1.44,Male,Doctorate,Self-employed
7422,34,45071,4.81,30,12.15,Non-binary,Associate Degree,Unemployed
7423,23,49086,3.33,54,7.97,Prefer not to say,Bachelor's Degree,Retired
7424,45,52854,2.85,41,1.02,Non-binary,Bachelor's Degree,Retired
7425,18,61468,4.17,43,72.22,Female,Associate Degree,Student
7426,40,26376,1.64,29,95.61,Non-binary,Associate Degree,Student
7427,31,46335,2.53,47,1.12,Non-binary,Associate Degree,Retired
7428,23,72625,2.87,47,11.27,Female,Doctorate,Student
7429,37,71249,2.19,36,86.07,Female,Bachelor's Degree,Self-employed
7430,19,62764,2.49,18,68.85,Female,Bachelor's Degree,Retired
7431,35,58052,1.31,28,40.47,Male,High School,Retired
7432,20,74819,1.79,28,99.28,Prefer not to say,High School,Employed
7433,39,78767,2.34,44,57.36,Male,High School,Student
7434,25,48063,4.18,35,66.96,Non-binary,Doctorate,Employed
7435,30,35458,1.73,35,65.32,Prefer not to say,Doctorate,Student
7436,37,45945,2.39,34,22.27,Non-binary,Associate Degree,Unemployed
7437,27,96450,1.26,54,48.81,Non-binary,Doctorate,Retired
7438,34,26459,3.23,40,21.64,Male,Bachelor's Degree,Employed
7439,19,42941,3.45,41,50.95,Prefer not to say,Bachelor's Degree,Retired
7440,41,28809,4.46,33,3.08,Male,Master's Degree,Employed
7441,52,51871,4.28,39,38.2,Female,Master's Degree,Employed
7442,62,31959,2.14,30,37.22,Female,Doctorate,Unemployed
7443,35,48368,1.55,43,29.16,Male,Master's Degree,Retired
7444,42,20748,1.62,28,7.92,Male,Doctorate,Self-employed
7445,18,59264,4.88,47,77.1,Male,Associate Degree,Student
7446,50,68335,3.69,32,42.05,Non-binary,Associate Degree,Retired
7447,42,44240,1.17,49,81.4,Prefer not to say,Master's Degree,Student
7448,30,47973,1.55,59,83.57,Prefer not to say,Doctorate,Self-employed
7449,47,47548,2.94,40,21.36,Female,Master's Degree,Self-employed
7450,32,52713,1.83,53,42.13,Prefer not to say,Bachelor's Degree,Student
7451,30,49427,4.21,47,72.1,Prefer not to say,Doctorate,Student
7452,39,61521,3.29,25,49.95,Prefer not to say,High School,Student
7453,24,68495,3.45,41,85.51,Non-binary,Bachelor's Degree,Self-employed
7454,45,37788,2.85,45,57.16,Female,Doctorate,Self-employed
7455,24,45360,2.02,45,62.96,Male,Master's Degree,Self-employed
7456,24,63524,3.36,41,78.7,Prefer not to say,Master's Degree,Retired
7457,25,28674,3.87,41,12.22,Prefer not to say,Master's Degree,Student
7458,42,20439,2.48,40,58.42,Non-binary,Doctorate,Retired
7459,28,53394,3.02,41,8.54,Female,Master's Degree,Unemployed
7460,21,57445,4.36,27,26.06,Prefer not to say,Doctorate,Self-employed
7461,28,39165,1.59,37,21.26,Non-binary,Doctorate,Retired
7462,34,41320,3.18,25,56.71,Male,Master's Degree,Self-employed
7463,23,38597,2.39,35,84.39,Female,Associate Degree,Employed
7464,23,36996,3.81,34,13.28,Prefer not to say,Associate Degree,Student
7465,56,60402,1.08,33,76.84,Male,Bachelor's Degree,Self-employed
7466,26,32292,3.68,29,14.31,Prefer not to say,Doctorate,Student
7467,31,46017,1.41,42,18.97,Female,Master's Degree,Retired
7468,31,36419,1.26,36,91.69,Non-binary,Master's Degree,Employed
7469,30,28170,3.9,35,0.97,Prefer not to say,Master's Degree,Student
7470,41,63052,3.56,25,19.71,Female,Associate Degree,Unemployed
7471,44,42202,4.58,37,21.56,Non-binary,High School,Self-employed
7472,31,52826,3.08,51,28.19,Male,Doctorate,Student
7473,22,27378,3.12,51,36.34,Prefer not to say,Bachelor's Degree,Unemployed
7474,47,38870,3.83,43,10.32,Male,Bachelor's Degree,Student
7475,34,61341,2.29,37,46.85,Prefer not to say,Bachelor's Degree,Retired
7476,52,88809,1.15,45,39.94,Female,Doctorate,Self-employed
7477,18,20356,1.92,33,62.49,Male,Doctorate,Self-employed
7478,36,46983,1.95,37,86.75,Prefer not to say,Bachelor's Degree,Unemployed
7479,54,56184,2.34,32,29.77,Female,Bachelor's Degree,Employed
7480,31,40758,4.77,49,54.65,Prefer not to say,Master's Degree,Employed
7481,32,62742,4.22,47,37.14,Non-binary,High School,Unemployed
7482,37,36999,4.74,39,4.03,Female,Associate Degree,Student
7483,29,52307,4.99,57,82.11,Female,Doctorate,Employed
7484,31,42168,2.74,44,63.42,Prefer not to say,High School,Self-employed
7485,31,68291,1.91,43,0.22,Female,Bachelor's Degree,Unemployed
7486,28,39854,3.24,42,24.96,Male,Bachelor's Degree,Unemployed
7487,47,44721,4.52,27,30.9,Prefer not to say,Bachelor's Degree,Self-employed
7488,39,64185,2.86,31,81.15,Non-binary,Bachelor's Degree,Employed
7489,37,34579,3.02,39,76.07,Female,Master's Degree,Retired
7490,43,51031,1.54,39,39.61,Non-binary,Doctorate,Unemployed
7491,32,22661,2.68,45,15.73,Male,Bachelor's Degree,Student
7492,27,33680,2.55,33,38.6,Female,Bachelor's Degree,Unemployed
7493,28,55731,2.41,40,81.01,Female,Doctorate,Retired
7494,35,35139,4.55,40,45.24,Prefer not to say,Associate Degree,Self-employed
7495,24,41831,1.24,41,11.59,Non-binary,Master's Degree,Employed
7496,29,57396,4.89,40,3.85,Prefer not to say,Master's Degree,Self-employed
7497,29,41312,1.03,25,33.33,Non-binary,High School,Self-employed
7498,56,62342,4.78,17,14.84,Prefer not to say,Master's Degree,Employed
7499,18,53234,3.19,30,74.5,Non-binary,High School,Self-employed
7500,33,56535,3.81,34,27.88,Prefer not to say,Associate Degree,Self-employed
7501,52,68614,1.75,28,87.75,Female,Doctorate,Unemployed
7502,36,54797,3.62,39,61.73,Female,Bachelor's Degree,Student
7503,42,73082,4.53,50,39.37,Non-binary,High School,Employed
7504,35,63668,1.56,47,61.01,Prefer not to say,Master's Degree,Unemployed
7505,28,42148,1.51,44,29.52,Non-binary,Bachelor's Degree,Retired
7506,18,69397,2.22,49,14.13,Prefer not to say,Associate Degree,Unemployed
7507,37,53957,1.65,30,96.42,Non-binary,Doctorate,Unemployed
7508,27,44079,1.44,35,56.32,Male,High School,Self-employed
7509,26,54175,3.71,46,0.73,Female,Master's Degree,Student
7510,30,66684,1.86,35,31.03,Non-binary,Bachelor's Degree,Unemployed
7511,52,56825,3.67,35,15.95,Male,Bachelor's Degree,Retired
7512,59,77335,4.45,58,25.82,Female,Bachelor's Degree,Self-employed
7513,37,66297,3.61,40,5.57,Male,Doctorate,Unemployed
7514,30,57847,1.48,57,24.51,Prefer not to say,High School,Retired
7515,23,34608,3.29,21,68.3,Prefer not to say,Doctorate,Employed
7516,39,47304,2.57,33,82.06,Prefer not to say,Master's Degree,Unemployed
7517,52,51074,2.37,44,34.74,Non-binary,High School,Employed
7518,32,60449,2.27,40,52.25,Male,Associate Degree,Employed
7519,18,59559,4.72,19,4.18,Male,Associate Degree,Retired
7520,41,52543,3.97,37,9.08,Prefer not to say,Doctorate,Self-employed
7521,44,51805,1.54,64,55.19,Non-binary,Doctorate,Student
7522,19,60806,2.9,42,84.06,Prefer not to say,Doctorate,Student
7523,36,37121,2.27,46,8.8,Non-binary,Associate Degree,Unemployed
7524,39,75432,4.91,33,41.85,Female,Associate Degree,Retired
7525,34,20000,4.91,42,97.04,Male,High School,Employed
7526,27,71831,2.28,39,73.88,Non-binary,High School,Unemployed
7527,45,49322,2.41,51,19.76,Prefer not to say,Doctorate,Self-employed
7528,30,65038,3.4,50,28.52,Non-binary,Bachelor's Degree,Student
7529,20,55457,2.92,44,94.79,Non-binary,High School,Student
7530,18,55190,1.85,40,22.1,Female,Associate Degree,Employed
7531,47,58313,3.64,23,44.09,Prefer not to say,Master's Degree,Unemployed
7532,41,62135,2.34,22,35.56,Male,Bachelor's Degree,Unemployed
7533,35,45067,3.61,40,49,Non-binary,Associate Degree,Student
7534,30,65521,2.53,48,23.66,Prefer not to say,Bachelor's Degree,Self-employed
7535,29,33732,3.8,53,66.84,Male,Master's Degree,Retired
7536,24,49920,3.67,31,23.46,Non-binary,Doctorate,Employed
7537,30,62539,3.04,24,60.21,Non-binary,Bachelor's Degree,Student
7538,18,64925,3.82,49,35.78,Prefer not to say,Master's Degree,Student
7539,27,56911,2.84,31,25.15,Male,Master's Degree,Unemployed
7540,31,44099,1.46,24,69.5,Male,Bachelor's Degree,Employed
7541,41,63450,1.73,35,96.52,Female,Bachelor's Degree,Student
7542,34,39959,1.98,34,86.94,Female,Bachelor's Degree,Student
7543,42,76271,1.25,53,8.68,Prefer not to say,Bachelor's Degree,Student
7544,48,48729,3.85,48,45.44,Male,Doctorate,Employed
7545,45,26905,2.47,32,69.48,Non-binary,Associate Degree,Student
7546,39,32079,1.37,53,56.26,Prefer not to say,High School,Student
7547,35,50654,4.28,41,72.64,Female,Doctorate,Unemployed
7548,25,52097,3.73,50,97.51,Prefer not to say,Bachelor's Degree,Self-employed
7549,42,79544,2.81,53,34.23,Male,Master's Degree,Retired
7550,51,34422,1.99,37,77.09,Prefer not to say,Doctorate,Employed
7551,38,50591,1.61,45,9.41,Female,High School,Retired
7552,54,34108,2.83,35,86.97,Male,High School,Student
7553,19,42610,4.54,49,77.84,Non-binary,Doctorate,Self-employed
7554,23,75259,1.75,40,52.1,Female,Master's Degree,Unemployed
7555,43,32954,3.27,49,82.1,Female,Master's Degree,Unemployed
7556,37,58805,4.85,55,66.66,Female,Master's Degree,Employed
7557,48,55893,3.55,45,55.22,Prefer not to say,Associate Degree,Self-employed
7558,34,49637,2.76,39,94.6,Female,Master's Degree,Employed
7559,26,57791,3.87,39,13.03,Prefer not to say,High School,Unemployed
7560,32,32599,4.3,10,99.3,Prefer not to say,Bachelor's Degree,Student
7561,19,74844,3.36,32,15.44,Male,Bachelor's Degree,Employed
7562,23,78872,4.49,49,48.02,Male,High School,Self-employed
7563,44,50706,3.06,49,23.14,Female,Master's Degree,Employed
7564,43,86346,4.32,32,27.19,Prefer not to say,Bachelor's Degree,Unemployed
7565,38,44014,4.81,41,63.18,Non-binary,High School,Employed
7566,18,56006,3,38,3.47,Prefer not to say,Master's Degree,Student
7567,31,71478,3.42,46,94.07,Male,Associate Degree,Unemployed
7568,22,43114,3.44,62,27.96,Male,Bachelor's Degree,Employed
7569,46,29276,4.13,47,27.25,Prefer not to say,Master's Degree,Retired
7570,29,25824,4.29,33,86.36,Prefer not to say,Master's Degree,Retired
7571,24,80912,1.11,39,76.48,Prefer not to say,Bachelor's Degree,Unemployed
7572,35,42064,3.93,54,67.17,Non-binary,Master's Degree,Student
7573,28,47213,4.14,25,14.64,Prefer not to say,Doctorate,Self-employed
7574,49,33308,3.8,33,76.96,Female,Doctorate,Student
7575,27,64225,3.85,47,36.08,Female,Associate Degree,Employed
7576,21,38276,1.17,52,99.39,Male,High School,Unemployed
7577,18,42631,2.77,46,67.12,Non-binary,Doctorate,Retired
7578,34,54492,4.27,33,83.59,Non-binary,Doctorate,Self-employed
7579,29,34039,4.74,45,73.38,Male,Associate Degree,Unemployed
7580,20,47321,1.92,44,59.42,Female,Doctorate,Unemployed
7581,46,71033,3.32,43,71.63,Female,Doctorate,Unemployed
7582,41,56423,4.22,39,59.75,Non-binary,Bachelor's Degree,Employed
7583,34,51958,4.01,40,5.12,Prefer not to say,Associate Degree,Retired
7584,48,53222,3.48,30,34.55,Prefer not to say,Master's Degree,Retired
7585,41,44162,1.07,64,31.64,Non-binary,Master's Degree,Retired
7586,26,79942,3.9,41,71.4,Non-binary,High School,Self-employed
7587,24,37817,4.09,45,57.62,Non-binary,High School,Employed
7588,43,53163,3.89,37,61.05,Non-binary,Doctorate,Student
7589,38,51725,4.06,48,84.7,Non-binary,Doctorate,Retired
7590,36,65131,2.72,27,52.53,Non-binary,Master's Degree,Student
7591,26,66547,4.98,22,21.83,Non-binary,Associate Degree,Unemployed
7592,41,49519,4.08,39,1.24,Non-binary,Bachelor's Degree,Unemployed
7593,27,54359,3.31,60,15.95,Prefer not to say,High School,Unemployed
7594,33,54928,4.74,52,3.06,Male,Doctorate,Retired
7595,49,20000,4.63,31,23.71,Female,High School,Unemployed
7596,28,26165,4.26,45,63.5,Male,Master's Degree,Employed
7597,19,40924,3.25,33,15.14,Male,Associate Degree,Unemployed
7598,24,41576,3.11,44,8.19,Non-binary,Master's Degree,Retired
7599,44,32010,2.31,45,97.09,Non-binary,Bachelor's Degree,Employed
7600,37,61243,2,49,99.69,Non-binary,Associate Degree,Retired
7601,33,50031,3.05,24,63.7,Male,Bachelor's Degree,Unemployed
7602,29,46779,3.31,27,10.86,Prefer not to say,Bachelor's Degree,Employed
7603,39,31157,1.98,39,82.15,Non-binary,Associate Degree,Unemployed
7604,26,49331,4.69,29,53.92,Non-binary,Bachelor's Degree,Employed
7605,38,20000,3.23,28,18.21,Female,High School,Student
7606,27,47555,3.11,42,57.57,Prefer not to say,Doctorate,Employed
7607,26,50947,2.74,30,3.94,Non-binary,Associate Degree,Student
7608,28,53628,1.23,62,97.25,Prefer not to say,Master's Degree,Unemployed
7609,31,26538,4.53,34,82.6,Female,Master's Degree,Employed
7610,34,53372,2.27,37,26.08,Male,Doctorate,Retired
7611,37,34378,3.57,42,41.89,Female,Master's Degree,Employed
7612,18,37812,3.43,24,39.53,Prefer not to say,Doctorate,Employed
7613,26,60768,3.34,45,86.15,Non-binary,High School,Employed
7614,31,80211,3.1,43,35.46,Non-binary,Master's Degree,Self-employed
7615,50,50770,1.73,36,4.8,Female,Master's Degree,Retired
7616,24,37743,2.12,42,21.47,Female,High School,Employed
7617,36,52830,3.1,44,21.56,Prefer not to say,Master's Degree,Employed
7618,49,64085,4.16,54,94.92,Prefer not to say,Master's Degree,Unemployed
7619,21,59314,2.73,65,92.41,Prefer not to say,High School,Retired
7620,38,91146,1.82,29,30.06,Non-binary,High School,Employed
7621,26,39269,1.35,27,0.28,Female,High School,Employed
7622,29,53783,3.65,41,51.7,Prefer not to say,Master's Degree,Employed
7623,26,73233,2.69,19,79.72,Female,Doctorate,Student
7624,27,72292,1.5,46,26.86,Non-binary,Doctorate,Self-employed
7625,62,20748,3.7,41,43.9,Male,Associate Degree,Retired
7626,43,49949,1.83,43,17.28,Prefer not to say,Associate Degree,Student
7627,46,72267,3.04,36,32.74,Male,Master's Degree,Employed
7628,39,93359,2.22,42,75.89,Non-binary,Master's Degree,Retired
7629,18,60556,4.73,44,42.83,Female,Doctorate,Student
7630,38,44482,1.91,42,44.73,Male,Bachelor's Degree,Self-employed
7631,45,34861,2.68,26,78.96,Female,Associate Degree,Student
7632,26,83281,4.84,41,76.3,Prefer not to say,Doctorate,Unemployed
7633,44,60931,2.27,58,18.72,Prefer not to say,Master's Degree,Employed
7634,42,37278,3.58,42,41.53,Non-binary,Associate Degree,Student
7635,53,46952,2.27,41,84.89,Prefer not to say,Associate Degree,Self-employed
7636,30,54652,1.44,55,45.67,Female,Associate Degree,Employed
7637,24,58157,3.51,32,66.18,Prefer not to say,Master's Degree,Unemployed
7638,31,36505,4.66,48,30.6,Male,Doctorate,Unemployed
7639,49,40787,2.81,34,5.96,Female,Bachelor's Degree,Student
7640,18,25205,3.5,50,16.49,Prefer not to say,Master's Degree,Employed
7641,18,65596,3.44,47,40.17,Male,Associate Degree,Student
7642,35,44875,2.66,35,35.35,Female,High School,Unemployed
7643,30,56994,3.46,37,89.56,Male,Doctorate,Retired
7644,35,71333,2.04,49,54.56,Female,Master's Degree,Student
7645,44,53298,2.51,21,62.72,Male,Associate Degree,Retired
7646,29,48305,2.77,35,68.87,Male,Bachelor's Degree,Employed
7647,18,52908,4.46,46,53.16,Prefer not to say,Associate Degree,Unemployed
7648,55,50947,2.39,36,76.96,Non-binary,Associate Degree,Student
7649,25,68692,3.54,41,78.31,Prefer not to say,Master's Degree,Student
7650,24,54662,1.85,19,35.14,Female,Bachelor's Degree,Student
7651,46,41833,2.01,31,8.48,Male,High School,Employed
7652,31,65717,3.59,46,98.64,Female,Master's Degree,Employed
7653,34,68457,4.05,32,64.26,Prefer not to say,Doctorate,Self-employed
7654,39,29925,2.85,26,70.89,Female,Bachelor's Degree,Student
7655,45,72991,2.34,50,75.67,Prefer not to say,High School,Employed
7656,31,55470,4.64,45,61.3,Prefer not to say,High School,Unemployed
7657,50,54249,1.54,29,47.09,Non-binary,Bachelor's Degree,Employed
7658,18,65099,3.88,41,98.47,Prefer not to say,Doctorate,Employed
7659,42,41495,3.76,29,72.77,Male,Associate Degree,Student
7660,26,64312,3.76,38,84.58,Prefer not to say,Master's Degree,Retired
7661,48,44348,4.74,41,43.97,Prefer not to say,Doctorate,Unemployed
7662,36,27875,3.91,31,90.48,Male,High School,Retired
7663,28,35033,2.21,47,73.22,Prefer not to say,Doctorate,Self-employed
7664,41,58505,2.41,48,74.61,Female,Associate Degree,Student
7665,43,35817,2.56,42,8.69,Non-binary,Doctorate,Retired
7666,41,74151,1.12,44,61.75,Male,Doctorate,Employed
7667,24,67839,4.65,25,33.52,Male,High School,Employed
7668,30,70001,1.29,53,66.9,Female,Doctorate,Self-employed
7669,34,51871,3.8,39,56.82,Male,Master's Degree,Self-employed
7670,34,53867,3.92,30,11.12,Female,Bachelor's Degree,Unemployed
7671,42,32094,4.37,41,53,Male,High School,Unemployed
7672,18,64936,3.21,47,45.13,Prefer not to say,Bachelor's Degree,Student
7673,38,55697,3.9,45,77.64,Male,Doctorate,Self-employed
7674,32,58509,2.21,29,50.26,Non-binary,Associate Degree,Student
7675,26,75324,3.98,47,48.12,Male,High School,Retired
7676,27,40910,2.37,39,71.95,Male,Doctorate,Unemployed
7677,32,48107,4.61,45,66.86,Non-binary,Doctorate,Student
7678,18,54900,1.65,31,99.19,Male,Associate Degree,Self-employed
7679,27,35968,2.26,50,35.2,Female,Doctorate,Retired
7680,26,47186,3,41,68.84,Female,Master's Degree,Unemployed
7681,40,57394,4.1,51,16.73,Non-binary,Associate Degree,Student
7682,26,45118,4,24,80.46,Prefer not to say,High School,Self-employed
7683,32,69634,1.84,25,78.62,Male,High School,Student
7684,50,27336,1.58,37,72.58,Non-binary,Bachelor's Degree,Unemployed
7685,44,66841,2.22,54,11.91,Non-binary,Master's Degree,Retired
7686,44,59917,2.94,59,98.75,Male,Master's Degree,Employed
7687,30,41467,3.16,31,94.26,Prefer not to say,High School,Retired
7688,40,36133,2.72,40,37.01,Male,Doctorate,Student
7689,32,20000,3.65,41,57.73,Male,Master's Degree,Student
7690,33,38072,2.71,47,88.89,Non-binary,Master's Degree,Employed
7691,39,65707,4.79,48,49.46,Prefer not to say,Doctorate,Student
7692,29,49158,2.04,28,59.92,Non-binary,Associate Degree,Retired
7693,49,67444,3.51,40,60.32,Prefer not to say,Doctorate,Unemployed
7694,33,40701,3.45,19,64.93,Prefer not to say,Bachelor's Degree,Retired
7695,41,60606,2.13,48,57.55,Non-binary,Bachelor's Degree,Retired
7696,49,39237,2.65,36,40.59,Prefer not to say,High School,Retired
7697,45,35516,2.46,27,53.95,Male,Associate Degree,Unemployed
7698,20,48393,1.69,43,87.14,Non-binary,Master's Degree,Student
7699,39,40025,2.91,36,86.41,Non-binary,High School,Retired
7700,43,26857,2.55,52,77.25,Male,High School,Unemployed
7701,43,47265,1.71,31,41.41,Prefer not to say,Master's Degree,Student
7702,23,51596,2.8,62,78.6,Prefer not to say,Master's Degree,Unemployed
7703,28,69025,2.69,48,38.79,Prefer not to say,Doctorate,Unemployed
7704,44,64052,1.53,52,66.41,Male,Bachelor's Degree,Retired
7705,27,68299,1.52,29,56.74,Non-binary,Master's Degree,Employed
7706,32,60805,3.59,57,30,Female,Doctorate,Retired
7707,50,54989,3.83,27,45.29,Non-binary,Bachelor's Degree,Unemployed
7708,34,31565,4.76,37,83.04,Female,Associate Degree,Unemployed
7709,27,52248,1.35,53,91.28,Non-binary,Associate Degree,Unemployed
7710,26,58951,1.47,45,20.53,Female,Associate Degree,Self-employed
7711,38,71861,1.21,27,45.62,Male,Master's Degree,Retired
7712,21,60294,3.13,51,43.35,Prefer not to say,Bachelor's Degree,Employed
7713,32,68605,3.49,43,48.9,Male,Bachelor's Degree,Student
7714,38,34520,2.61,35,97.66,Prefer not to say,Associate Degree,Employed
7715,47,45103,4.19,24,51.87,Non-binary,High School,Employed
7716,41,56440,3.75,44,83.01,Male,Bachelor's Degree,Self-employed
7717,27,67414,4.94,38,66.39,Non-binary,Bachelor's Degree,Unemployed
7718,46,47821,1.55,41,10.72,Prefer not to say,Doctorate,Employed
7719,32,48763,1.23,24,69.57,Non-binary,Associate Degree,Unemployed
7720,22,60307,2.1,35,64.71,Male,High School,Retired
7721,33,33111,1.08,44,75.85,Female,Doctorate,Unemployed
7722,49,74111,4.73,58,7.44,Prefer not to say,High School,Unemployed
7723,36,36812,2.22,37,24.13,Non-binary,High School,Retired
7724,35,21221,3.21,54,76.93,Female,High School,Retired
7725,51,50151,2.27,47,37.06,Female,Master's Degree,Employed
7726,20,75476,1.98,42,91.08,Male,Bachelor's Degree,Self-employed
7727,22,58796,1.61,29,51.77,Non-binary,Bachelor's Degree,Student
7728,18,61266,2.28,30,0.1,Male,Doctorate,Retired
7729,38,50620,3.46,46,69.88,Non-binary,High School,Retired
7730,36,47714,4.89,34,51.35,Female,High School,Student
7731,50,26826,3.23,33,31.71,Non-binary,Bachelor's Degree,Unemployed
7732,37,20000,3.13,38,2.04,Prefer not to say,High School,Retired
7733,30,52944,1.14,38,19.87,Female,High School,Student
7734,35,69688,4.36,49,16.16,Prefer not to say,High School,Employed
7735,36,55162,1.18,34,58.29,Male,Associate Degree,Self-employed
7736,18,59353,4.62,48,76.96,Prefer not to say,Associate Degree,Retired
7737,62,73755,3.15,44,23.46,Male,Associate Degree,Student
7738,40,54931,1.67,23,69.77,Male,Doctorate,Retired
7739,37,48160,2.81,42,89.98,Prefer not to say,High School,Unemployed
7740,41,37722,4.98,13,62.16,Non-binary,Associate Degree,Retired
7741,42,80333,2.22,31,77.56,Prefer not to say,Associate Degree,Retired
7742,33,57898,2.08,44,20.42,Non-binary,Master's Degree,Unemployed
7743,28,35845,1.47,39,7.49,Male,Doctorate,Retired
7744,40,32432,3.39,22,36.54,Prefer not to say,Associate Degree,Unemployed
7745,38,68795,1.36,28,70.9,Prefer not to say,Associate Degree,Student
7746,26,34438,4.06,13,68.61,Non-binary,Associate Degree,Self-employed
7747,49,77807,4.68,26,95.51,Prefer not to say,Master's Degree,Self-employed
7748,37,20000,4.73,45,63,Prefer not to say,Master's Degree,Student
7749,42,71338,1.43,34,41.13,Non-binary,Doctorate,Employed
7750,48,57303,3.23,41,79.71,Non-binary,High School,Employed
7751,35,51778,1.39,40,15.31,Female,High School,Self-employed
7752,38,47368,3.29,40,81.3,Non-binary,Doctorate,Student
7753,43,78360,4.26,50,36.59,Male,High School,Retired
7754,27,60605,3.15,37,15.4,Male,Bachelor's Degree,Student
7755,35,36451,4.49,49,16.21,Non-binary,High School,Unemployed
7756,36,24216,4.21,15,98.36,Female,Master's Degree,Student
7757,25,52659,2.11,51,62.32,Female,Master's Degree,Employed
7758,58,49983,3.52,27,17.43,Prefer not to say,Associate Degree,Retired
7759,20,27201,1.03,29,26.86,Female,Master's Degree,Retired
7760,22,49169,2.58,32,37.21,Male,Bachelor's Degree,Self-employed
7761,48,41390,1.95,50,5.59,Male,Bachelor's Degree,Unemployed
7762,42,50139,4.75,31,10.84,Non-binary,Bachelor's Degree,Retired
7763,24,60888,2.62,33,76.18,Non-binary,Associate Degree,Self-employed
7764,41,72389,3.62,30,78.69,Prefer not to say,High School,Retired
7765,49,63633,3.93,42,98.82,Non-binary,Associate Degree,Employed
7766,34,39178,4.09,47,6.76,Female,Master's Degree,Retired
7767,60,55533,3.94,57,88.92,Prefer not to say,Bachelor's Degree,Employed
7768,18,50946,2.16,63,31.72,Non-binary,Associate Degree,Student
7769,41,30018,3.74,46,32.79,Non-binary,Associate Degree,Employed
7770,46,55973,3.2,43,12.73,Non-binary,Bachelor's Degree,Employed
7771,43,77850,3.39,27,98.63,Non-binary,Doctorate,Employed
7772,32,50486,1,59,98.1,Non-binary,Bachelor's Degree,Retired
7773,32,26087,2.03,42,86.48,Male,Doctorate,Unemployed
7774,39,50454,4.72,37,9.08,Prefer not to say,Bachelor's Degree,Employed
7775,43,31794,2.16,43,84.16,Male,High School,Self-employed
7776,41,62954,2.75,33,63.46,Prefer not to say,Doctorate,Retired
7777,45,57872,1.75,16,12.88,Female,Doctorate,Unemployed
7778,24,47436,1.55,45,26.18,Female,Associate Degree,Unemployed
7779,32,45032,1.83,53,68.92,Female,Doctorate,Retired
7780,25,46816,3.21,45,80.34,Prefer not to say,Master's Degree,Self-employed
7781,31,50124,4.68,39,84.81,Male,Associate Degree,Student
7782,45,38416,2.3,40,54.38,Male,Associate Degree,Retired
7783,36,29183,2.29,41,53.46,Non-binary,High School,Unemployed
7784,61,67080,3.26,41,68.42,Prefer not to say,Associate Degree,Student
7785,36,44218,2.43,39,77.77,Female,Associate Degree,Unemployed
7786,35,52505,4.64,40,17.06,Prefer not to say,Master's Degree,Employed
7787,36,54279,2.51,55,73.98,Non-binary,Associate Degree,Student
7788,28,54830,2.96,44,34.17,Male,Doctorate,Retired
7789,34,32392,3.13,41,38.38,Non-binary,High School,Retired
7790,46,24862,4.13,46,7.77,Non-binary,Master's Degree,Self-employed
7791,36,41169,3.26,46,58.84,Non-binary,Bachelor's Degree,Student
7792,27,55935,1.96,49,9.34,Non-binary,Bachelor's Degree,Self-employed
7793,25,39080,1.5,32,91.31,Male,Bachelor's Degree,Retired
7794,30,44676,4.75,35,62.1,Male,Master's Degree,Self-employed
7795,35,81909,4.21,31,99.03,Male,Bachelor's Degree,Student
7796,46,22318,1.09,47,24.57,Male,Doctorate,Retired
7797,21,38674,4.29,47,67.96,Female,Bachelor's Degree,Unemployed
7798,31,78449,3.36,27,96.44,Prefer not to say,Bachelor's Degree,Retired
7799,36,49331,3.08,43,29.86,Female,High School,Self-employed
7800,18,39410,1.05,53,9.63,Non-binary,Bachelor's Degree,Self-employed
7801,26,67531,4.12,37,63.4,Non-binary,Bachelor's Degree,Retired
7802,28,50828,1.79,43,36.61,Non-binary,Associate Degree,Employed
7803,27,44775,3.91,47,27.31,Non-binary,Doctorate,Employed
7804,36,52885,1.06,26,99.36,Female,Master's Degree,Employed
7805,33,40128,4.19,41,75.41,Male,High School,Unemployed
7806,29,34737,1.09,52,48.54,Non-binary,Master's Degree,Unemployed
7807,39,48296,1.94,34,5,Female,Bachelor's Degree,Unemployed
7808,52,34835,2.07,48,19.16,Female,Associate Degree,Retired
7809,51,50160,1.63,40,29.88,Non-binary,Bachelor's Degree,Retired
7810,18,55316,2.92,33,48.72,Non-binary,Bachelor's Degree,Student
7811,40,62795,2.13,39,49.72,Female,High School,Employed
7812,33,66918,4.97,34,2.47,Prefer not to say,High School,Student
7813,36,43913,3.32,31,94.34,Female,Master's Degree,Employed
7814,31,57491,3.27,37,54.28,Prefer not to say,Bachelor's Degree,Self-employed
7815,36,57387,1.88,40,1.97,Non-binary,Master's Degree,Student
7816,36,54917,2.63,38,70.13,Male,Bachelor's Degree,Retired
7817,29,42808,1.5,37,7.14,Male,High School,Self-employed
7818,26,34578,4.05,42,72.12,Prefer not to say,Associate Degree,Student
7819,30,57530,2.32,45,70.15,Non-binary,Master's Degree,Self-employed
7820,37,24397,4.01,28,98.49,Non-binary,Master's Degree,Self-employed
7821,40,45982,2.49,37,34.2,Prefer not to say,Doctorate,Self-employed
7822,43,20000,4.96,20,14.43,Male,Doctorate,Retired
7823,30,29953,1.68,38,9.19,Female,Associate Degree,Self-employed
7824,37,36842,1.01,41,7.17,Prefer not to say,Doctorate,Retired
7825,44,66450,3.38,45,81.03,Non-binary,Associate Degree,Unemployed
7826,46,60321,4.81,41,71.85,Non-binary,Bachelor's Degree,Self-employed
7827,34,41690,3.59,45,97.59,Male,Doctorate,Employed
7828,32,60940,1.34,40,30.92,Prefer not to say,Doctorate,Retired
7829,36,63314,3.16,33,80.31,Prefer not to say,Master's Degree,Unemployed
7830,23,47590,4.64,28,9.3,Prefer not to say,Associate Degree,Retired
7831,33,29234,1.03,37,90.39,Non-binary,Master's Degree,Self-employed
7832,42,46881,1.67,32,5.18,Female,Doctorate,Retired
7833,41,48531,4.26,38,78.79,Prefer not to say,Bachelor's Degree,Student
7834,32,31513,4.58,35,30.74,Female,High School,Student
7835,37,55505,3.83,44,18.12,Non-binary,Associate Degree,Employed
7836,26,54197,4.97,40,70.45,Female,Associate Degree,Retired
7837,42,56675,1.36,44,89.59,Female,Bachelor's Degree,Self-employed
7838,34,54183,3.18,44,76.41,Female,Bachelor's Degree,Self-employed
7839,32,60947,3.74,38,31.31,Non-binary,Associate Degree,Student
7840,31,47310,3.81,38,35.36,Non-binary,Associate Degree,Retired
7841,34,53026,4.17,45,18.93,Non-binary,Bachelor's Degree,Self-employed
7842,30,44033,4.67,64,82.41,Female,Bachelor's Degree,Unemployed
7843,41,41232,2.45,30,10.71,Male,Bachelor's Degree,Self-employed
7844,31,70073,1.17,40,90.32,Male,Doctorate,Retired
7845,50,20000,2.45,28,60.11,Male,Associate Degree,Student
7846,49,63151,3.69,39,58.89,Female,Associate Degree,Unemployed
7847,26,40691,1.85,33,83.78,Male,Bachelor's Degree,Self-employed
7848,35,38749,4.24,38,66.75,Non-binary,Master's Degree,Employed
7849,28,53923,1.88,41,30.42,Female,High School,Employed
7850,31,27655,1.04,35,34.95,Prefer not to say,Associate Degree,Student
7851,55,37759,3.03,22,17.31,Male,Doctorate,Unemployed
7852,31,37262,3.91,54,46.41,Female,High School,Employed
7853,38,46679,2.4,48,11.02,Prefer not to say,Master's Degree,Employed
7854,40,37937,4,38,65.3,Female,Doctorate,Self-employed
7855,24,74016,2.75,31,16.92,Prefer not to say,Bachelor's Degree,Retired
7856,26,76955,1.69,40,86.39,Non-binary,Master's Degree,Self-employed
7857,22,20000,1.36,43,70.05,Female,Bachelor's Degree,Self-employed
7858,26,58164,3.84,47,89.15,Non-binary,Doctorate,Student
7859,18,62879,2.54,48,8.7,Non-binary,Doctorate,Self-employed
7860,40,58144,4.65,50,79.85,Prefer not to say,Bachelor's Degree,Unemployed
7861,55,40128,3.16,22,88.08,Male,High School,Unemployed
7862,36,46338,2.39,36,4.46,Prefer not to say,Associate Degree,Retired
7863,20,38775,2.4,49,99.91,Male,Associate Degree,Employed
7864,28,43696,1.53,30,30.06,Prefer not to say,Doctorate,Employed
7865,30,31850,3.38,52,21.17,Female,Master's Degree,Retired
7866,24,48278,3.33,58,41.49,Male,Bachelor's Degree,Retired
7867,43,27457,4.2,51,0.86,Female,Master's Degree,Self-employed
7868,43,46997,1.8,46,88.59,Prefer not to say,Bachelor's Degree,Student
7869,23,31271,2.16,35,26.85,Non-binary,Master's Degree,Employed
7870,42,53102,1.39,42,52.16,Prefer not to say,Bachelor's Degree,Employed
7871,50,39808,2.18,26,62.36,Female,Doctorate,Retired
7872,54,54358,2.71,32,79.11,Prefer not to say,High School,Retired
7873,63,66223,4.86,32,25.02,Non-binary,Associate Degree,Employed
7874,25,73841,3.61,40,71.71,Non-binary,Master's Degree,Employed
7875,63,20000,4.13,36,11.77,Prefer not to say,Associate Degree,Self-employed
7876,31,37487,2.3,42,70.42,Prefer not to say,Master's Degree,Employed
7877,29,45453,1.58,48,91.93,Female,Doctorate,Retired
7878,38,56904,2.03,32,8.5,Non-binary,Doctorate,Unemployed
7879,29,25244,2.03,41,11.67,Male,Master's Degree,Unemployed
7880,38,35268,3.33,35,55.72,Female,Master's Degree,Unemployed
7881,21,51955,2.37,41,4.64,Male,Master's Degree,Self-employed
7882,32,51273,4.43,46,18.74,Non-binary,Doctorate,Unemployed
7883,47,55664,4.95,49,19.02,Non-binary,High School,Student
7884,34,56655,2.37,46,48.12,Female,High School,Student
7885,36,55078,3.82,44,24.85,Non-binary,Master's Degree,Self-employed
7886,39,52904,3.63,25,47.55,Male,Bachelor's Degree,Unemployed
7887,46,50836,1.78,29,52.12,Prefer not to say,High School,Retired
7888,18,59971,4.67,31,73.06,Female,Doctorate,Self-employed
7889,40,20000,1.8,43,94.6,Prefer not to say,Doctorate,Employed
7890,32,73165,3.95,27,50.37,Prefer not to say,Doctorate,Self-employed
7891,36,20000,2.39,43,35.5,Female,Associate Degree,Student
7892,45,33812,2.47,42,25.87,Male,Associate Degree,Retired
7893,23,46598,2.82,20,63.47,Non-binary,Doctorate,Unemployed
7894,24,60089,4.46,29,94.29,Non-binary,High School,Student
7895,18,20000,1.56,50,76.47,Female,Associate Degree,Unemployed
7896,29,49578,1.22,46,20.61,Male,Bachelor's Degree,Unemployed
7897,48,61885,2.61,31,89.33,Female,Master's Degree,Self-employed
7898,33,64917,1.22,29,73.55,Female,Associate Degree,Self-employed
7899,21,39540,3.75,15,12.79,Non-binary,Associate Degree,Student
7900,30,45487,4.04,54,71.28,Female,High School,Unemployed
7901,20,40757,4.42,40,28.94,Male,High School,Self-employed
7902,23,44109,3.98,58,49.14,Male,Bachelor's Degree,Student
7903,38,34522,4.67,38,30.02,Male,Bachelor's Degree,Unemployed
7904,23,36661,3.99,42,8.41,Male,Bachelor's Degree,Employed
7905,46,56515,4.74,48,76.86,Non-binary,Bachelor's Degree,Employed
7906,34,51974,1.77,56,82.87,Non-binary,Associate Degree,Student
7907,35,57373,3,45,23.2,Non-binary,Bachelor's Degree,Employed
7908,32,53210,4.98,40,23.96,Non-binary,Bachelor's Degree,Retired
7909,42,60565,3.73,40,43,Male,Doctorate,Student
7910,42,63173,4.51,29,81.15,Male,Associate Degree,Student
7911,38,23874,1.12,36,7.73,Female,Associate Degree,Unemployed
7912,40,37185,4.49,40,80.87,Female,Associate Degree,Retired
7913,32,46529,3.79,53,92.27,Non-binary,Master's Degree,Student
7914,40,49659,1.68,35,56.15,Female,Bachelor's Degree,Self-employed
7915,31,39948,1.1,50,6.04,Non-binary,Bachelor's Degree,Student
7916,35,63680,2.04,39,26.96,Non-binary,Bachelor's Degree,Retired
7917,32,79699,4.66,52,11.14,Non-binary,High School,Student
7918,30,52792,3.67,46,25.93,Prefer not to say,High School,Employed
7919,28,51265,4.68,46,81.18,Female,High School,Retired
7920,39,62741,2.78,49,5.57,Female,Master's Degree,Self-employed
7921,48,22012,4.75,48,28.38,Non-binary,Bachelor's Degree,Retired
7922,46,50427,2.85,50,51.7,Male,Associate Degree,Student
7923,22,64685,1.82,61,87.4,Prefer not to say,Associate Degree,Self-employed
7924,47,40352,1.61,56,25,Female,Doctorate,Self-employed
7925,31,31601,4.98,44,77.83,Male,High School,Self-employed
7926,41,47212,2.34,35,58.36,Non-binary,Master's Degree,Employed
7927,25,49089,1.64,43,67.64,Non-binary,Doctorate,Retired
7928,36,36370,1.03,20,86.18,Female,Master's Degree,Student
7929,38,81442,2.14,48,2.64,Female,Associate Degree,Employed
7930,20,42819,4.56,29,52.97,Prefer not to say,Bachelor's Degree,Self-employed
7931,41,32695,3.14,51,74.72,Female,Associate Degree,Student
7932,48,48595,3.53,59,88.46,Prefer not to say,Associate Degree,Unemployed
7933,33,63617,4.69,25,13.27,Non-binary,High School,Student
7934,48,50261,3.05,39,34.15,Male,Associate Degree,Unemployed
7935,33,57283,4.35,29,7.86,Male,Master's Degree,Unemployed
7936,43,36927,2.3,22,83.49,Prefer not to say,Bachelor's Degree,Self-employed
7937,18,72315,4.91,38,85.74,Prefer not to say,High School,Unemployed
7938,59,58425,1.32,46,48.36,Female,Doctorate,Employed
7939,49,65715,3.9,47,2.08,Female,Associate Degree,Self-employed
7940,32,55477,3.64,41,10.22,Female,High School,Unemployed
7941,18,62373,1.77,23,62.44,Male,High School,Retired
7942,37,36904,2.56,41,98.26,Female,High School,Employed
7943,20,42628,2.25,25,83.89,Female,Master's Degree,Retired
7944,39,70197,1.38,25,79.79,Non-binary,Doctorate,Student
7945,39,73396,3.34,30,41.8,Prefer not to say,High School,Employed
7946,25,32794,4.97,50,98.52,Female,Master's Degree,Retired
7947,46,53746,3.24,45,82.5,Non-binary,Doctorate,Retired
7948,43,43535,3.18,43,33.57,Male,Bachelor's Degree,Self-employed
7949,44,39544,1.16,31,74.85,Female,Master's Degree,Student
7950,35,54272,1.56,36,43.25,Male,High School,Employed
7951,20,67114,3.05,26,66.05,Male,Associate Degree,Employed
7952,44,56774,4.94,53,97.01,Male,Master's Degree,Employed
7953,32,45207,4.51,61,24.65,Male,Bachelor's Degree,Unemployed
7954,21,57722,2.36,45,79.5,Prefer not to say,Doctorate,Employed
7955,48,44600,3.17,47,59.04,Male,Bachelor's Degree,Unemployed
7956,55,56181,3.21,38,95,Non-binary,Doctorate,Self-employed
7957,34,70946,3.74,23,13.45,Non-binary,Master's Degree,Unemployed
7958,56,20000,3.75,31,71.97,Male,Doctorate,Student
7959,35,61958,4.16,35,3.72,Male,High School,Unemployed
7960,31,26914,1.1,36,24.66,Prefer not to say,Master's Degree,Student
7961,28,68424,4.77,33,32.09,Female,Associate Degree,Student
7962,51,40444,1.28,40,43.23,Male,Bachelor's Degree,Student
7963,27,31734,2.9,31,96.53,Non-binary,Bachelor's Degree,Student
7964,42,60429,4.68,61,6.76,Non-binary,Master's Degree,Employed
7965,29,55462,2.95,26,16.9,Prefer not to say,Associate Degree,Student
7966,30,35012,1.25,48,20.3,Non-binary,Master's Degree,Retired
7967,45,31205,1.92,37,42.4,Non-binary,High School,Self-employed
7968,31,47187,3.31,44,6.07,Male,High School,Retired
7969,30,31938,1.35,45,96.54,Prefer not to say,Associate Degree,Employed
7970,46,34077,2.69,41,55.99,Non-binary,Master's Degree,Student
7971,50,51734,2.32,28,81.33,Non-binary,Associate Degree,Unemployed
7972,41,35511,4.26,36,77.25,Prefer not to say,Associate Degree,Employed
7973,28,56398,1.44,41,66.08,Prefer not to say,High School,Self-employed
7974,29,72352,3.73,41,90.44,Non-binary,High School,Unemployed
7975,35,47771,2.63,29,90.24,Female,Associate Degree,Unemployed
7976,38,51952,3.35,52,12.78,Male,Associate Degree,Student
7977,25,80271,1.82,15,90.19,Non-binary,Doctorate,Self-employed
7978,42,32185,3.44,37,52.39,Non-binary,High School,Self-employed
7979,35,67868,3.7,30,26.81,Male,Associate Degree,Unemployed
7980,18,66062,1.28,41,60.85,Non-binary,Doctorate,Self-employed
7981,25,62814,4.3,50,28.09,Non-binary,Associate Degree,Retired
7982,29,69376,4.45,25,47.9,Prefer not to say,Doctorate,Student
7983,34,54208,1.25,63,81.64,Non-binary,Associate Degree,Student
7984,53,41256,3.41,42,3.22,Female,Master's Degree,Retired
7985,37,66418,3.38,43,18.31,Prefer not to say,High School,Retired
7986,26,66992,1.05,25,95.66,Non-binary,Associate Degree,Self-employed
7987,37,66579,2.37,39,44.51,Non-binary,Bachelor's Degree,Unemployed
7988,31,50667,4.88,49,30.33,Male,Bachelor's Degree,Self-employed
7989,38,39257,3.22,42,92.33,Male,Doctorate,Retired
7990,40,52870,4.73,41,91.12,Female,High School,Student
7991,47,64133,3.7,39,4.42,Male,Doctorate,Student
7992,34,65365,1.11,26,36.25,Male,High School,Student
7993,51,43554,1.31,26,91.28,Female,Bachelor's Degree,Self-employed
7994,44,54730,3.89,51,17.98,Non-binary,Bachelor's Degree,Retired
7995,27,30368,3.22,48,57.82,Male,Doctorate,Unemployed
7996,57,64774,1.51,50,32.08,Male,Master's Degree,Self-employed
7997,38,38250,3.46,31,73.66,Female,Bachelor's Degree,Student
7998,26,61778,4.24,38,15.83,Male,High School,Retired
7999,51,32760,4.01,52,59.61,Prefer not to say,Associate Degree,Unemployed
8000,55,65471,1.98,27,0,Male,Associate Degree,Employed
8001,34,54827,2.03,51,25.26,Non-binary,Associate Degree,Self-employed
8002,29,38279,4.87,34,16.22,Female,Bachelor's Degree,Employed
8003,33,60370,4.55,31,20.98,Non-binary,Master's Degree,Retired
8004,42,41144,2.27,39,86.04,Non-binary,Bachelor's Degree,Employed
8005,47,61243,4.3,28,91.48,Non-binary,High School,Student
8006,40,45888,1.65,21,75.5,Female,Bachelor's Degree,Self-employed
8007,36,24184,1.79,40,59.01,Prefer not to say,Bachelor's Degree,Unemployed
8008,49,35263,1.72,45,23.09,Male,Bachelor's Degree,Student
8009,31,43543,1.35,52,27.47,Non-binary,Bachelor's Degree,Retired
8010,45,70522,4.42,46,30.99,Female,High School,Self-employed
8011,32,63517,3.32,59,77.7,Male,Bachelor's Degree,Retired
8012,39,74357,2.04,53,25.29,Female,Master's Degree,Retired
8013,33,74804,4.39,47,97.34,Non-binary,Doctorate,Retired
8014,34,41978,4.21,44,79.65,Female,High School,Self-employed
8015,31,47172,1.4,52,99.97,Non-binary,Master's Degree,Student
8016,48,43830,3.58,17,45.92,Female,Associate Degree,Retired
8017,27,39927,3.89,35,58.93,Non-binary,Associate Degree,Unemployed
8018,27,22377,3.86,21,28.04,Male,High School,Student
8019,56,49778,3.89,46,60.37,Female,Doctorate,Retired
8020,44,30716,1.68,32,97.39,Female,Bachelor's Degree,Self-employed
8021,18,49487,2.26,70,3.04,Male,High School,Retired
8022,29,81736,4.38,34,28.93,Non-binary,Bachelor's Degree,Retired
8023,18,42359,4.59,41,28.13,Prefer not to say,Bachelor's Degree,Employed
8024,25,52921,2.12,35,98.24,Non-binary,Associate Degree,Employed
8025,18,63599,1.09,35,13.26,Non-binary,Doctorate,Student
8026,33,54204,4.44,27,81.24,Male,Bachelor's Degree,Employed
8027,23,54387,2.51,27,27.46,Prefer not to say,High School,Self-employed
8028,35,44563,2.32,18,86.06,Female,Associate Degree,Employed
8029,18,46521,2.39,45,48.78,Prefer not to say,Bachelor's Degree,Self-employed
8030,35,35599,2.66,35,24.23,Female,Associate Degree,Retired
8031,30,62690,2.51,59,70.97,Female,Associate Degree,Student
8032,50,23877,3.27,27,84.16,Male,High School,Employed
8033,49,64566,1.32,54,47.01,Non-binary,High School,Employed
8034,42,28944,4.89,55,71.4,Non-binary,Master's Degree,Student
8035,31,64439,4.75,52,18.16,Prefer not to say,Bachelor's Degree,Self-employed
8036,54,44692,4.74,42,93.76,Non-binary,Associate Degree,Self-employed
8037,19,31521,4.52,36,9.64,Female,Master's Degree,Employed
8038,20,58689,3.64,52,22.2,Male,High School,Self-employed
8039,34,63931,1.88,32,28.84,Non-binary,Doctorate,Self-employed
8040,57,43428,1.2,42,15.28,Non-binary,Associate Degree,Employed
8041,32,60809,1.4,39,40.67,Female,Doctorate,Employed
8042,33,20000,2.3,31,45.77,Prefer not to say,Doctorate,Employed
8043,20,30191,3.02,42,51.86,Non-binary,Associate Degree,Unemployed
8044,44,69386,4.97,47,4.08,Female,Master's Degree,Employed
8045,44,46644,2.74,30,21.91,Prefer not to say,Master's Degree,Unemployed
8046,42,22066,3.1,44,80.78,Non-binary,Associate Degree,Retired
8047,28,39517,3.78,17,81.06,Female,Bachelor's Degree,Self-employed
8048,27,36148,1.72,29,33,Female,Doctorate,Unemployed
8049,22,47510,4.73,35,46.12,Non-binary,Master's Degree,Retired
8050,35,44438,3.12,43,18.35,Female,Associate Degree,Self-employed
8051,24,52683,2.11,48,82.21,Non-binary,High School,Self-employed
8052,23,48958,4.74,40,95.67,Non-binary,High School,Self-employed
8053,30,70396,3.5,45,29.14,Prefer not to say,Associate Degree,Student
8054,30,56368,2.93,38,78.19,Male,Bachelor's Degree,Student
8055,29,56865,3.32,44,35.24,Non-binary,High School,Unemployed
8056,39,67477,3.99,43,0.26,Non-binary,Bachelor's Degree,Unemployed
8057,35,44168,1.62,34,59.97,Prefer not to say,Associate Degree,Self-employed
8058,32,31071,4.46,36,41.04,Male,Associate Degree,Retired
8059,36,68104,4.84,46,75.84,Male,Doctorate,Unemployed
8060,25,52037,3.27,58,74.88,Female,Associate Degree,Employed
8061,36,52090,3.73,52,94.6,Male,Bachelor's Degree,Employed
8062,36,40500,4.44,28,43.78,Male,Master's Degree,Unemployed
8063,19,40747,2.5,28,48.25,Female,High School,Retired
8064,44,62700,4.97,34,40.04,Male,High School,Employed
8065,26,64769,3.72,40,29.69,Prefer not to say,Doctorate,Self-employed
8066,35,61757,2.7,40,63.78,Non-binary,Master's Degree,Self-employed
8067,46,61894,3.71,52,82.8,Prefer not to say,Bachelor's Degree,Student
8068,44,58535,3.09,52,15.78,Male,Bachelor's Degree,Student
8069,35,51972,1.45,40,98.18,Female,Doctorate,Student
8070,31,47369,4.18,37,68.38,Prefer not to say,Associate Degree,Retired
8071,44,68154,3.26,45,78.01,Prefer not to say,Master's Degree,Self-employed
8072,41,44394,4.18,50,99.89,Non-binary,High School,Retired
8073,28,55549,1.62,45,50.4,Female,Master's Degree,Employed
8074,27,37939,3.15,35,7.13,Prefer not to say,Doctorate,Self-employed
8075,18,40110,4.07,33,79.03,Male,Associate Degree,Student
8076,36,46457,4.95,28,87.08,Non-binary,Master's Degree,Student
8077,34,37940,4.54,41,16.24,Prefer not to say,Associate Degree,Employed
8078,46,61967,4.46,46,2.41,Male,Master's Degree,Self-employed
8079,38,29779,1.99,47,13.58,Prefer not to say,High School,Retired
8080,48,51488,4.35,51,32.4,Prefer not to say,Bachelor's Degree,Retired
8081,28,51987,1.68,54,92.43,Female,Master's Degree,Employed
8082,46,22838,1.79,26,0.25,Prefer not to say,Bachelor's Degree,Self-employed
8083,29,43384,1.44,44,80.38,Female,Bachelor's Degree,Retired
8084,42,53835,4.43,44,85.49,Male,Bachelor's Degree,Student
8085,20,56430,1.43,39,81.11,Female,Doctorate,Student
8086,37,46935,1.55,31,8.22,Male,High School,Retired
8087,18,60153,1.98,54,67.92,Female,Bachelor's Degree,Self-employed
8088,32,48360,3.29,34,95.39,Female,High School,Retired
8089,39,50204,4.52,18,12.04,Female,Master's Degree,Employed
8090,29,53774,2.67,40,3.17,Female,High School,Self-employed
8091,24,63904,3.19,37,87.37,Non-binary,Associate Degree,Retired
8092,43,39864,1.67,58,64.49,Prefer not to say,Bachelor's Degree,Student
8093,33,42697,2.06,44,64.64,Non-binary,Master's Degree,Self-employed
8094,30,39966,1.54,36,96.44,Male,Bachelor's Degree,Unemployed
8095,35,45017,2.64,38,76.98,Male,Bachelor's Degree,Self-employed
8096,61,71393,3.36,37,39.74,Prefer not to say,Master's Degree,Student
8097,46,58590,2.14,62,43.58,Male,Master's Degree,Self-employed
8098,46,33033,4.38,46,14.47,Male,Doctorate,Employed
8099,39,40993,4.92,25,30.4,Female,Doctorate,Student
8100,36,55591,1.48,37,44.54,Prefer not to say,Doctorate,Student
8101,18,36402,1.07,39,26.11,Female,High School,Employed
8102,28,39119,4.16,28,91.59,Prefer not to say,Associate Degree,Unemployed
8103,30,70174,1.76,22,1.18,Female,Associate Degree,Self-employed
8104,18,40799,2.41,45,58.7,Prefer not to say,High School,Employed
8105,23,64320,2.58,31,77.16,Male,Doctorate,Self-employed
8106,18,68829,4.67,52,73.21,Non-binary,Associate Degree,Self-employed
8107,34,38998,3.64,40,64.37,Male,Doctorate,Unemployed
8108,43,36650,1.16,35,41.03,Prefer not to say,Master's Degree,Self-employed
8109,46,45858,1.06,15,91.85,Non-binary,High School,Employed
8110,39,33670,1.8,52,32.89,Non-binary,Doctorate,Self-employed
8111,25,51815,2.27,42,75.01,Female,High School,Self-employed
8112,18,46915,2.94,35,92.67,Prefer not to say,Bachelor's Degree,Unemployed
8113,18,55408,4.35,31,12.84,Female,High School,Self-employed
8114,22,70954,2.26,55,94.71,Prefer not to say,High School,Student
8115,26,62262,2.51,29,77.6,Male,Doctorate,Retired
8116,33,57338,2.32,36,61.66,Prefer not to say,High School,Student
8117,24,20509,1.04,45,37.34,Male,Bachelor's Degree,Unemployed
8118,38,56650,4.82,54,90.43,Non-binary,Master's Degree,Self-employed
8119,32,75839,1.56,37,4.4,Non-binary,Associate Degree,Employed
8120,35,20000,2.15,32,43.18,Female,Master's Degree,Self-employed
8121,46,60340,1.52,38,75.66,Non-binary,High School,Self-employed
8122,23,47609,2.96,49,81.11,Non-binary,Bachelor's Degree,Unemployed
8123,39,37253,4.73,51,20.23,Male,Bachelor's Degree,Self-employed
8124,34,62016,1.4,26,4.76,Prefer not to say,Master's Degree,Employed
8125,31,75645,2.76,41,80.29,Male,Doctorate,Employed
8126,43,61628,1.09,25,42.19,Non-binary,Associate Degree,Retired
8127,43,44432,4.08,48,14.35,Prefer not to say,High School,Retired
8128,25,35847,3.56,44,8.56,Non-binary,High School,Self-employed
8129,33,52169,3.8,30,64.06,Non-binary,Master's Degree,Employed
8130,37,63097,2.89,55,58.28,Male,Bachelor's Degree,Self-employed
8131,32,44194,4.63,43,85.4,Prefer not to say,Bachelor's Degree,Student
8132,40,45644,2.64,42,3.16,Male,Doctorate,Unemployed
8133,37,92330,3.06,38,86.84,Female,Associate Degree,Unemployed
8134,53,66179,3.78,39,88.72,Female,High School,Employed
8135,19,67251,3.08,36,44.63,Female,Master's Degree,Student
8136,33,28095,1.76,32,7.67,Female,Doctorate,Employed
8137,25,39392,2.27,52,94.67,Male,Associate Degree,Student
8138,41,51120,1.37,35,7.2,Female,High School,Employed
8139,18,34982,2.73,34,59.07,Male,Associate Degree,Retired
8140,38,74005,3.44,38,49.32,Prefer not to say,High School,Self-employed
8141,28,71154,1.47,54,83.51,Prefer not to say,Associate Degree,Unemployed
8142,27,41996,3.52,51,50.26,Male,Associate Degree,Unemployed
8143,20,76758,4.57,36,46.91,Prefer not to say,Master's Degree,Student
8144,30,49936,2.35,52,88.07,Female,Doctorate,Retired
8145,45,88840,1.89,41,96.4,Male,Bachelor's Degree,Student
8146,34,52170,4.57,31,54.93,Non-binary,Associate Degree,Retired
8147,41,58642,3.77,35,45.47,Prefer not to say,Master's Degree,Student
8148,51,70998,1.42,53,83.11,Female,Bachelor's Degree,Employed
8149,37,69164,2.63,60,83.11,Female,Doctorate,Employed
8150,29,57660,3.7,43,31.94,Non-binary,Doctorate,Unemployed
8151,39,47882,3.3,34,57.62,Female,Associate Degree,Student
8152,29,57711,3.47,38,15.41,Male,High School,Student
8153,29,37757,3.27,32,63.55,Prefer not to say,Doctorate,Employed
8154,19,52282,4.19,33,83.4,Male,Master's Degree,Student
8155,44,33360,2.28,32,18.75,Male,Associate Degree,Unemployed
8156,31,23286,3.83,39,32.3,Prefer not to say,Doctorate,Unemployed
8157,36,50756,4.96,41,44.89,Female,Associate Degree,Student
8158,24,68934,2.56,38,84.51,Non-binary,High School,Unemployed
8159,39,63887,4.16,37,73.14,Non-binary,Doctorate,Unemployed
8160,27,48771,1.98,47,31.69,Female,Associate Degree,Student
8161,33,76204,2.13,37,24.3,Male,Master's Degree,Student
8162,43,41464,4.74,38,69.57,Prefer not to say,Doctorate,Employed
8163,42,21232,1.1,38,47.99,Prefer not to say,High School,Employed
8164,34,20000,1.87,55,59.36,Male,Bachelor's Degree,Retired
8165,18,32282,2.93,35,64.87,Female,Bachelor's Degree,Student
8166,64,62249,2.61,45,55.87,Female,Associate Degree,Retired
8167,52,40477,3.52,32,61.31,Male,Doctorate,Student
8168,42,56914,1.77,43,88.75,Female,Doctorate,Retired
8169,27,74694,1.28,45,86.82,Non-binary,High School,Self-employed
8170,33,33498,2.48,50,14.9,Non-binary,Bachelor's Degree,Student
8171,29,57177,3.1,36,58.65,Prefer not to say,Master's Degree,Unemployed
8172,47,58084,3.25,28,43.93,Female,Bachelor's Degree,Retired
8173,37,37088,3.41,32,28.55,Male,Doctorate,Self-employed
8174,27,70313,3.19,49,63.11,Non-binary,Master's Degree,Self-employed
8175,30,45684,1.98,60,51.09,Prefer not to say,Master's Degree,Employed
8176,46,44243,4.06,48,77.49,Female,High School,Self-employed
8177,51,81674,1.35,27,9.34,Male,Associate Degree,Retired
8178,50,57841,1.79,48,30.27,Female,Associate Degree,Self-employed
8179,42,63879,3.96,30,2.58,Prefer not to say,High School,Self-employed
8180,32,70323,2.12,36,74.6,Female,Doctorate,Employed
8181,18,40242,2.97,41,91.25,Female,Doctorate,Employed
8182,37,68747,2.31,43,58.74,Prefer not to say,Associate Degree,Student
8183,34,42471,3.03,40,61.7,Female,Bachelor's Degree,Unemployed
8184,36,41830,2.39,33,4.64,Female,High School,Self-employed
8185,35,45920,4.98,50,50.38,Male,Bachelor's Degree,Unemployed
8186,21,40669,2.43,34,52.69,Non-binary,High School,Self-employed
8187,40,62332,3.51,52,3.9,Male,High School,Employed
8188,41,54008,4.55,26,78.24,Prefer not to say,Associate Degree,Retired
8189,41,42631,3.55,42,27.83,Non-binary,Associate Degree,Student
8190,44,60117,3.26,27,72.34,Female,Bachelor's Degree,Self-employed
8191,41,45872,3.28,31,40.29,Female,Doctorate,Retired
8192,30,45078,2.99,34,99.56,Prefer not to say,Master's Degree,Employed
8193,34,50730,4.23,55,21.22,Male,Bachelor's Degree,Student
8194,35,56951,1.2,53,5.82,Male,High School,Unemployed
8195,36,55847,4.54,48,97.99,Non-binary,Master's Degree,Student
8196,44,44551,3.35,40,24.38,Female,Master's Degree,Unemployed
8197,41,62706,4.4,41,63.53,Male,Master's Degree,Self-employed
8198,55,46664,1.04,52,37.46,Female,Master's Degree,Unemployed
8199,57,40175,4.48,47,63.96,Female,Master's Degree,Unemployed
8200,35,27979,1.48,40,59.61,Female,Bachelor's Degree,Student
8201,18,64747,3.88,54,70.73,Non-binary,Associate Degree,Self-employed
8202,47,50185,2.67,48,1.84,Prefer not to say,Associate Degree,Employed
8203,29,53163,3.72,42,83.62,Female,High School,Student
8204,26,65687,3.51,35,47.87,Prefer not to say,Doctorate,Self-employed
8205,31,42838,1.65,34,51.89,Prefer not to say,Bachelor's Degree,Retired
8206,30,29384,3.06,36,41.1,Non-binary,Master's Degree,Employed
8207,41,51046,2.11,44,98.94,Male,Associate Degree,Unemployed
8208,19,54619,3.24,48,80.16,Prefer not to say,High School,Retired
8209,24,46057,3.95,25,31.14,Prefer not to say,Master's Degree,Unemployed
8210,38,72106,1.33,20,78.31,Prefer not to say,High School,Self-employed
8211,41,20000,3.06,30,43.7,Male,Master's Degree,Employed
8212,41,66800,3.47,35,87,Female,Master's Degree,Employed
8213,27,61867,2.18,51,3.08,Female,Associate Degree,Student
8214,25,56851,4.81,37,35.54,Non-binary,Associate Degree,Self-employed
8215,29,20000,3.08,42,42.98,Female,Master's Degree,Unemployed
8216,37,69258,1.73,44,74.42,Female,Associate Degree,Unemployed
8217,49,34603,1.43,29,18.23,Female,Bachelor's Degree,Unemployed
8218,18,42384,3.17,54,28.63,Non-binary,Master's Degree,Unemployed
8219,32,47441,2.5,33,72.39,Non-binary,Associate Degree,Employed
8220,21,56111,1.77,55,7.68,Female,High School,Employed
8221,18,59591,1.12,38,20.11,Female,High School,Unemployed
8222,44,63392,3.27,36,75.34,Prefer not to say,High School,Student
8223,40,62237,3.39,28,87.55,Male,Doctorate,Retired
8224,39,53793,1.57,41,72.88,Non-binary,High School,Self-employed
8225,44,56238,3.41,62,52.71,Male,High School,Unemployed
8226,30,33638,4.81,44,9.91,Female,Bachelor's Degree,Self-employed
8227,30,38734,4.91,42,82.72,Female,Bachelor's Degree,Unemployed
8228,56,63431,4.55,33,12.4,Female,Doctorate,Student
8229,32,62558,4.23,45,38.51,Female,Bachelor's Degree,Retired
8230,42,60856,1.84,41,5.05,Non-binary,Associate Degree,Unemployed
8231,35,42283,1.63,39,70.97,Female,High School,Unemployed
8232,18,63657,2.78,44,50.35,Male,Associate Degree,Retired
8233,18,32581,3.48,21,90.76,Prefer not to say,Doctorate,Unemployed
8234,29,66160,4.4,38,13.87,Prefer not to say,Associate Degree,Employed
8235,45,46086,1.93,28,81.92,Male,Associate Degree,Student
8236,42,75262,2.92,40,51.07,Male,Associate Degree,Employed
8237,44,27178,3.59,32,36.61,Prefer not to say,Bachelor's Degree,Student
8238,25,76451,2.78,33,64.36,Non-binary,High School,Employed
8239,51,44578,2.82,26,79.04,Male,Associate Degree,Employed
8240,25,44307,1.9,51,44.03,Non-binary,Master's Degree,Unemployed
8241,37,52922,4.95,33,23.28,Prefer not to say,High School,Student
8242,34,39543,2.9,33,91.58,Non-binary,High School,Student
8243,33,48915,3.13,55,31.3,Prefer not to say,Master's Degree,Unemployed
8244,48,38935,1.87,45,99.82,Female,Doctorate,Student
8245,27,39484,3.06,19,76.73,Non-binary,Doctorate,Student
8246,21,57303,2.02,53,68.78,Non-binary,High School,Unemployed
8247,35,36476,1.81,56,1.24,Non-binary,Bachelor's Degree,Self-employed
8248,31,38477,2.1,55,44.85,Female,Doctorate,Retired
8249,68,29408,1.01,46,50.25,Female,Doctorate,Employed
8250,41,42441,3.28,28,37.64,Female,Associate Degree,Student
8251,30,69674,2.55,39,15,Male,Associate Degree,Retired
8252,24,37310,4.59,25,36.75,Prefer not to say,Doctorate,Unemployed
8253,18,39025,1.16,31,7.5,Male,Bachelor's Degree,Student
8254,24,52908,1.17,28,29.09,Non-binary,Associate Degree,Retired
8255,36,44438,4.54,33,8.37,Prefer not to say,Bachelor's Degree,Employed
8256,49,83422,1.51,41,75.24,Male,High School,Retired
8257,46,47562,1.01,35,67.12,Female,Bachelor's Degree,Self-employed
8258,37,55028,1.72,35,93.99,Male,Associate Degree,Student
8259,31,64156,4.3,37,37.99,Female,Master's Degree,Employed
8260,37,63868,4.21,54,78.62,Male,Bachelor's Degree,Employed
8261,29,53499,2.36,61,58.76,Female,Doctorate,Employed
8262,52,47583,3.67,35,64.61,Male,Bachelor's Degree,Self-employed
8263,33,80360,3.03,43,54.75,Non-binary,Bachelor's Degree,Retired
8264,34,48503,4.62,31,77.92,Prefer not to say,Bachelor's Degree,Employed
8265,18,43374,1.23,47,4.2,Male,Doctorate,Self-employed
8266,33,40312,4.25,35,8.05,Male,Bachelor's Degree,Student
8267,43,24097,1.68,32,9.59,Prefer not to say,Master's Degree,Student
8268,24,62324,2.57,60,28.87,Non-binary,Doctorate,Unemployed
8269,27,20000,1.77,26,59.11,Non-binary,Master's Degree,Self-employed
8270,42,49914,3.81,15,64.56,Female,Master's Degree,Employed
8271,20,46927,3.71,47,71.26,Non-binary,Master's Degree,Self-employed
8272,45,83599,3.19,36,28.08,Prefer not to say,Doctorate,Self-employed
8273,29,22525,3.79,33,65.02,Male,Associate Degree,Retired
8274,31,36483,3.56,67,11.77,Prefer not to say,Doctorate,Unemployed
8275,23,47958,4.11,47,1,Female,Bachelor's Degree,Self-employed
8276,38,47037,1.96,39,69.47,Male,Master's Degree,Employed
8277,59,41756,2.72,32,71.56,Female,Bachelor's Degree,Unemployed
8278,42,48785,1.61,44,62.21,Female,Master's Degree,Student
8279,26,31106,2.72,22,25.89,Non-binary,Master's Degree,Self-employed
8280,46,55357,3.81,34,92.75,Male,Bachelor's Degree,Retired
8281,31,20000,3.77,39,87.57,Female,High School,Employed
8282,48,49613,3.84,42,51.55,Female,Master's Degree,Self-employed
8283,43,40994,2.24,38,98.91,Female,High School,Retired
8284,18,65244,3.65,33,29.86,Prefer not to say,Doctorate,Student
8285,24,76329,2.47,49,49.11,Female,Master's Degree,Self-employed
8286,44,45034,4.78,23,92.79,Non-binary,Master's Degree,Retired
8287,36,70860,2.37,37,46.21,Non-binary,Doctorate,Employed
8288,24,45258,3.41,34,47.1,Male,Bachelor's Degree,Employed
8289,28,35508,4,50,7.94,Female,Bachelor's Degree,Student
8290,18,76188,4.63,35,21.13,Male,High School,Unemployed
8291,34,57811,2.75,44,15.79,Male,Doctorate,Self-employed
8292,57,50066,2.44,43,56.53,Non-binary,Master's Degree,Retired
8293,43,60307,2.72,21,31.85,Female,High School,Student
8294,56,54113,2.29,39,7.7,Non-binary,Bachelor's Degree,Student
8295,43,48961,3.62,22,51,Prefer not to say,Master's Degree,Retired
8296,45,30103,4.73,43,66.92,Female,Bachelor's Degree,Unemployed
8297,54,45941,1.5,32,73.65,Female,High School,Unemployed
8298,38,59348,3.24,51,83.75,Male,Bachelor's Degree,Student
8299,33,48158,4.59,38,48.2,Male,Bachelor's Degree,Student
8300,45,63534,1.4,32,39.06,Non-binary,Doctorate,Student
8301,49,55754,2.98,51,68.41,Prefer not to say,High School,Student
8302,30,36827,4.46,31,1.34,Non-binary,Master's Degree,Student
8303,27,30212,4.6,48,63.35,Prefer not to say,Bachelor's Degree,Self-employed
8304,36,47642,3.06,44,40.57,Female,Bachelor's Degree,Self-employed
8305,43,42136,1.1,36,45.29,Male,Associate Degree,Self-employed
8306,42,55044,1.42,26,29.63,Male,High School,Employed
8307,20,39227,3.35,52,12.73,Female,High School,Self-employed
8308,54,40769,1.5,45,40.14,Prefer not to say,Master's Degree,Self-employed
8309,28,65796,1.6,32,30.82,Non-binary,Doctorate,Unemployed
8310,32,52223,4.09,42,96.01,Female,Master's Degree,Student
8311,25,39459,4,50,94.35,Male,High School,Retired
8312,61,50264,4.37,41,64.39,Prefer not to say,Bachelor's Degree,Unemployed
8313,37,70683,1.42,42,90.37,Non-binary,Doctorate,Employed
8314,26,54406,1.79,50,75.13,Female,Doctorate,Unemployed
8315,43,58894,4.33,55,34.59,Male,High School,Retired
8316,42,38716,3.88,38,60.39,Prefer not to say,High School,Unemployed
8317,33,65396,4.22,26,22.03,Non-binary,Master's Degree,Unemployed
8318,43,84771,4.96,26,68.72,Female,Associate Degree,Self-employed
8319,26,38127,4.46,33,4.48,Non-binary,High School,Employed
8320,30,32271,3.08,30,83.13,Female,High School,Self-employed
8321,18,52633,2.24,23,58.32,Prefer not to say,Master's Degree,Retired
8322,21,63132,3.28,58,5.84,Male,High School,Employed
8323,53,48629,3.55,45,87.18,Female,Master's Degree,Retired
8324,51,34201,2.34,34,87.77,Female,High School,Retired
8325,35,48371,4.08,39,85.28,Prefer not to say,Bachelor's Degree,Unemployed
8326,51,58971,1.37,22,77.43,Prefer not to say,High School,Unemployed
8327,33,43894,4.12,51,67.79,Male,Associate Degree,Unemployed
8328,32,59108,1.13,20,39.69,Prefer not to say,Doctorate,Unemployed
8329,35,67470,2.99,45,13.63,Non-binary,Master's Degree,Employed
8330,33,53603,4.45,21,28.88,Non-binary,Associate Degree,Self-employed
8331,32,49580,1.35,35,34.71,Male,Master's Degree,Employed
8332,46,62440,3.07,52,35.81,Male,Associate Degree,Unemployed
8333,36,37158,1.64,23,56.55,Prefer not to say,Master's Degree,Student
8334,42,35679,4.58,38,20.84,Non-binary,Master's Degree,Retired
8335,45,46001,4.33,46,18.97,Prefer not to say,Doctorate,Unemployed
8336,38,42621,4.74,44,71.7,Male,High School,Unemployed
8337,25,37949,4.5,40,0.75,Non-binary,Master's Degree,Retired
8338,21,77457,3.95,44,14.95,Male,Master's Degree,Retired
8339,36,82579,1.74,33,43.5,Male,Doctorate,Self-employed
8340,33,44694,2.21,59,14.91,Prefer not to say,Master's Degree,Employed
8341,35,51375,2.99,23,95.98,Male,Master's Degree,Retired
8342,34,47182,3.36,51,67.01,Prefer not to say,Bachelor's Degree,Employed
8343,60,66612,4.13,41,43.28,Male,Bachelor's Degree,Unemployed
8344,21,69584,1.91,46,11.23,Male,Bachelor's Degree,Student
8345,18,23341,1.51,47,38.52,Male,Doctorate,Student
8346,38,57140,2.93,45,65.06,Non-binary,Master's Degree,Self-employed
8347,31,30397,1.63,31,96.88,Male,Doctorate,Self-employed
8348,38,76374,3.77,37,47.27,Female,Doctorate,Self-employed
8349,40,56603,3.3,25,69.24,Non-binary,Associate Degree,Student
8350,47,37649,3.96,37,19.54,Female,High School,Retired
8351,19,46380,1.25,43,62.36,Male,Associate Degree,Retired
8352,29,45665,4.86,46,23.91,Non-binary,High School,Retired
8353,39,57876,1,43,19.81,Female,Associate Degree,Unemployed
8354,42,65628,2.3,22,50.92,Male,Master's Degree,Employed
8355,56,32776,3.72,34,21.17,Non-binary,Doctorate,Unemployed
8356,44,77581,1.18,33,72.13,Male,Associate Degree,Self-employed
8357,34,74085,1.33,26,93.73,Prefer not to say,Associate Degree,Self-employed
8358,26,36870,1.31,31,39.36,Prefer not to say,Master's Degree,Retired
8359,29,51092,3.33,40,32.25,Female,Doctorate,Unemployed
8360,29,75662,4.58,54,17.59,Non-binary,High School,Unemployed
8361,41,68493,3.22,30,39.04,Non-binary,Associate Degree,Retired
8362,37,44948,3.41,28,55.96,Non-binary,High School,Employed
8363,21,62215,2.38,34,37.3,Non-binary,Bachelor's Degree,Employed
8364,30,94957,1.07,43,62.31,Non-binary,Associate Degree,Unemployed
8365,43,51577,1.09,52,66.24,Female,Doctorate,Unemployed
8366,38,40510,4.55,39,9.78,Non-binary,Bachelor's Degree,Employed
8367,40,52586,1.41,25,69.78,Prefer not to say,Bachelor's Degree,Student
8368,38,53698,5,27,90.03,Prefer not to say,Associate Degree,Student
8369,51,42131,1.66,41,2.63,Non-binary,Associate Degree,Self-employed
8370,37,56624,3.7,49,55.14,Male,Bachelor's Degree,Unemployed
8371,31,31183,4.8,58,60.39,Non-binary,Associate Degree,Employed
8372,25,40016,2.45,28,70.98,Female,Doctorate,Retired
8373,37,61373,3.94,41,38.58,Prefer not to say,Doctorate,Retired
8374,18,23676,2.4,29,81.87,Prefer not to say,Bachelor's Degree,Student
8375,33,63547,2.22,31,53.99,Female,Associate Degree,Employed
8376,32,20000,1.81,30,40.89,Female,Bachelor's Degree,Student
8377,21,24030,4.28,36,71.93,Male,Doctorate,Student
8378,25,42515,2.03,31,92.74,Prefer not to say,Associate Degree,Unemployed
8379,43,54302,2.13,64,81.2,Non-binary,Doctorate,Unemployed
8380,37,69878,5,35,93.07,Female,Associate Degree,Employed
8381,36,50864,2.31,49,26.59,Non-binary,Master's Degree,Self-employed
8382,38,46301,2.69,33,11.85,Female,Doctorate,Unemployed
8383,35,58693,4.96,62,53.43,Female,High School,Self-employed
8384,47,36936,2.48,43,4.44,Prefer not to say,Associate Degree,Student
8385,36,52091,2.46,48,67.46,Female,Master's Degree,Student
8386,20,32008,4.31,34,24,Prefer not to say,Master's Degree,Employed
8387,51,51238,2.25,49,45.44,Male,Master's Degree,Employed
8388,38,48052,1.94,43,65.56,Prefer not to say,Doctorate,Student
8389,29,37935,2.69,36,48.31,Non-binary,High School,Self-employed
8390,22,52475,3.8,29,23.61,Non-binary,Master's Degree,Self-employed
8391,38,52378,1.17,37,88.04,Non-binary,Bachelor's Degree,Student
8392,33,67631,2.5,36,76.45,Non-binary,Associate Degree,Retired
8393,50,25915,2.38,48,60.11,Prefer not to say,Associate Degree,Retired
8394,31,48859,1.98,37,69.85,Prefer not to say,High School,Self-employed
8395,26,38596,3.62,20,41.53,Female,High School,Retired
8396,43,63046,2.16,46,37.59,Prefer not to say,Doctorate,Unemployed
8397,44,61308,3.43,52,16.01,Non-binary,Bachelor's Degree,Employed
8398,36,57618,3.02,23,80.36,Prefer not to say,Associate Degree,Employed
8399,41,39442,1.87,58,38.1,Male,Master's Degree,Retired
8400,34,63282,2.07,53,69.23,Male,Master's Degree,Student
8401,37,27048,1.68,33,29.99,Male,Associate Degree,Unemployed
8402,46,23970,1.23,28,79.6,Non-binary,Bachelor's Degree,Retired
8403,41,30861,3.48,50,10.52,Male,Bachelor's Degree,Student
8404,33,49497,3.69,26,62.5,Female,Master's Degree,Student
8405,48,60127,1.66,33,80.76,Male,Associate Degree,Self-employed
8406,18,20000,3.46,26,66.03,Non-binary,Master's Degree,Unemployed
8407,55,69841,4.93,40,69.61,Female,Doctorate,Unemployed
8408,18,51966,1.3,54,52.6,Male,Associate Degree,Self-employed
8409,28,26483,2.96,43,55.9,Prefer not to say,Bachelor's Degree,Student
8410,34,51514,3.93,50,6.59,Prefer not to say,Master's Degree,Student
8411,33,66387,1.18,36,25.08,Non-binary,High School,Retired
8412,45,58991,4.11,40,72.19,Non-binary,High School,Employed
8413,24,66486,4.92,27,94.54,Non-binary,Doctorate,Self-employed
8414,37,29506,1.35,39,54.18,Female,High School,Retired
8415,29,43789,4.29,32,72.56,Non-binary,Doctorate,Unemployed
8416,37,36129,2.51,38,68.36,Male,Doctorate,Unemployed
8417,34,75763,1.58,37,99.94,Male,Bachelor's Degree,Unemployed
8418,35,59590,2.97,36,79.5,Prefer not to say,Bachelor's Degree,Employed
8419,29,92705,1.29,61,62.76,Prefer not to say,Associate Degree,Self-employed
8420,29,42985,3.09,57,11.52,Male,Master's Degree,Employed
8421,37,39129,1.08,54,36.27,Prefer not to say,High School,Student
8422,44,47857,3.91,57,25.07,Non-binary,Master's Degree,Student
8423,29,70675,2.95,54,85.37,Non-binary,Master's Degree,Unemployed
8424,26,44508,2.84,39,44.62,Male,Doctorate,Self-employed
8425,41,51866,1.78,38,53.53,Female,High School,Retired
8426,34,51450,2.45,42,96.48,Female,Bachelor's Degree,Student
8427,43,50592,1.73,37,83.67,Female,Master's Degree,Retired
8428,25,40214,3.94,29,78.98,Prefer not to say,Doctorate,Retired
8429,18,47940,1.8,42,14.22,Female,Bachelor's Degree,Student
8430,29,47298,3.47,24,2.28,Non-binary,Doctorate,Retired
8431,27,49886,2.12,41,12.55,Female,Master's Degree,Retired
8432,34,64152,3.63,30,74.03,Male,Master's Degree,Retired
8433,28,76409,3.16,39,41.07,Prefer not to say,Master's Degree,Employed
8434,42,37393,2.69,41,11.75,Non-binary,High School,Self-employed
8435,32,44120,3.69,36,73.9,Non-binary,High School,Unemployed
8436,36,37624,2.66,23,19.46,Male,Master's Degree,Employed
8437,36,52806,4.29,28,58.9,Prefer not to say,High School,Retired
8438,36,41924,3.92,44,74.15,Male,Doctorate,Employed
8439,34,53596,3.16,34,60.81,Female,Doctorate,Employed
8440,40,66554,4.51,45,99.36,Prefer not to say,Associate Degree,Self-employed
8441,27,20000,4.32,40,43.42,Prefer not to say,Bachelor's Degree,Self-employed
8442,48,57376,3.13,38,31.18,Non-binary,Doctorate,Retired
8443,32,43097,1.27,43,20.12,Female,Bachelor's Degree,Employed
8444,21,56906,3.26,33,50.38,Female,Associate Degree,Self-employed
8445,36,36552,2.42,44,85.25,Non-binary,Associate Degree,Self-employed
8446,26,67943,3.16,35,94.69,Male,Bachelor's Degree,Employed
8447,41,63699,3.59,65,97.21,Non-binary,Master's Degree,Self-employed
8448,57,58525,3.58,28,53.14,Male,Bachelor's Degree,Student
8449,27,61898,3.69,36,60.53,Male,Doctorate,Self-employed
8450,38,38815,3.72,36,58.15,Prefer not to say,Bachelor's Degree,Retired
8451,18,40705,1.44,26,46.6,Female,Doctorate,Retired
8452,39,61286,1.77,47,15.22,Female,Doctorate,Unemployed
8453,26,38484,3.52,35,6.55,Female,Doctorate,Unemployed
8454,28,71684,2.63,16,43.66,Non-binary,Master's Degree,Employed
8455,23,45146,4.05,46,18.62,Non-binary,Master's Degree,Retired
8456,42,57528,1.5,33,88.67,Male,Associate Degree,Unemployed
8457,45,81488,1.77,38,76.17,Male,High School,Employed
8458,35,39406,3.23,46,61.84,Non-binary,Master's Degree,Unemployed
8459,26,51031,3,36,4.74,Prefer not to say,Master's Degree,Self-employed
8460,50,65812,2.07,36,62.22,Non-binary,Associate Degree,Student
8461,27,64269,2.63,64,62.11,Male,Associate Degree,Unemployed
8462,18,45082,1.14,18,43.92,Prefer not to say,Associate Degree,Self-employed
8463,39,42249,1.15,27,65.78,Male,Bachelor's Degree,Student
8464,23,46502,1.38,29,85.79,Non-binary,Doctorate,Unemployed
8465,44,71717,3.31,57,75.8,Female,Master's Degree,Retired
8466,31,45813,4.45,33,47.34,Prefer not to say,Doctorate,Student
8467,41,51171,2.04,42,26.23,Non-binary,High School,Self-employed
8468,49,43598,1.14,35,47.78,Prefer not to say,Associate Degree,Retired
8469,22,60583,3.83,46,94.6,Female,High School,Self-employed
8470,29,52332,4.42,39,82,Female,Associate Degree,Unemployed
8471,34,34948,1.55,42,2.7,Non-binary,Associate Degree,Self-employed
8472,50,35467,2.54,52,78.3,Male,High School,Employed
8473,28,20020,1.63,44,17.06,Prefer not to say,Doctorate,Self-employed
8474,29,37530,1.43,32,57.11,Prefer not to say,High School,Self-employed
8475,39,61909,3.59,43,80.65,Female,Bachelor's Degree,Retired
8476,29,69856,4.87,64,56.13,Non-binary,Master's Degree,Self-employed
8477,36,60283,3.71,45,40.39,Female,Master's Degree,Student
8478,19,58319,4.94,41,32.13,Female,Doctorate,Self-employed
8479,57,48102,2.74,26,30.51,Male,Doctorate,Unemployed
8480,21,61623,4.59,47,83.74,Female,Doctorate,Employed
8481,31,54294,1.82,48,82.51,Non-binary,High School,Employed
8482,34,77066,1.47,43,82.34,Female,High School,Self-employed
8483,54,48523,3.81,41,28.27,Non-binary,High School,Employed
8484,21,70145,2.49,68,79.89,Female,Associate Degree,Retired
8485,54,63111,2.27,48,3.66,Male,High School,Employed
8486,42,61031,3.69,52,20.65,Male,Master's Degree,Unemployed
8487,39,20000,2.33,40,51.45,Female,Master's Degree,Self-employed
8488,25,63937,3.29,38,40.67,Male,Associate Degree,Employed
8489,40,48087,2.2,46,11.19,Prefer not to say,High School,Unemployed
8490,27,43341,4.14,38,4.17,Prefer not to say,High School,Employed
8491,47,27756,2.25,39,61.12,Female,Bachelor's Degree,Unemployed
8492,25,49916,3.14,44,31.35,Female,Bachelor's Degree,Self-employed
8493,33,50503,1.09,34,1.6,Male,Master's Degree,Unemployed
8494,29,30454,4.17,42,43.09,Male,Doctorate,Employed
8495,25,27900,3.48,40,30.68,Female,Master's Degree,Unemployed
8496,42,57299,1.77,49,57.66,Non-binary,Associate Degree,Self-employed
8497,40,63075,1.86,33,92.98,Non-binary,High School,Unemployed
8498,47,52854,2.05,20,30.79,Prefer not to say,Bachelor's Degree,Retired
8499,18,67262,3.31,36,99.71,Male,Master's Degree,Employed
8500,45,48704,3.19,43,8.6,Male,Associate Degree,Unemployed
8501,60,49184,2.1,49,8.83,Prefer not to say,Doctorate,Retired
8502,30,36244,3.78,33,71.3,Non-binary,Master's Degree,Retired
8503,53,26596,4.56,45,74.86,Non-binary,High School,Student
8504,32,77819,1.17,51,42.29,Prefer not to say,High School,Unemployed
8505,21,66969,2.67,47,28.6,Female,Bachelor's Degree,Student
8506,31,29112,3.37,32,79.4,Male,Associate Degree,Retired
8507,45,52336,3.35,33,95.62,Female,Doctorate,Self-employed
8508,26,48499,1.08,44,98.99,Female,Doctorate,Unemployed
8509,28,45890,1.84,56,63.45,Non-binary,Associate Degree,Student
8510,40,43864,1.25,40,74.01,Female,Bachelor's Degree,Employed
8511,35,55719,3.28,38,82.22,Male,High School,Self-employed
8512,40,62272,3.58,26,79.89,Male,Doctorate,Student
8513,37,56035,1.64,36,99.34,Male,Associate Degree,Unemployed
8514,39,48192,2.33,32,81.04,Prefer not to say,Bachelor's Degree,Employed
8515,30,47641,2.32,40,66.26,Female,High School,Self-employed
8516,37,64052,4.28,24,37.62,Female,Associate Degree,Retired
8517,25,56951,1.78,36,59.8,Male,Bachelor's Degree,Student
8518,47,51090,3.19,29,88.04,Prefer not to say,Master's Degree,Self-employed
8519,28,49461,4.13,49,30.55,Prefer not to say,Associate Degree,Retired
8520,46,55179,4.32,31,3.07,Non-binary,Doctorate,Unemployed
8521,32,42974,3.67,34,32.72,Non-binary,Associate Degree,Unemployed
8522,37,62323,2.2,42,96.02,Male,High School,Retired
8523,30,33862,4.29,35,79.41,Female,Associate Degree,Self-employed
8524,24,43828,3.97,63,18.71,Female,High School,Student
8525,18,59166,3.82,49,1.2,Female,Bachelor's Degree,Unemployed
8526,24,33006,1.27,40,66.91,Prefer not to say,Master's Degree,Unemployed
8527,31,26404,1.17,43,57.9,Female,High School,Self-employed
8528,37,50946,3.78,16,8.3,Prefer not to say,Bachelor's Degree,Unemployed
8529,45,24553,4.78,52,96.6,Male,Bachelor's Degree,Employed
8530,30,30517,4.09,45,61.78,Female,Master's Degree,Retired
8531,26,61348,4.33,39,65.15,Prefer not to say,Doctorate,Student
8532,20,46928,3.18,45,85.36,Male,Doctorate,Self-employed
8533,39,69282,2.22,46,33.71,Male,Associate Degree,Employed
8534,48,31927,3.71,35,55.83,Prefer not to say,Doctorate,Unemployed
8535,47,48590,3.85,43,57.62,Prefer not to say,Associate Degree,Unemployed
8536,42,55993,3.7,50,96.74,Female,High School,Employed
8537,41,32442,4.79,44,13.15,Non-binary,High School,Unemployed
8538,51,65476,2.47,37,75.89,Female,Associate Degree,Retired
8539,38,57660,1.16,42,57.52,Non-binary,Master's Degree,Unemployed
8540,41,25860,4.63,53,84.54,Prefer not to say,Master's Degree,Student
8541,31,49433,1.64,47,83.2,Non-binary,Doctorate,Retired
8542,21,55789,3.79,28,1.2,Prefer not to say,High School,Self-employed
8543,28,41149,4.49,45,25.65,Male,High School,Retired
8544,34,27802,2.24,44,18.08,Non-binary,Master's Degree,Self-employed
8545,35,54176,4.32,51,46.17,Non-binary,Bachelor's Degree,Self-employed
8546,54,83168,2.33,40,90.53,Male,Master's Degree,Retired
8547,35,44195,4.18,36,0.5,Female,Master's Degree,Student
8548,46,73538,1.28,26,48.82,Non-binary,Bachelor's Degree,Unemployed
8549,30,38715,3.62,33,88.48,Prefer not to say,Doctorate,Retired
8550,31,53233,3.71,52,92.62,Female,Associate Degree,Self-employed
8551,21,61572,2.97,41,65.73,Male,Doctorate,Retired
8552,27,49873,3.75,39,82.98,Non-binary,Bachelor's Degree,Self-employed
8553,40,45533,4.69,52,32.41,Male,Bachelor's Degree,Self-employed
8554,35,60891,3.94,50,28.6,Male,Doctorate,Employed
8555,44,78371,4.85,32,4.91,Prefer not to say,Associate Degree,Student
8556,36,54508,2.79,52,50.32,Male,Doctorate,Student
8557,31,42259,3.11,23,45.58,Non-binary,High School,Self-employed
8558,56,47153,2.05,44,37.19,Male,High School,Self-employed
8559,34,87795,4.94,43,11.33,Female,High School,Unemployed
8560,46,52023,1.22,51,23.08,Male,Associate Degree,Self-employed
8561,30,41083,2.43,43,20.37,Non-binary,Associate Degree,Self-employed
8562,42,32823,2.19,37,94.4,Non-binary,Bachelor's Degree,Student
8563,44,22611,2.55,38,96.65,Non-binary,Master's Degree,Self-employed
8564,37,55453,4.67,66,0.34,Female,Associate Degree,Unemployed
8565,18,59819,2.47,40,17.05,Non-binary,Master's Degree,Employed
8566,35,44049,4.67,45,88.88,Female,High School,Employed
8567,47,49775,2.69,19,3.83,Male,High School,Unemployed
8568,40,32443,4.42,31,94.35,Female,Master's Degree,Self-employed
8569,39,51993,3.09,45,38.01,Male,Doctorate,Unemployed
8570,18,57222,2.25,23,53.87,Male,Bachelor's Degree,Employed
8571,27,41972,2.8,45,76.38,Male,Bachelor's Degree,Student
8572,39,75356,2.7,32,24.39,Non-binary,Doctorate,Self-employed
8573,39,37443,2.04,29,10.07,Female,Master's Degree,Self-employed
8574,47,54252,2.16,32,80.99,Prefer not to say,Master's Degree,Retired
8575,33,62724,1.75,55,98.46,Non-binary,Associate Degree,Self-employed
8576,39,48840,2.34,43,65.88,Non-binary,High School,Retired
8577,35,47172,3.5,30,82.52,Female,High School,Retired
8578,25,28567,2.55,47,94.13,Prefer not to say,Master's Degree,Student
8579,18,70360,3.85,48,22.86,Male,Associate Degree,Retired
8580,39,47451,4.95,36,35.04,Prefer not to say,Associate Degree,Retired
8581,36,58060,2.51,49,21.9,Female,Bachelor's Degree,Retired
8582,28,60090,2.85,50,6.18,Non-binary,Bachelor's Degree,Retired
8583,18,40575,1.66,48,73.23,Prefer not to say,Master's Degree,Retired
8584,41,47037,2.57,33,14.57,Female,Bachelor's Degree,Unemployed
8585,32,70017,3.91,28,9.27,Male,Associate Degree,Retired
8586,40,33242,1.87,23,35.76,Non-binary,Doctorate,Unemployed
8587,53,81918,1.73,33,6.06,Female,High School,Unemployed
8588,18,38826,2.51,36,17.96,Male,Master's Degree,Unemployed
8589,28,32307,4.27,37,6.99,Non-binary,Bachelor's Degree,Self-employed
8590,32,51984,3.49,39,87.73,Prefer not to say,Bachelor's Degree,Unemployed
8591,49,83125,4.83,57,77.97,Non-binary,Associate Degree,Self-employed
8592,18,21335,4.62,36,85.95,Male,Bachelor's Degree,Unemployed
8593,54,47884,1.6,39,86.83,Female,High School,Unemployed
8594,36,57143,1.17,21,94.45,Male,Master's Degree,Unemployed
8595,34,50504,2.6,62,18.67,Non-binary,Bachelor's Degree,Student
8596,33,55728,3.09,26,90,Male,Doctorate,Self-employed
8597,30,39229,3.06,32,52.5,Non-binary,Doctorate,Self-employed
8598,45,41004,1.54,46,16.62,Male,Master's Degree,Student
8599,24,47773,1.5,42,65.58,Female,Doctorate,Retired
8600,38,33051,1.19,56,32.7,Male,Doctorate,Unemployed
8601,31,49329,4.4,47,4.65,Non-binary,Bachelor's Degree,Employed
8602,27,44168,4.79,39,7.86,Prefer not to say,Doctorate,Self-employed
8603,60,42949,1.46,50,42.37,Female,Bachelor's Degree,Self-employed
8604,39,54807,1.85,51,82.65,Prefer not to say,High School,Employed
8605,41,22690,1.36,33,31.1,Non-binary,Associate Degree,Employed
8606,46,46563,4.51,49,76.61,Female,Bachelor's Degree,Employed
8607,20,84760,4.83,37,5.57,Non-binary,Associate Degree,Student
8608,52,33708,2.05,38,39.37,Prefer not to say,Bachelor's Degree,Unemployed
8609,18,69282,2.21,41,12.74,Prefer not to say,Bachelor's Degree,Unemployed
8610,27,50819,2.45,36,86.35,Non-binary,Master's Degree,Employed
8611,30,40955,3.01,35,96.79,Non-binary,Bachelor's Degree,Retired
8612,40,30190,3.73,49,32.56,Female,Doctorate,Unemployed
8613,37,52095,3.02,24,98.89,Non-binary,Doctorate,Retired
8614,33,71800,4.8,29,75.23,Prefer not to say,Bachelor's Degree,Unemployed
8615,34,44161,1.4,46,0.12,Male,High School,Retired
8616,25,48785,4.19,39,48.53,Prefer not to say,Doctorate,Student
8617,20,65155,2.34,49,83.41,Non-binary,Associate Degree,Unemployed
8618,42,55113,2.51,43,53.39,Prefer not to say,High School,Unemployed
8619,41,26415,3.84,26,55,Non-binary,Associate Degree,Self-employed
8620,50,51483,4.72,40,44.77,Female,Bachelor's Degree,Unemployed
8621,27,72683,3.86,45,39.5,Non-binary,Bachelor's Degree,Self-employed
8622,41,49445,4.1,42,2.74,Non-binary,Bachelor's Degree,Employed
8623,32,20000,4,35,62.17,Non-binary,Doctorate,Self-employed
8624,46,55823,2.28,37,76.67,Non-binary,High School,Employed
8625,45,47023,4.03,34,79.02,Non-binary,Associate Degree,Unemployed
8626,37,22563,4.14,26,62.46,Prefer not to say,Master's Degree,Self-employed
8627,31,24811,3.13,25,34.13,Prefer not to say,High School,Employed
8628,44,64626,3.15,43,2.26,Male,Associate Degree,Self-employed
8629,41,39014,4.04,31,89.58,Male,Master's Degree,Employed
8630,28,36387,4.27,45,42.9,Female,High School,Self-employed
8631,21,49465,2.35,34,60.12,Female,High School,Employed
8632,32,40336,4.21,26,19.46,Male,Bachelor's Degree,Retired
8633,50,51500,4.26,35,14.2,Prefer not to say,High School,Unemployed
8634,46,46959,1.94,60,8.68,Female,Associate Degree,Unemployed
8635,23,32000,3.87,39,79.88,Male,Bachelor's Degree,Self-employed
8636,23,42332,1.75,46,64.65,Prefer not to say,High School,Employed
8637,47,56641,1.37,41,62.12,Male,Bachelor's Degree,Retired
8638,23,50628,3.3,25,91.94,Female,Master's Degree,Unemployed
8639,40,48770,4.63,54,15.87,Female,Associate Degree,Self-employed
8640,28,79060,1.14,37,17.03,Non-binary,Master's Degree,Unemployed
8641,51,60965,4.31,26,18.95,Male,Associate Degree,Retired
8642,27,62786,3.03,34,42.34,Male,Doctorate,Unemployed
8643,46,47510,4.44,37,87.42,Male,Master's Degree,Student
8644,36,53302,4.37,47,88.15,Female,Doctorate,Retired
8645,37,43533,4.5,33,59.06,Prefer not to say,Bachelor's Degree,Employed
8646,18,61663,4.08,66,65.81,Male,Master's Degree,Retired
8647,18,48344,4.37,30,89.78,Prefer not to say,High School,Self-employed
8648,32,53335,1.7,46,62.42,Male,Associate Degree,Employed
8649,37,52409,2.22,20,22.98,Female,High School,Unemployed
8650,23,49727,1.97,38,70.49,Prefer not to say,High School,Retired
8651,24,94072,3.97,43,76.99,Male,Bachelor's Degree,Employed
8652,40,40000,1.61,28,63.53,Prefer not to say,Bachelor's Degree,Unemployed
8653,40,39864,1.73,54,27.36,Male,High School,Retired
8654,33,60411,4.52,44,39.99,Non-binary,High School,Employed
8655,42,41072,3.82,36,47.06,Non-binary,High School,Self-employed
8656,23,45628,4.5,44,14.53,Non-binary,Associate Degree,Unemployed
8657,31,33703,1.56,34,45.22,Male,Bachelor's Degree,Unemployed
8658,51,57373,2.6,52,16.12,Prefer not to say,Master's Degree,Self-employed
8659,35,57563,2.13,50,49.95,Non-binary,Bachelor's Degree,Self-employed
8660,36,45272,1.04,43,5.08,Female,High School,Self-employed
8661,58,60722,2.14,46,94.85,Prefer not to say,Master's Degree,Employed
8662,21,22128,2.52,25,24.63,Non-binary,Master's Degree,Self-employed
8663,42,39397,1.37,54,46.7,Female,Master's Degree,Student
8664,51,47450,3.27,39,3.28,Female,Bachelor's Degree,Employed
8665,31,32415,2.53,50,19.27,Female,High School,Self-employed
8666,43,23769,1.19,47,69.32,Male,High School,Self-employed
8667,25,45381,3.82,50,11.18,Female,Doctorate,Student
8668,28,60410,3.92,29,62.81,Prefer not to say,Associate Degree,Retired
8669,38,69231,4.34,30,0.21,Prefer not to say,Bachelor's Degree,Self-employed
8670,42,41790,2.94,62,46.5,Male,Doctorate,Unemployed
8671,46,60998,4.87,24,72.13,Female,Doctorate,Self-employed
8672,50,59548,4.66,29,92.63,Prefer not to say,Doctorate,Employed
8673,34,68279,3.21,40,49.28,Male,Bachelor's Degree,Employed
8674,46,44747,2.78,40,84.05,Female,Associate Degree,Self-employed
8675,31,23022,1.01,34,80.26,Prefer not to say,Master's Degree,Employed
8676,44,51052,3.84,46,29.58,Female,Associate Degree,Unemployed
8677,37,34793,3.26,49,87.47,Male,Associate Degree,Self-employed
8678,39,39147,4.75,39,64.03,Non-binary,High School,Unemployed
8679,39,45481,3.38,37,10.42,Prefer not to say,Doctorate,Student
8680,18,44916,4.97,39,93.91,Female,Doctorate,Retired
8681,23,52123,4.42,35,17.67,Female,Master's Degree,Student
8682,36,60547,4.81,23,47.04,Non-binary,High School,Self-employed
8683,18,44483,2.31,43,46.64,Female,Master's Degree,Retired
8684,43,55935,1.6,47,62.52,Male,Bachelor's Degree,Self-employed
8685,43,50222,4.19,38,66.5,Male,High School,Retired
8686,38,64032,4.14,17,23.29,Female,Doctorate,Self-employed
8687,23,47171,1.85,34,35.24,Female,Master's Degree,Retired
8688,48,48816,4.06,49,14.46,Prefer not to say,High School,Unemployed
8689,55,44383,3.33,25,12.6,Male,High School,Employed
8690,36,47566,1.44,46,82.51,Prefer not to say,Associate Degree,Self-employed
8691,40,38247,3.01,35,75.07,Non-binary,High School,Student
8692,37,36761,4.72,39,44.27,Prefer not to say,High School,Student
8693,40,61636,3.03,33,9.59,Female,Doctorate,Self-employed
8694,33,33751,4.15,28,44.99,Prefer not to say,Bachelor's Degree,Unemployed
8695,34,45213,1.12,54,29.45,Prefer not to say,Master's Degree,Self-employed
8696,44,65230,3.91,48,77.79,Prefer not to say,Bachelor's Degree,Retired
8697,58,44709,4.79,46,9.66,Male,High School,Employed
8698,20,62431,3,49,45.14,Prefer not to say,Doctorate,Unemployed
8699,33,41134,2.35,45,59.14,Non-binary,Doctorate,Employed
8700,23,34232,3.59,49,98.57,Prefer not to say,Doctorate,Student
8701,50,26077,4.67,33,8.96,Prefer not to say,Doctorate,Employed
8702,29,69690,1.71,53,11.4,Prefer not to say,Associate Degree,Employed
8703,20,32946,2.61,52,98.8,Female,High School,Self-employed
8704,41,61207,1.63,43,40.56,Female,Associate Degree,Student
8705,52,35000,2.99,37,74.37,Non-binary,Associate Degree,Employed
8706,41,69760,3.16,27,78.35,Female,High School,Retired
8707,37,83101,4.78,42,31.46,Female,Doctorate,Employed
8708,39,24702,2.65,56,21.43,Male,Master's Degree,Self-employed
8709,49,33728,3.27,28,27.61,Non-binary,Doctorate,Unemployed
8710,26,61596,4.54,50,76.44,Female,Doctorate,Unemployed
8711,33,57695,2.29,35,84.05,Male,Associate Degree,Unemployed
8712,30,61653,3.7,36,69.95,Female,Bachelor's Degree,Retired
8713,23,41393,4.03,28,44.12,Male,Doctorate,Employed
8714,31,79813,2.32,32,26.26,Female,High School,Student
8715,46,51770,1.66,46,42.52,Female,High School,Employed
8716,40,31745,3.01,47,91.45,Female,High School,Unemployed
8717,41,46202,2.43,42,86.32,Female,Associate Degree,Unemployed
8718,36,31946,2.07,34,32.34,Prefer not to say,Master's Degree,Student
8719,40,73864,4.89,28,32.79,Female,Master's Degree,Employed
8720,26,40095,3.01,40,78,Non-binary,Master's Degree,Unemployed
8721,31,57387,4.43,36,42.66,Prefer not to say,Doctorate,Student
8722,36,42939,1.78,42,57.27,Non-binary,Doctorate,Self-employed
8723,37,40769,4.76,36,42.23,Prefer not to say,Bachelor's Degree,Unemployed
8724,38,21346,4.18,37,24.23,Prefer not to say,Bachelor's Degree,Self-employed
8725,33,58972,4.23,41,18.89,Non-binary,Bachelor's Degree,Employed
8726,31,69487,2.56,43,13.95,Male,Associate Degree,Retired
8727,66,36260,2.94,52,1.14,Non-binary,Master's Degree,Employed
8728,44,26821,3.37,36,28.06,Female,Doctorate,Retired
8729,39,62049,4.16,45,17.14,Female,Bachelor's Degree,Student
8730,32,25306,4.4,58,25.8,Non-binary,Associate Degree,Retired
8731,30,68292,1.31,45,7.58,Male,Bachelor's Degree,Student
8732,33,36434,4.62,51,34.16,Prefer not to say,Doctorate,Unemployed
8733,37,33450,4.75,33,52,Prefer not to say,Bachelor's Degree,Employed
8734,18,53726,3.37,32,94.46,Female,Associate Degree,Student
8735,19,34427,1.75,38,34.71,Male,Associate Degree,Employed
8736,28,39393,4.27,39,3.1,Prefer not to say,Bachelor's Degree,Employed
8737,37,55309,3.19,50,36.24,Prefer not to say,Doctorate,Student
8738,32,20000,4.27,32,81.72,Female,Associate Degree,Student
8739,49,74636,4.26,39,34.01,Male,Master's Degree,Retired
8740,20,50654,1.35,50,29.17,Prefer not to say,Associate Degree,Unemployed
8741,27,30605,3.43,42,91.9,Male,High School,Unemployed
8742,50,34741,2.93,39,29.72,Male,Bachelor's Degree,Self-employed
8743,36,64874,4.78,42,97.03,Female,Master's Degree,Retired
8744,43,59015,2.19,28,83.26,Prefer not to say,Doctorate,Retired
8745,55,70801,1.82,28,68.42,Female,Master's Degree,Employed
8746,28,39758,4.59,24,59.83,Non-binary,Associate Degree,Employed
8747,34,54448,1.59,42,22.48,Prefer not to say,Associate Degree,Student
8748,32,56398,3.75,49,73.04,Male,High School,Self-employed
8749,18,60429,2.2,47,34.71,Male,Master's Degree,Employed
8750,31,66909,3.27,51,48.56,Prefer not to say,Associate Degree,Retired
8751,43,39241,3.46,54,10.41,Female,Doctorate,Self-employed
8752,40,48287,2.67,41,29.62,Male,Doctorate,Retired
8753,41,40847,4.9,39,52.91,Prefer not to say,Master's Degree,Retired
8754,31,49210,1.53,54,46.8,Male,Master's Degree,Retired
8755,28,60476,2.57,32,34.35,Female,High School,Unemployed
8756,47,25189,2.72,28,47.19,Prefer not to say,Master's Degree,Retired
8757,30,66640,3.52,36,74.49,Female,Doctorate,Unemployed
8758,37,32912,2.63,35,45.93,Female,Master's Degree,Employed
8759,36,45389,1.39,40,50.62,Prefer not to say,Associate Degree,Retired
8760,49,68659,4.79,31,70.11,Female,Associate Degree,Student
8761,44,54920,2.66,43,84.16,Female,Master's Degree,Student
8762,22,55092,2.37,34,52.69,Female,Bachelor's Degree,Unemployed
8763,23,32290,2.79,52,94.82,Male,Master's Degree,Unemployed
8764,40,34338,1.87,28,35.34,Female,High School,Self-employed
8765,34,64118,1.4,38,25.26,Non-binary,Doctorate,Retired
8766,30,41162,1.59,36,69.31,Male,Doctorate,Retired
8767,45,42576,1.67,42,17.57,Non-binary,Master's Degree,Retired
8768,36,64459,1.79,49,90,Female,Bachelor's Degree,Retired
8769,35,34251,2.68,42,38.66,Female,Doctorate,Self-employed
8770,42,54038,3.5,38,69.81,Male,Bachelor's Degree,Employed
8771,31,50643,3.52,46,57.02,Female,Doctorate,Unemployed
8772,50,49959,1,48,5.44,Male,Associate Degree,Unemployed
8773,27,42223,4.68,42,70.91,Prefer not to say,High School,Student
8774,41,41302,4.29,43,79,Male,Doctorate,Retired
8775,49,33824,4.86,46,98.25,Female,Master's Degree,Unemployed
8776,21,57239,2.44,23,41.61,Male,Associate Degree,Student
8777,31,39977,3.66,36,50.29,Male,Bachelor's Degree,Self-employed
8778,46,64531,1.67,43,87.49,Male,High School,Student
8779,46,46631,4.27,37,26.92,Female,Bachelor's Degree,Retired
8780,33,34123,1.65,37,18.91,Male,Bachelor's Degree,Student
8781,27,46432,2.3,43,13.29,Non-binary,Doctorate,Retired
8782,44,43837,2.96,43,97.83,Prefer not to say,Associate Degree,Self-employed
8783,46,65136,3.38,44,27.04,Prefer not to say,High School,Self-employed
8784,23,44464,3.24,32,75.74,Prefer not to say,Associate Degree,Self-employed
8785,22,45856,1.41,25,44.97,Male,Associate Degree,Student
8786,37,71173,2.69,48,24.06,Male,Doctorate,Retired
8787,41,57624,4.69,32,91.33,Prefer not to say,Bachelor's Degree,Unemployed
8788,32,74940,4.49,31,46.38,Prefer not to say,Associate Degree,Retired
8789,41,68885,3.36,30,56.6,Female,Bachelor's Degree,Student
8790,27,36692,3.29,51,22.25,Male,Associate Degree,Self-employed
8791,18,64849,1.45,42,32.42,Female,High School,Employed
8792,30,72879,1.8,43,74.77,Male,Master's Degree,Unemployed
8793,35,72992,2.01,46,34.3,Prefer not to say,Master's Degree,Retired
8794,32,64821,2.95,39,50.6,Non-binary,Master's Degree,Retired
8795,23,64512,3.93,50,11.44,Female,Doctorate,Employed
8796,18,45460,2.84,28,85.01,Non-binary,Doctorate,Self-employed
8797,29,37439,1.5,29,73.76,Male,Bachelor's Degree,Employed
8798,43,44716,2.76,28,76.07,Non-binary,Doctorate,Self-employed
8799,47,25028,1.65,44,17.82,Prefer not to say,Master's Degree,Retired
8800,46,70141,4,45,49.52,Male,Doctorate,Self-employed
8801,26,45750,1.67,35,2.75,Prefer not to say,Master's Degree,Unemployed
8802,23,69369,2.93,37,31.51,Male,Associate Degree,Student
8803,39,31527,3.77,52,34.8,Male,Master's Degree,Student
8804,41,66239,1.91,33,91.37,Male,Master's Degree,Self-employed
8805,39,42576,1.3,42,99.28,Prefer not to say,High School,Retired
8806,18,30734,3.25,33,61.77,Male,High School,Retired
8807,26,74406,1.22,50,51.68,Male,High School,Self-employed
8808,34,66609,3.35,46,44.01,Female,High School,Employed
8809,39,53176,4.01,26,1.83,Prefer not to say,Master's Degree,Employed
8810,42,50509,2.32,37,80.01,Male,Bachelor's Degree,Employed
8811,36,56592,2.95,19,67.18,Male,High School,Retired
8812,38,52919,4.72,49,64.93,Male,Doctorate,Self-employed
8813,35,38115,2.88,60,80.9,Non-binary,Doctorate,Self-employed
8814,41,43819,4.99,18,92.81,Non-binary,Doctorate,Retired
8815,38,79410,1.63,25,38.95,Female,Master's Degree,Self-employed
8816,35,90082,3.84,41,42.64,Non-binary,Associate Degree,Unemployed
8817,32,73440,3.61,39,97.51,Female,Associate Degree,Employed
8818,35,57173,4.49,35,66.44,Male,High School,Self-employed
8819,39,44933,1.37,22,85.14,Prefer not to say,Doctorate,Retired
8820,37,38027,2.12,43,22.16,Male,High School,Self-employed
8821,38,39015,1.53,48,31.71,Prefer not to say,Master's Degree,Retired
8822,48,41700,4.73,68,39.16,Female,Doctorate,Self-employed
8823,37,82267,2.71,53,31.69,Prefer not to say,High School,Student
8824,28,77094,4.64,27,88.42,Female,Bachelor's Degree,Unemployed
8825,43,61194,2.18,39,51.15,Female,Master's Degree,Student
8826,21,35590,1.51,45,95.36,Prefer not to say,Master's Degree,Self-employed
8827,24,63395,2.19,33,32.13,Male,Master's Degree,Retired
8828,38,46420,3.39,47,3.72,Non-binary,Bachelor's Degree,Self-employed
8829,40,20000,4.38,47,13.81,Male,Associate Degree,Retired
8830,22,54306,2.54,52,21.71,Female,Associate Degree,Employed
8831,31,37371,4.66,48,64,Male,Bachelor's Degree,Employed
8832,28,37879,1.98,42,18.11,Male,Associate Degree,Self-employed
8833,30,46243,3.77,33,38.15,Male,Bachelor's Degree,Employed
8834,44,42525,3.94,27,79.54,Non-binary,High School,Self-employed
8835,42,49486,2.1,42,12.48,Prefer not to say,Bachelor's Degree,Employed
8836,34,48765,1.11,35,8.05,Non-binary,Associate Degree,Unemployed
8837,29,21862,2.46,36,54,Male,Bachelor's Degree,Student
8838,21,72804,1.18,51,69.81,Prefer not to say,Bachelor's Degree,Employed
8839,49,35249,4.6,53,91.1,Male,Doctorate,Unemployed
8840,40,35714,4.81,27,66.2,Female,Bachelor's Degree,Student
8841,27,45071,3.94,37,94.62,Male,Associate Degree,Retired
8842,42,48374,3.91,35,24.45,Prefer not to say,Master's Degree,Student
8843,34,71884,1.96,43,34.18,Non-binary,High School,Student
8844,32,54041,1.3,17,83.93,Non-binary,Bachelor's Degree,Unemployed
8845,39,58496,4.21,25,81.11,Male,Associate Degree,Self-employed
8846,27,54118,3.24,38,66.49,Non-binary,Associate Degree,Unemployed
8847,31,53471,3.73,47,50.6,Prefer not to say,Doctorate,Student
8848,36,54645,4.12,40,1.77,Non-binary,Associate Degree,Student
8849,30,21008,2.64,46,28.04,Non-binary,Master's Degree,Unemployed
8850,41,46251,1.58,41,15.83,Male,Associate Degree,Employed
8851,53,67433,4.18,52,5.12,Prefer not to say,Master's Degree,Student
8852,27,109134,2.82,54,77.61,Prefer not to say,High School,Student
8853,18,31935,4.31,32,13.13,Female,Bachelor's Degree,Retired
8854,18,56346,2.75,48,35.74,Non-binary,High School,Self-employed
8855,33,41434,1.87,45,97.75,Prefer not to say,Bachelor's Degree,Unemployed
8856,28,80714,1.68,65,40.92,Female,High School,Student
8857,37,29693,3.98,32,14.15,Male,Master's Degree,Employed
8858,36,59374,3.3,38,68.98,Female,Bachelor's Degree,Employed
8859,18,28891,2.62,29,80.99,Female,Bachelor's Degree,Retired
8860,18,45221,2.97,30,27.92,Prefer not to say,High School,Employed
8861,37,49485,3.2,43,80.94,Female,Doctorate,Unemployed
8862,36,66045,1.96,42,27.15,Male,Doctorate,Employed
8863,30,33842,2.51,45,69.31,Prefer not to say,High School,Retired
8864,18,59950,2.17,45,12.48,Prefer not to say,Associate Degree,Retired
8865,39,50281,2.55,37,42.78,Prefer not to say,High School,Employed
8866,47,54091,3,37,52.05,Prefer not to say,Master's Degree,Student
8867,37,64374,1.69,30,72.53,Male,Master's Degree,Employed
8868,26,30761,2.57,32,65,Male,Associate Degree,Retired
8869,35,62158,2.54,39,85.33,Male,Doctorate,Student
8870,21,41466,2.14,41,18.43,Non-binary,Master's Degree,Retired
8871,45,66438,4.99,47,66.12,Male,Master's Degree,Student
8872,35,55018,1.29,46,12.78,Female,Bachelor's Degree,Employed
8873,18,46857,3.57,55,47.81,Prefer not to say,Bachelor's Degree,Self-employed
8874,31,41149,1.7,30,52.46,Female,Associate Degree,Unemployed
8875,39,62349,4.36,37,2.73,Male,Master's Degree,Student
8876,31,68914,4.66,31,7.04,Non-binary,High School,Retired
8877,32,42007,2.61,52,83.93,Non-binary,Doctorate,Retired
8878,22,33004,4.29,34,28.68,Prefer not to say,Associate Degree,Self-employed
8879,40,60413,2,51,34.61,Male,High School,Retired
8880,28,28272,1.56,54,64.04,Non-binary,High School,Retired
8881,18,30417,2.26,44,22.07,Female,Associate Degree,Retired
8882,31,34059,2.37,42,19.29,Non-binary,Associate Degree,Student
8883,44,43768,2.59,40,42.15,Prefer not to say,Master's Degree,Student
8884,31,29955,2.49,36,5.9,Non-binary,Doctorate,Unemployed
8885,52,20918,2.64,35,91.7,Male,Master's Degree,Self-employed
8886,39,32968,3.84,38,94.01,Female,High School,Employed
8887,38,59637,1.98,58,44.82,Prefer not to say,Master's Degree,Self-employed
8888,33,30926,1.07,29,20.92,Prefer not to say,Master's Degree,Unemployed
8889,34,44895,2.96,42,47.06,Non-binary,Doctorate,Student
8890,32,79200,2.79,47,9.99,Prefer not to say,Bachelor's Degree,Student
8891,31,49262,1.24,37,39.78,Non-binary,Doctorate,Self-employed
8892,40,55137,1.54,44,7.37,Female,Master's Degree,Employed
8893,25,35809,3.04,24,70.62,Non-binary,Bachelor's Degree,Student
8894,24,82452,1.94,53,27.57,Prefer not to say,High School,Student
8895,23,41880,4.51,51,52.07,Female,Doctorate,Self-employed
8896,55,46578,1.69,39,1.35,Non-binary,Associate Degree,Self-employed
8897,40,69755,1.08,31,52.46,Prefer not to say,High School,Employed
8898,38,47273,2.79,47,0.33,Prefer not to say,Bachelor's Degree,Employed
8899,24,50718,4.94,28,92.52,Male,High School,Self-employed
8900,41,45774,3.54,29,50.12,Non-binary,Associate Degree,Employed
8901,33,45877,2.42,39,10.01,Non-binary,Associate Degree,Unemployed
8902,37,55557,1.07,55,34.11,Non-binary,Doctorate,Self-employed
8903,25,58294,2.94,46,4.61,Female,Doctorate,Retired
8904,36,40351,1.83,33,53.09,Female,Master's Degree,Employed
8905,30,38508,3.59,23,12.23,Male,Master's Degree,Self-employed
8906,27,40862,3.33,40,47.31,Male,High School,Retired
8907,42,28981,2.06,42,30.55,Male,Associate Degree,Unemployed
8908,19,26143,1.28,39,76.16,Prefer not to say,High School,Unemployed
8909,40,54457,4.02,58,48.23,Prefer not to say,Bachelor's Degree,Student
8910,41,64078,3.34,38,84.82,Male,Bachelor's Degree,Retired
8911,26,63065,4.37,17,94.13,Prefer not to say,Master's Degree,Retired
8912,26,20000,2.04,35,96.95,Male,High School,Retired
8913,32,46324,3.61,44,26.02,Female,Bachelor's Degree,Unemployed
8914,37,33468,1.47,43,76.76,Prefer not to say,Master's Degree,Student
8915,33,52156,2.17,38,43.81,Prefer not to say,High School,Unemployed
8916,39,43732,3.63,36,42.62,Male,Associate Degree,Self-employed
8917,52,58878,4.3,20,86.82,Non-binary,Bachelor's Degree,Retired
8918,29,49712,2.28,40,14.57,Male,Bachelor's Degree,Retired
8919,18,21559,4.2,36,47.78,Prefer not to say,Associate Degree,Student
8920,43,35493,3.71,42,59.29,Prefer not to say,Master's Degree,Student
8921,51,50086,2.39,44,6.61,Male,Bachelor's Degree,Retired
8922,38,51351,4.51,52,86.45,Male,Associate Degree,Unemployed
8923,24,28914,3.04,30,31.43,Male,Master's Degree,Student
8924,33,26953,3.59,27,65.68,Prefer not to say,Doctorate,Retired
8925,23,50843,2.98,34,92.81,Prefer not to say,Master's Degree,Self-employed
8926,41,28944,2.81,32,71.98,Prefer not to say,Bachelor's Degree,Student
8927,21,24970,4.39,31,88.6,Female,Master's Degree,Employed
8928,31,43322,2.18,54,6.95,Male,Bachelor's Degree,Self-employed
8929,24,42673,1.15,41,49.27,Female,Master's Degree,Retired
8930,36,36823,4.52,59,56.48,Male,Doctorate,Student
8931,31,39443,4.3,39,68.9,Female,Master's Degree,Student
8932,36,50207,2.47,28,11.69,Male,Doctorate,Unemployed
8933,35,39197,1.74,31,65.68,Non-binary,Bachelor's Degree,Retired
8934,25,51060,3.7,50,14.6,Female,Master's Degree,Employed
8935,41,44292,1.32,28,6.76,Prefer not to say,Associate Degree,Retired
8936,34,52514,2.7,45,46.93,Prefer not to say,Doctorate,Student
8937,25,63173,1.34,36,60.04,Female,High School,Student
8938,57,62588,3.39,30,95.81,Male,Doctorate,Employed
8939,39,69323,1.11,53,69.86,Female,Master's Degree,Self-employed
8940,33,62572,3.52,34,59.14,Prefer not to say,Doctorate,Retired
8941,49,53578,3.69,31,21.46,Prefer not to say,Master's Degree,Retired
8942,53,43498,2.95,39,15.2,Prefer not to say,Bachelor's Degree,Retired
8943,33,44183,1.7,34,60.73,Female,Bachelor's Degree,Unemployed
8944,38,36833,1.41,62,22.29,Female,Associate Degree,Employed
8945,25,50067,2.25,50,70.66,Non-binary,High School,Self-employed
8946,33,60460,2.86,34,11.45,Male,Bachelor's Degree,Retired
8947,33,39114,3.57,35,33.96,Non-binary,Associate Degree,Self-employed
8948,36,49441,1.01,19,77.31,Prefer not to say,High School,Self-employed
8949,38,39839,3.84,41,83.1,Non-binary,Associate Degree,Self-employed
8950,40,53140,3.85,32,34.52,Prefer not to say,Bachelor's Degree,Student
8951,37,41759,2.78,40,20.67,Male,High School,Retired
8952,22,38907,2.37,20,95.82,Non-binary,Bachelor's Degree,Retired
8953,25,39800,4.37,39,76.11,Prefer not to say,Master's Degree,Retired
8954,29,57549,4.14,56,80.71,Non-binary,High School,Employed
8955,32,48548,4.93,40,22.28,Female,Associate Degree,Unemployed
8956,45,43573,2.49,32,42.44,Female,Master's Degree,Unemployed
8957,23,53921,4.63,39,6.82,Male,Associate Degree,Unemployed
8958,31,43782,1.35,39,10.94,Male,Bachelor's Degree,Unemployed
8959,44,66897,2.65,61,22.1,Non-binary,Bachelor's Degree,Student
8960,32,35392,2.86,36,30.32,Male,Master's Degree,Employed
8961,39,47195,2.76,27,99.72,Male,Master's Degree,Employed
8962,33,28928,3.5,40,42.21,Female,High School,Student
8963,37,44796,1.68,41,69.79,Non-binary,Associate Degree,Retired
8964,32,24805,4.47,45,90.44,Female,Doctorate,Student
8965,41,61194,3.21,47,24.61,Female,Bachelor's Degree,Unemployed
8966,19,61497,4.62,59,14.47,Female,Doctorate,Employed
8967,31,61762,1.01,34,24.33,Non-binary,Doctorate,Student
8968,37,50433,3.52,33,88.24,Non-binary,Master's Degree,Unemployed
8969,40,36801,2.65,21,66.57,Non-binary,Associate Degree,Unemployed
8970,49,37994,3.02,46,45.13,Female,Doctorate,Self-employed
8971,31,72952,3.98,31,82.03,Male,Associate Degree,Retired
8972,49,71535,1.91,48,23.67,Non-binary,Master's Degree,Retired
8973,28,51838,1.82,35,23.92,Male,Doctorate,Retired
8974,48,42265,3.81,57,56.72,Female,Doctorate,Employed
8975,43,70529,3.09,25,79.01,Prefer not to say,Bachelor's Degree,Employed
8976,25,39582,1.93,50,25.96,Non-binary,Doctorate,Employed
8977,38,53432,2.94,49,21,Male,High School,Employed
8978,34,70279,2.84,45,47.4,Non-binary,Master's Degree,Unemployed
8979,41,37454,3.77,28,13.42,Female,High School,Retired
8980,32,62438,1.01,45,74.78,Non-binary,Doctorate,Employed
8981,31,57808,3.35,41,57.73,Female,Doctorate,Retired
8982,48,49407,3.42,21,51.25,Prefer not to say,High School,Unemployed
8983,34,35098,3.98,55,87.23,Female,Bachelor's Degree,Employed
8984,43,39133,4.56,36,73.26,Prefer not to say,Bachelor's Degree,Self-employed
8985,32,54341,2.76,54,14.93,Prefer not to say,High School,Student
8986,51,28649,2.37,39,42.04,Prefer not to say,High School,Employed
8987,28,51961,1.41,49,32.13,Male,Master's Degree,Employed
8988,28,58115,2.35,31,80.21,Female,Bachelor's Degree,Self-employed
8989,50,64778,1.27,42,71.9,Prefer not to say,Associate Degree,Unemployed
8990,30,29024,4.21,41,47.2,Female,Doctorate,Student
8991,51,69743,4.23,36,82.36,Non-binary,Doctorate,Unemployed
8992,43,75430,2.67,31,41.01,Female,High School,Self-employed
8993,33,56152,2.04,10,80.36,Female,Associate Degree,Employed
8994,18,34429,1.47,31,3.21,Female,Bachelor's Degree,Student
8995,34,45078,4.4,47,13.46,Female,Bachelor's Degree,Unemployed
8996,36,49286,4.51,26,75.6,Male,Bachelor's Degree,Employed
8997,46,54056,2.07,28,11.44,Prefer not to say,High School,Retired
8998,50,50329,3.49,25,68.38,Prefer not to say,High School,Self-employed
8999,28,54217,2.03,42,72.36,Prefer not to say,Doctorate,Unemployed
9000,43,48638,1.9,31,66.22,Non-binary,Doctorate,Retired
9001,42,53976,1.08,52,81.82,Non-binary,Bachelor's Degree,Unemployed
9002,45,43092,3.31,47,51.16,Female,Doctorate,Unemployed
9003,39,44927,1.6,42,89.7,Male,Doctorate,Retired
9004,18,41359,1.05,43,56.95,Male,Bachelor's Degree,Self-employed
9005,33,78758,1.42,32,50.79,Female,High School,Self-employed
9006,23,71958,2.26,32,50.94,Female,Doctorate,Retired
9007,32,58329,3.68,47,91.21,Prefer not to say,High School,Self-employed
9008,44,69879,1.81,49,24.37,Non-binary,Associate Degree,Student
9009,38,61976,4.55,47,69.5,Non-binary,High School,Student
9010,46,52719,2.15,35,24.26,Non-binary,Master's Degree,Employed
9011,38,27416,2.32,36,9.22,Non-binary,Master's Degree,Retired
9012,22,46067,1.87,30,95.37,Female,Bachelor's Degree,Student
9013,18,44974,2.02,47,12.97,Female,Master's Degree,Unemployed
9014,36,33003,1.3,20,68.62,Non-binary,Associate Degree,Self-employed
9015,32,27707,2.18,17,42.46,Prefer not to say,High School,Student
9016,25,57390,4.44,19,83.71,Prefer not to say,High School,Student
9017,18,54867,3.75,18,77.32,Prefer not to say,Doctorate,Retired
9018,27,32489,4.5,53,14.38,Non-binary,Doctorate,Unemployed
9019,33,38811,1.42,47,46.78,Prefer not to say,Doctorate,Student
9020,41,67418,2.82,28,2.75,Female,High School,Unemployed
9021,36,36834,1.92,38,42.95,Non-binary,High School,Self-employed
9022,51,52561,3.88,54,70.02,Prefer not to say,Doctorate,Self-employed
9023,24,47153,4.88,45,23.22,Female,High School,Self-employed
9024,43,57595,4.26,61,81,Non-binary,Associate Degree,Employed
9025,35,37158,1.14,38,5.32,Female,Doctorate,Retired
9026,41,51351,2.27,33,3.46,Prefer not to say,Master's Degree,Self-employed
9027,30,52530,1.11,29,2.75,Male,Doctorate,Employed
9028,45,53452,1.16,40,28,Prefer not to say,Master's Degree,Employed
9029,37,51186,1.32,49,46.71,Female,Bachelor's Degree,Retired
9030,28,55169,2.11,40,10.74,Male,Master's Degree,Self-employed
9031,34,82876,2.22,36,99.67,Male,Associate Degree,Retired
9032,32,88419,2.6,52,99.96,Non-binary,High School,Retired
9033,39,40411,2.62,45,51.98,Male,Associate Degree,Student
9034,23,20000,4.09,38,56.8,Non-binary,Bachelor's Degree,Retired
9035,34,58932,1.57,32,92.68,Male,Associate Degree,Employed
9036,38,52793,1.63,37,76.98,Male,Associate Degree,Self-employed
9037,35,65915,3.51,44,16.79,Non-binary,Bachelor's Degree,Retired
9038,48,54273,3.29,32,79.25,Female,Associate Degree,Employed
9039,42,50879,1.62,27,23.09,Non-binary,Bachelor's Degree,Self-employed
9040,34,66933,4.41,35,43.02,Male,High School,Unemployed
9041,37,69031,2.32,39,53.25,Prefer not to say,Doctorate,Employed
9042,37,29201,2.47,53,71.7,Non-binary,High School,Unemployed
9043,39,37750,2.68,28,15.02,Non-binary,High School,Unemployed
9044,18,48416,2.29,42,7.62,Male,High School,Student
9045,31,51476,3.23,37,86.61,Male,Associate Degree,Unemployed
9046,20,46610,2.55,37,82.68,Prefer not to say,High School,Employed
9047,47,56513,2.04,55,52.33,Male,Bachelor's Degree,Retired
9048,34,64941,4.62,40,66.24,Non-binary,Bachelor's Degree,Self-employed
9049,33,75840,2.23,30,71.93,Non-binary,Bachelor's Degree,Student
9050,43,58683,3.79,48,47.65,Non-binary,Bachelor's Degree,Self-employed
9051,39,37214,2.39,48,25.72,Female,High School,Employed
9052,23,47789,2.74,29,48.14,Non-binary,Master's Degree,Retired
9053,34,48869,1.94,28,95.08,Female,Doctorate,Unemployed
9054,31,57719,4.01,44,83.78,Male,Master's Degree,Unemployed
9055,18,55822,3.95,39,46.55,Female,Associate Degree,Employed
9056,28,80755,1.09,35,22.56,Non-binary,High School,Employed
9057,33,43077,1.24,50,88.96,Male,Master's Degree,Self-employed
9058,33,55771,4.69,34,63.82,Female,High School,Self-employed
9059,20,85320,4.56,44,40.47,Male,Bachelor's Degree,Self-employed
9060,46,41221,3.02,51,11.17,Male,Associate Degree,Unemployed
9061,33,52177,2.97,36,75.18,Female,Master's Degree,Employed
9062,35,35826,4.25,21,31.7,Male,Doctorate,Student
9063,39,51231,1.55,35,60.63,Male,Bachelor's Degree,Unemployed
9064,27,38296,3.61,41,56.96,Non-binary,Bachelor's Degree,Student
9065,39,65702,2.9,50,69.96,Prefer not to say,Associate Degree,Self-employed
9066,31,52209,3.97,34,53.76,Prefer not to say,Bachelor's Degree,Self-employed
9067,26,35969,1.12,57,63.04,Male,Bachelor's Degree,Employed
9068,40,62608,3.37,27,8.15,Female,Master's Degree,Retired
9069,49,52694,3.23,41,66.53,Prefer not to say,Bachelor's Degree,Retired
9070,42,64292,4.36,37,19.42,Female,Associate Degree,Self-employed
9071,44,32785,3.71,53,39.2,Prefer not to say,High School,Retired
9072,29,55532,4.52,25,51.25,Non-binary,Associate Degree,Retired
9073,19,61600,4.55,44,68.69,Non-binary,Associate Degree,Self-employed
9074,49,43649,2.63,37,74.24,Female,High School,Employed
9075,55,31114,1.55,55,70.49,Female,Master's Degree,Unemployed
9076,50,49375,3.52,31,9.51,Non-binary,Doctorate,Retired
9077,31,68421,4.49,44,38.69,Female,Doctorate,Student
9078,23,66888,1.3,31,28.07,Male,Associate Degree,Retired
9079,24,43573,3.23,41,39.84,Non-binary,Master's Degree,Unemployed
9080,18,30753,1.46,36,64.69,Non-binary,Master's Degree,Unemployed
9081,33,43532,1.11,36,19.29,Non-binary,Master's Degree,Unemployed
9082,51,42972,3.72,20,50.21,Non-binary,Master's Degree,Unemployed
9083,33,56696,3.73,44,88.49,Male,Associate Degree,Student
9084,38,48424,3.4,29,73.11,Non-binary,Bachelor's Degree,Employed
9085,48,38701,4.44,28,72.54,Non-binary,Doctorate,Unemployed
9086,30,66563,1.32,24,84.87,Female,Doctorate,Unemployed
9087,55,52106,1.42,29,39.92,Non-binary,High School,Student
9088,54,56531,4.46,45,75.95,Prefer not to say,Associate Degree,Retired
9089,33,24125,3.01,44,5.87,Female,Doctorate,Retired
9090,29,20000,2.09,46,5.64,Female,Associate Degree,Student
9091,41,28436,3.95,29,33.18,Prefer not to say,Associate Degree,Retired
9092,31,42791,4.58,42,19.68,Female,Master's Degree,Self-employed
9093,23,58645,3.76,33,51.85,Male,High School,Employed
9094,47,20000,4.17,49,18.32,Non-binary,Associate Degree,Retired
9095,47,73892,2.13,44,97.56,Non-binary,Doctorate,Student
9096,36,52558,2.16,33,85.11,Female,Doctorate,Self-employed
9097,22,70404,4.46,50,98.25,Non-binary,High School,Employed
9098,22,36710,3.46,45,80.78,Female,Associate Degree,Unemployed
9099,36,57557,1.94,26,95.11,Non-binary,Master's Degree,Retired
9100,30,51277,3.1,23,36.81,Female,High School,Employed
9101,31,62265,3.74,26,49.79,Female,Associate Degree,Employed
9102,45,46493,1.87,56,23.98,Female,High School,Unemployed
9103,42,57098,3.62,29,63.58,Male,Master's Degree,Employed
9104,48,66532,1.17,58,78.82,Female,Bachelor's Degree,Retired
9105,25,40232,2.21,29,49.87,Male,Bachelor's Degree,Self-employed
9106,31,53633,3.7,28,29.64,Male,Bachelor's Degree,Retired
9107,42,21682,1.6,48,50.77,Prefer not to say,Master's Degree,Student
9108,39,60537,1.89,49,6.29,Female,Master's Degree,Employed
9109,50,79319,4.52,45,72.11,Male,High School,Unemployed
9110,39,31333,3.7,46,45.16,Prefer not to say,Doctorate,Student
9111,53,48629,3,31,89.82,Non-binary,Master's Degree,Employed
9112,40,63207,1.84,48,92.33,Male,Master's Degree,Employed
9113,45,50471,2.37,42,12.55,Male,Bachelor's Degree,Self-employed
9114,31,52476,3.3,36,99.61,Male,Bachelor's Degree,Unemployed
9115,35,44135,1.62,40,96.98,Prefer not to say,Bachelor's Degree,Retired
9116,44,43577,2.93,50,62.71,Prefer not to say,Doctorate,Employed
9117,51,48699,2.64,43,82.54,Male,Bachelor's Degree,Student
9118,42,50625,2.91,18,1.84,Female,Bachelor's Degree,Unemployed
9119,34,32278,1.42,48,97.04,Prefer not to say,Doctorate,Retired
9120,48,49009,1.43,48,45.63,Prefer not to say,Bachelor's Degree,Student
9121,18,73528,4.86,36,90.97,Non-binary,High School,Unemployed
9122,20,43712,4.92,41,38.51,Non-binary,High School,Self-employed
9123,41,31441,2.7,41,78.82,Male,Associate Degree,Student
9124,35,47728,4.16,20,41.79,Non-binary,High School,Unemployed
9125,41,39280,3.62,35,36.27,Female,Doctorate,Retired
9126,35,29924,1.47,36,94.68,Male,Bachelor's Degree,Employed
9127,40,52087,2.19,38,69.91,Male,Associate Degree,Unemployed
9128,26,39345,2.25,34,84.01,Prefer not to say,Master's Degree,Student
9129,40,40629,3.38,46,54.34,Male,Master's Degree,Retired
9130,44,52301,3.32,31,91.83,Non-binary,High School,Employed
9131,47,27002,4.69,49,74,Male,Associate Degree,Retired
9132,55,23876,4.16,46,7.22,Male,Master's Degree,Employed
9133,37,60063,4.43,53,76.69,Non-binary,Master's Degree,Self-employed
9134,37,21037,4.56,57,1.87,Prefer not to say,Master's Degree,Self-employed
9135,19,35349,4.21,57,82.91,Female,High School,Retired
9136,29,23002,2.33,28,33.19,Non-binary,High School,Employed
9137,33,42707,1.86,43,59.83,Female,Associate Degree,Employed
9138,45,56420,3.29,32,74.94,Female,High School,Unemployed
9139,28,51685,3.76,72,63.7,Female,High School,Unemployed
9140,42,85878,2.55,46,67.24,Male,Doctorate,Self-employed
9141,34,66303,4.39,54,89.27,Female,High School,Self-employed
9142,33,36032,4.84,44,37.4,Prefer not to say,Associate Degree,Employed
9143,37,32044,3.28,13,54.71,Prefer not to say,High School,Employed
9144,31,90600,2.83,32,17.49,Prefer not to say,High School,Student
9145,30,65938,4.37,33,46.75,Male,Doctorate,Unemployed
9146,18,58840,1.1,36,15,Non-binary,Associate Degree,Employed
9147,32,51122,1.52,43,63.36,Prefer not to say,Master's Degree,Employed
9148,30,54102,4.38,45,32.43,Female,Doctorate,Self-employed
9149,29,27768,3.93,13,85.9,Male,High School,Retired
9150,39,52355,2.66,37,34.36,Male,Bachelor's Degree,Self-employed
9151,41,51068,4.56,35,28.68,Prefer not to say,Doctorate,Employed
9152,37,36437,2.41,53,49.13,Female,Doctorate,Unemployed
9153,44,41922,3.54,45,17.53,Female,Associate Degree,Retired
9154,40,72727,3.54,38,20.38,Prefer not to say,Master's Degree,Student
9155,32,48122,1.74,42,78.31,Female,Master's Degree,Self-employed
9156,30,81067,2.14,23,49.72,Male,Master's Degree,Student
9157,38,23889,4.66,46,20.63,Male,Doctorate,Unemployed
9158,40,42168,1.73,36,3.15,Prefer not to say,Bachelor's Degree,Retired
9159,48,26790,1.69,31,46.65,Female,Associate Degree,Unemployed
9160,46,31858,2.92,53,74.26,Non-binary,Bachelor's Degree,Retired
9161,29,37576,1.37,42,35.12,Prefer not to say,Master's Degree,Student
9162,33,54729,4.58,33,24.8,Male,Doctorate,Student
9163,41,54002,1.4,33,39.64,Prefer not to say,Master's Degree,Unemployed
9164,45,39810,3.47,43,95.91,Prefer not to say,Bachelor's Degree,Retired
9165,44,20000,2.36,42,42.32,Male,Master's Degree,Student
9166,34,72165,4.22,40,25.96,Non-binary,High School,Retired
9167,22,45713,3.36,27,56.92,Prefer not to say,Associate Degree,Student
9168,25,33255,2.55,29,81.07,Non-binary,Bachelor's Degree,Employed
9169,37,54123,4.94,32,2.23,Non-binary,High School,Student
9170,38,53066,1.26,38,55.81,Male,Master's Degree,Employed
9171,24,45159,3.31,39,83.63,Prefer not to say,Associate Degree,Unemployed
9172,35,52227,4.96,38,21.56,Prefer not to say,Associate Degree,Employed
9173,41,32674,3.76,38,92.17,Non-binary,Associate Degree,Unemployed
9174,23,61398,3.96,58,57.77,Prefer not to say,Doctorate,Employed
9175,46,35046,1.13,48,51.67,Non-binary,Associate Degree,Unemployed
9176,31,40916,1.09,51,96.37,Male,High School,Student
9177,47,59732,1.14,44,12.97,Male,Bachelor's Degree,Self-employed
9178,29,68059,4.97,40,74.01,Male,High School,Self-employed
9179,24,73786,4.92,44,81.86,Non-binary,Master's Degree,Self-employed
9180,30,65836,2.34,42,48.86,Prefer not to say,Doctorate,Employed
9181,34,45138,2.16,48,0.65,Prefer not to say,Doctorate,Self-employed
9182,31,26884,1.58,30,52.43,Female,Master's Degree,Unemployed
9183,32,71075,2.32,47,15.35,Female,Bachelor's Degree,Employed
9184,38,70560,2.48,41,56.26,Male,Doctorate,Employed
9185,33,39920,3.99,21,73.86,Prefer not to say,Master's Degree,Student
9186,34,63817,4.47,40,53.11,Non-binary,Master's Degree,Unemployed
9187,18,45017,3.99,26,63.08,Non-binary,Master's Degree,Unemployed
9188,38,72519,3.59,34,10.39,Non-binary,Master's Degree,Student
9189,34,42277,4.06,38,9.7,Prefer not to say,Associate Degree,Retired
9190,51,79679,3.95,24,85.09,Prefer not to say,Bachelor's Degree,Student
9191,25,61791,2.9,39,4.93,Male,Master's Degree,Retired
9192,18,76963,2.34,40,28.43,Female,Associate Degree,Self-employed
9193,41,43043,2.13,47,93.77,Prefer not to say,Associate Degree,Self-employed
9194,38,56075,3.72,35,45.89,Non-binary,High School,Self-employed
9195,24,35460,4.84,42,67.45,Prefer not to say,Master's Degree,Self-employed
9196,19,62659,3.32,39,22.17,Female,Associate Degree,Student
9197,50,63485,4.65,35,27.05,Female,High School,Self-employed
9198,49,85955,1.06,23,50.9,Non-binary,High School,Student
9199,18,57230,4.18,38,63.81,Male,Master's Degree,Unemployed
9200,30,60861,4.41,47,96.05,Female,Doctorate,Unemployed
9201,51,42937,3.52,30,57.44,Female,Associate Degree,Employed
9202,30,58120,4.74,37,9.6,Female,Doctorate,Unemployed
9203,30,44301,3.36,39,36.69,Female,High School,Retired
9204,32,51737,1.96,51,24.42,Female,Doctorate,Retired
9205,23,52617,1.86,40,25.44,Prefer not to say,Doctorate,Self-employed
9206,18,44715,3.22,42,50.54,Non-binary,Master's Degree,Employed
9207,45,50944,4.63,39,31.67,Prefer not to say,High School,Student
9208,18,44370,1.29,35,28.93,Male,Bachelor's Degree,Student
9209,37,44304,3.42,28,96.8,Female,Associate Degree,Student
9210,43,66149,4.08,37,58.4,Male,Master's Degree,Self-employed
9211,20,52631,1.46,43,26.18,Male,Master's Degree,Employed
9212,25,55205,1.47,41,27.59,Non-binary,Bachelor's Degree,Unemployed
9213,47,28140,2.46,54,81.1,Prefer not to say,Master's Degree,Unemployed
9214,40,56351,2.1,49,88.65,Male,High School,Self-employed
9215,28,57956,1.79,52,67.9,Male,Master's Degree,Retired
9216,47,44024,1.79,19,43.14,Male,Master's Degree,Student
9217,47,81275,1.52,55,76.46,Male,Bachelor's Degree,Retired
9218,37,20000,3.44,42,93.74,Female,Associate Degree,Unemployed
9219,25,61765,3.75,44,16.62,Non-binary,Associate Degree,Self-employed
9220,30,60692,3.81,48,86.17,Non-binary,Doctorate,Retired
9221,37,58123,3.13,40,84.88,Non-binary,High School,Unemployed
9222,33,52643,4.81,29,36.65,Male,Bachelor's Degree,Self-employed
9223,44,58260,4.52,54,29.18,Male,Associate Degree,Student
9224,19,63022,4.83,32,56.53,Female,Bachelor's Degree,Employed
9225,20,39111,2.56,30,27.23,Male,Doctorate,Unemployed
9226,36,54487,4.51,37,14.54,Prefer not to say,Associate Degree,Employed
9227,30,47250,4.05,36,95.31,Prefer not to say,Bachelor's Degree,Self-employed
9228,28,33593,2.36,40,49.14,Male,High School,Unemployed
9229,18,60757,1.43,39,47.23,Prefer not to say,High School,Student
9230,35,41534,3.73,53,12.61,Prefer not to say,Doctorate,Student
9231,34,27532,1.55,44,50.42,Non-binary,Associate Degree,Self-employed
9232,41,41913,2.18,31,74.28,Male,Associate Degree,Employed
9233,35,38016,3,32,24.8,Non-binary,High School,Retired
9234,33,65427,3.72,36,36.89,Prefer not to say,Doctorate,Student
9235,46,52297,4.7,36,17.89,Non-binary,Master's Degree,Employed
9236,21,70735,3.37,34,35.51,Prefer not to say,High School,Employed
9237,40,40001,3.69,28,86.13,Non-binary,High School,Unemployed
9238,18,63112,2.24,42,23.71,Male,Bachelor's Degree,Retired
9239,26,92594,3.75,35,2.95,Prefer not to say,Doctorate,Self-employed
9240,22,55340,2.75,30,53.62,Male,Master's Degree,Student
9241,42,62924,4.43,44,57.95,Female,Doctorate,Retired
9242,34,60402,2.57,48,32.89,Prefer not to say,Doctorate,Employed
9243,34,28668,2.87,37,64.16,Non-binary,High School,Retired
9244,23,58787,2.73,57,3.79,Female,High School,Unemployed
9245,32,54596,4.24,62,34.06,Male,High School,Unemployed
9246,27,46103,4.81,44,14.46,Male,Bachelor's Degree,Employed
9247,38,36739,2.31,35,22.98,Male,Master's Degree,Employed
9248,25,60409,2.9,42,38.25,Female,Master's Degree,Self-employed
9249,48,35413,3.82,27,49.34,Prefer not to say,Doctorate,Student
9250,18,82004,4.58,31,9.32,Prefer not to say,High School,Student
9251,26,51712,2.97,23,10.13,Male,Doctorate,Retired
9252,51,31650,1.44,33,67.4,Male,High School,Student
9253,30,42290,2.47,27,40.41,Male,Doctorate,Employed
9254,21,45827,3.2,46,17.65,Female,Doctorate,Retired
9255,37,86185,2.67,32,23.49,Female,Bachelor's Degree,Student
9256,30,36731,1.75,42,72.01,Male,Bachelor's Degree,Self-employed
9257,26,48256,1.15,47,5.18,Non-binary,Doctorate,Employed
9258,24,41932,3.75,51,50.87,Prefer not to say,High School,Employed
9259,62,57488,4.97,36,36.03,Female,Doctorate,Student
9260,32,42171,4.68,43,81.11,Prefer not to say,High School,Self-employed
9261,18,32914,3.73,43,79.01,Female,Associate Degree,Self-employed
9262,49,47070,4.37,52,68.92,Non-binary,Master's Degree,Unemployed
9263,41,45509,2.02,47,38.48,Female,Doctorate,Employed
9264,27,41116,3.49,53,63.12,Prefer not to say,Associate Degree,Employed
9265,25,41917,1.24,23,63.98,Non-binary,Doctorate,Student
9266,41,67770,3.83,33,33.22,Non-binary,Bachelor's Degree,Student
9267,32,45203,4.88,50,88,Non-binary,Master's Degree,Self-employed
9268,18,32988,4.44,45,98.49,Non-binary,Doctorate,Employed
9269,52,43068,3.14,38,31.44,Prefer not to say,Bachelor's Degree,Student
9270,30,50815,4.15,35,80.12,Non-binary,Bachelor's Degree,Self-employed
9271,49,29955,4.78,47,50.09,Prefer not to say,Associate Degree,Employed
9272,47,74389,1.86,20,46.37,Female,Bachelor's Degree,Unemployed
9273,24,63013,4.17,47,38.66,Prefer not to say,Associate Degree,Employed
9274,45,71452,2.08,40,29.2,Male,High School,Unemployed
9275,28,55881,4.51,35,91.95,Non-binary,High School,Employed
9276,18,20000,1.39,45,74.08,Prefer not to say,High School,Self-employed
9277,30,73030,1.71,36,44.07,Female,High School,Employed
9278,38,37046,3.88,40,75.16,Male,Doctorate,Student
9279,30,38267,1.7,39,71.86,Male,Associate Degree,Self-employed
9280,31,52344,1.63,47,26.73,Female,High School,Unemployed
9281,46,70673,3.22,41,17.61,Male,Bachelor's Degree,Employed
9282,36,65799,4.34,20,83.63,Male,Associate Degree,Unemployed
9283,26,63594,2.07,26,81.14,Prefer not to say,Doctorate,Student
9284,42,45322,4.36,29,99.69,Non-binary,High School,Self-employed
9285,36,45085,4.23,44,1.94,Prefer not to say,Associate Degree,Unemployed
9286,18,55189,3.32,45,54.04,Non-binary,Master's Degree,Retired
9287,39,48048,3.59,56,70.13,Prefer not to say,High School,Employed
9288,38,63339,1.16,29,58.25,Female,Associate Degree,Unemployed
9289,35,62451,2.47,53,71.04,Non-binary,High School,Retired
9290,43,58870,2.05,20,13.73,Male,Master's Degree,Retired
9291,28,20000,1.6,40,0.15,Male,Bachelor's Degree,Student
9292,38,51919,2.56,42,9.3,Prefer not to say,Bachelor's Degree,Unemployed
9293,19,48367,2.42,42,38.01,Non-binary,Master's Degree,Student
9294,39,52520,3.92,36,32.89,Female,Associate Degree,Employed
9295,54,38685,3.39,41,87.4,Female,Doctorate,Self-employed
9296,25,30128,4.65,27,8.35,Non-binary,High School,Retired
9297,27,56947,1.58,48,44.27,Female,Doctorate,Unemployed
9298,27,44655,1.24,42,95.78,Prefer not to say,High School,Employed
9299,36,58620,3.14,43,50.29,Female,Doctorate,Unemployed
9300,24,39936,1,37,13.24,Male,High School,Retired
9301,39,71238,4.15,36,29.13,Non-binary,Bachelor's Degree,Self-employed
9302,43,65015,3.02,45,62.68,Non-binary,High School,Employed
9303,40,54452,2.95,55,1.2,Male,High School,Retired
9304,18,46800,2.45,26,96.81,Male,Master's Degree,Employed
9305,44,62786,2.5,25,56.7,Non-binary,Master's Degree,Unemployed
9306,44,55888,2.72,42,70.41,Non-binary,High School,Retired
9307,43,53578,1.06,36,49.9,Male,High School,Retired
9308,38,65642,1.33,41,95.79,Female,Associate Degree,Retired
9309,37,71398,3.02,39,58.92,Prefer not to say,Bachelor's Degree,Self-employed
9310,45,31213,1.6,46,66.2,Male,High School,Retired
9311,54,34244,4.12,37,86.08,Prefer not to say,High School,Employed
9312,25,38296,2.1,27,86.16,Female,Bachelor's Degree,Retired
9313,45,27463,1.39,32,2.82,Non-binary,Associate Degree,Self-employed
9314,34,49058,1.94,38,28.33,Non-binary,Master's Degree,Self-employed
9315,33,59001,2.43,27,24.63,Non-binary,Master's Degree,Unemployed
9316,19,49678,1.14,39,0.66,Non-binary,Bachelor's Degree,Employed
9317,32,41988,1.57,40,87.68,Non-binary,High School,Student
9318,25,66896,2.3,36,31.71,Male,Master's Degree,Employed
9319,30,52108,2.24,42,34.7,Non-binary,High School,Student
9320,24,55144,4.2,23,9.96,Prefer not to say,Doctorate,Employed
9321,30,67313,4.37,30,98.97,Non-binary,High School,Retired
9322,30,48151,1.77,28,82.63,Prefer not to say,Master's Degree,Student
9323,35,80903,1.5,48,57.19,Prefer not to say,High School,Employed
9324,18,43282,3.54,63,77.19,Non-binary,High School,Unemployed
9325,20,79969,4.22,31,77.71,Non-binary,Associate Degree,Self-employed
9326,38,35378,4.85,37,65.67,Female,Associate Degree,Employed
9327,27,57762,1.03,33,17.4,Non-binary,High School,Employed
9328,45,40362,2.65,42,72.03,Prefer not to say,Bachelor's Degree,Self-employed
9329,37,66793,3.94,33,56.96,Female,Bachelor's Degree,Student
9330,41,42826,4.31,42,72.41,Prefer not to say,Bachelor's Degree,Student
9331,49,54363,1.25,46,54.35,Female,Bachelor's Degree,Retired
9332,31,40241,3.72,27,95.63,Prefer not to say,Master's Degree,Retired
9333,29,64058,2.16,42,62.7,Non-binary,Bachelor's Degree,Retired
9334,43,40163,1.3,22,57.37,Female,Master's Degree,Unemployed
9335,40,75251,2.96,37,84.28,Prefer not to say,Bachelor's Degree,Self-employed
9336,33,35060,1.63,36,37.92,Non-binary,High School,Student
9337,48,29815,3.95,37,31.58,Female,Bachelor's Degree,Unemployed
9338,32,64273,3.97,36,50.32,Male,High School,Retired
9339,35,41125,4.37,35,58.45,Non-binary,High School,Self-employed
9340,35,49891,2.51,37,22.05,Prefer not to say,Associate Degree,Retired
9341,25,45166,1.05,42,68.23,Non-binary,Doctorate,Employed
9342,35,30310,2.04,42,80.24,Prefer not to say,Doctorate,Retired
9343,48,48845,2.87,41,57.73,Prefer not to say,High School,Self-employed
9344,39,68973,3.78,34,52.3,Prefer not to say,Doctorate,Student
9345,35,65047,2.53,50,29.46,Prefer not to say,Doctorate,Self-employed
9346,33,53476,3.14,55,90.96,Female,Bachelor's Degree,Student
9347,38,66684,3.1,27,75.45,Male,Doctorate,Self-employed
9348,42,34107,1.66,41,48.03,Non-binary,Doctorate,Self-employed
9349,41,45118,3.49,35,65.91,Prefer not to say,Doctorate,Student
9350,31,55937,2.76,49,33.69,Female,Associate Degree,Employed
9351,38,48043,4.23,39,5.98,Female,Doctorate,Self-employed
9352,39,46297,3.76,40,20.39,Prefer not to say,Bachelor's Degree,Self-employed
9353,24,31990,1.45,44,7.95,Non-binary,Master's Degree,Unemployed
9354,36,20000,2.96,37,50.82,Prefer not to say,Associate Degree,Retired
9355,18,62267,3.81,56,62.21,Female,Bachelor's Degree,Unemployed
9356,39,53648,1.35,45,38.04,Non-binary,High School,Self-employed
9357,41,63529,4.17,49,53.02,Male,Bachelor's Degree,Self-employed
9358,42,43441,1.89,37,8.54,Male,Master's Degree,Self-employed
9359,31,39308,3.01,38,77,Male,Associate Degree,Employed
9360,38,50098,4.76,48,3.28,Male,Master's Degree,Unemployed
9361,49,62812,3.29,47,63.44,Prefer not to say,High School,Retired
9362,49,46528,2.7,27,43.33,Female,High School,Employed
9363,34,62026,1.03,41,18.38,Female,High School,Student
9364,36,34905,1.53,44,52.31,Female,Bachelor's Degree,Self-employed
9365,46,47578,3.31,38,78.09,Non-binary,Bachelor's Degree,Employed
9366,19,48948,2.98,43,41.35,Male,Doctorate,Student
9367,31,68395,2.46,39,36.77,Non-binary,High School,Self-employed
9368,48,53114,4.69,17,14.25,Male,Master's Degree,Employed
9369,44,76191,2.33,26,59.46,Non-binary,High School,Self-employed
9370,38,29784,3.15,49,82.8,Female,Associate Degree,Unemployed
9371,19,51948,3.27,37,56.13,Female,Bachelor's Degree,Self-employed
9372,34,52690,3.11,41,16.51,Female,High School,Retired
9373,29,59301,2.91,39,66.12,Non-binary,Doctorate,Retired
9374,38,37799,2.35,31,3.01,Prefer not to say,High School,Self-employed
9375,26,75266,4.64,35,83.81,Female,Doctorate,Employed
9376,24,50194,2.8,43,92.15,Female,Bachelor's Degree,Student
9377,18,33693,3.11,44,59.7,Male,Bachelor's Degree,Student
9378,47,49759,3.63,61,88.18,Non-binary,Doctorate,Retired
9379,31,45302,1.27,35,8.45,Non-binary,Associate Degree,Retired
9380,36,91748,4.13,56,22.83,Female,Bachelor's Degree,Employed
9381,34,65749,3.05,31,31.73,Prefer not to say,Doctorate,Unemployed
9382,24,50744,3.63,44,77.32,Non-binary,Bachelor's Degree,Retired
9383,22,48321,4.09,41,48.42,Prefer not to say,High School,Retired
9384,24,64265,4.5,38,34.83,Prefer not to say,Master's Degree,Self-employed
9385,27,64982,2.57,39,15.81,Female,Associate Degree,Unemployed
9386,38,20000,4.25,33,81.06,Prefer not to say,Master's Degree,Unemployed
9387,27,59644,2.04,49,2.05,Non-binary,Associate Degree,Retired
9388,52,50419,3.64,31,33.73,Prefer not to say,High School,Self-employed
9389,45,30332,1.41,43,24.28,Male,Doctorate,Employed
9390,43,63203,1.08,47,12.9,Non-binary,Doctorate,Student
9391,33,83692,1.38,53,17.2,Female,Doctorate,Retired
9392,50,58351,2.28,49,49.38,Non-binary,High School,Student
9393,32,66506,1.12,45,42.61,Non-binary,Master's Degree,Student
9394,34,77061,3.52,33,51.84,Prefer not to say,Bachelor's Degree,Student
9395,36,37546,2.27,32,72.76,Male,Doctorate,Retired
9396,42,22136,3.95,28,89.23,Prefer not to say,Bachelor's Degree,Employed
9397,41,59852,1.18,27,11.85,Prefer not to say,Master's Degree,Unemployed
9398,30,46285,1.87,39,8.27,Prefer not to say,Bachelor's Degree,Self-employed
9399,29,29387,2.63,32,32.04,Prefer not to say,Bachelor's Degree,Unemployed
9400,41,48827,2.53,51,54.63,Prefer not to say,Bachelor's Degree,Self-employed
9401,42,60913,1.52,34,9.99,Non-binary,High School,Unemployed
9402,31,47765,4.98,40,71.6,Male,Master's Degree,Retired
9403,19,38197,2.14,37,55.61,Male,Bachelor's Degree,Retired
9404,32,46647,3.88,25,74.85,Male,Doctorate,Student
9405,41,49707,1.88,50,35.79,Female,Doctorate,Self-employed
9406,53,21057,4.51,46,40.11,Male,Master's Degree,Employed
9407,23,47858,2.55,48,80.76,Non-binary,High School,Retired
9408,30,29834,4.6,45,26.7,Prefer not to say,Bachelor's Degree,Self-employed
9409,31,59885,2.37,32,38.14,Prefer not to say,High School,Retired
9410,48,26584,1.03,32,1.35,Non-binary,Master's Degree,Employed
9411,34,65190,3.07,44,55.53,Prefer not to say,Associate Degree,Self-employed
9412,25,43862,3.1,55,85.15,Prefer not to say,Doctorate,Student
9413,40,41855,1.48,43,2.79,Male,Bachelor's Degree,Self-employed
9414,30,54416,1.94,49,61.38,Male,Bachelor's Degree,Employed
9415,22,37009,4.13,34,84.54,Male,Master's Degree,Student
9416,26,54181,1.15,50,49.39,Female,Master's Degree,Retired
9417,52,39018,2.96,35,31.3,Male,High School,Student
9418,38,41648,3.12,42,99.66,Male,Doctorate,Retired
9419,36,56080,3.75,36,6.48,Male,High School,Employed
9420,32,32921,1.15,48,21.04,Male,Master's Degree,Unemployed
9421,37,31034,3.34,49,88.52,Male,Doctorate,Unemployed
9422,37,53723,1.01,25,29.73,Non-binary,Master's Degree,Employed
9423,37,49596,2.06,53,81.98,Non-binary,High School,Retired
9424,36,52530,3,63,33.32,Non-binary,High School,Student
9425,43,54914,4.65,36,81.2,Prefer not to say,High School,Retired
9426,35,50860,1.51,38,68.57,Prefer not to say,Associate Degree,Unemployed
9427,25,59121,1.68,52,46.85,Female,High School,Student
9428,28,51461,3.68,40,52.29,Prefer not to say,Bachelor's Degree,Self-employed
9429,18,20000,2.5,39,17.77,Female,High School,Unemployed
9430,55,23781,3.49,58,11.59,Non-binary,Master's Degree,Employed
9431,43,78919,4.99,26,71.69,Male,High School,Student
9432,26,50001,4.95,32,84.86,Male,Master's Degree,Retired
9433,32,64253,2.41,44,72.2,Female,Master's Degree,Self-employed
9434,28,44814,3.02,23,91.29,Female,Doctorate,Unemployed
9435,50,49129,4.62,36,89.01,Male,Associate Degree,Student
9436,20,43199,1.37,36,77.82,Female,Master's Degree,Unemployed
9437,36,86988,2.81,49,89.81,Male,Master's Degree,Employed
9438,33,53798,2.51,46,16.72,Non-binary,Bachelor's Degree,Unemployed
9439,43,41977,2.18,23,73.14,Female,High School,Retired
9440,33,25226,4.98,33,75.37,Non-binary,Associate Degree,Retired
9441,18,79606,3.93,33,15.4,Female,Associate Degree,Employed
9442,32,47550,2.55,37,90.96,Non-binary,Doctorate,Employed
9443,25,61163,4.32,29,0.88,Non-binary,Master's Degree,Self-employed
9444,35,62839,2.96,44,43.46,Prefer not to say,Master's Degree,Student
9445,49,43057,4.49,33,2.15,Prefer not to say,Bachelor's Degree,Unemployed
9446,18,60086,2.07,45,52.34,Female,Associate Degree,Employed
9447,26,40937,1.89,39,41.22,Female,High School,Student
9448,29,35143,1.99,30,62.31,Non-binary,Doctorate,Employed
9449,31,67466,3.15,53,76.64,Non-binary,Doctorate,Employed
9450,42,47627,2.17,54,76.86,Male,Doctorate,Self-employed
9451,33,57777,1.59,42,72.22,Prefer not to say,Doctorate,Retired
9452,39,56163,4.98,37,10.19,Non-binary,Associate Degree,Student
9453,28,59568,4.6,29,41.74,Female,Master's Degree,Self-employed
9454,37,26651,3.54,50,81.6,Male,Associate Degree,Retired
9455,42,41220,4.57,48,65.43,Prefer not to say,High School,Employed
9456,27,45132,4.74,31,68.1,Male,Doctorate,Self-employed
9457,42,37527,3.7,33,22.69,Non-binary,Associate Degree,Retired
9458,35,56435,3.07,44,32.51,Male,High School,Retired
9459,45,67803,4.53,28,95.58,Female,Bachelor's Degree,Self-employed
9460,32,70177,3.27,33,84.69,Female,Doctorate,Unemployed
9461,38,44911,1.51,29,16.49,Non-binary,Master's Degree,Self-employed
9462,34,54379,2.47,29,54.47,Male,Master's Degree,Employed
9463,34,56684,2.78,32,49.05,Non-binary,Master's Degree,Unemployed
9464,37,59318,4.74,49,44.37,Prefer not to say,High School,Self-employed
9465,40,36827,3.64,22,47.06,Non-binary,Associate Degree,Retired
9466,22,77308,4.5,44,64.29,Non-binary,Doctorate,Student
9467,49,63897,4.03,42,96.71,Prefer not to say,Doctorate,Self-employed
9468,18,64289,2.24,49,87.53,Male,Doctorate,Retired
9469,28,68051,3.87,42,87.51,Female,Doctorate,Self-employed
9470,34,58012,1.78,36,70.34,Female,Bachelor's Degree,Employed
9471,39,34590,2.63,31,1.76,Male,Doctorate,Employed
9472,50,47915,4.22,49,44.05,Non-binary,Bachelor's Degree,Retired
9473,18,25234,3.45,44,51.11,Female,Associate Degree,Retired
9474,29,56226,4.3,35,84.25,Non-binary,Master's Degree,Unemployed
9475,18,47461,2.02,49,92.28,Prefer not to say,Bachelor's Degree,Employed
9476,35,49392,4,35,45.15,Female,Master's Degree,Student
9477,37,68060,1.81,39,30.05,Non-binary,Master's Degree,Employed
9478,50,43145,3.18,33,33.74,Non-binary,High School,Employed
9479,36,46218,2.73,45,57.87,Non-binary,Bachelor's Degree,Student
9480,45,50329,3.23,30,27.5,Female,Doctorate,Employed
9481,40,22400,1.54,37,91.07,Non-binary,High School,Self-employed
9482,30,46009,2.44,33,41.87,Female,Doctorate,Self-employed
9483,20,20000,3.67,42,99.01,Female,Master's Degree,Employed
9484,37,41217,3.23,43,10.95,Female,High School,Employed
9485,20,62827,3.2,28,18.79,Female,Doctorate,Student
9486,47,56708,3.04,44,51.16,Male,Doctorate,Employed
9487,33,41077,4.78,25,86.83,Prefer not to say,Associate Degree,Retired
9488,46,50611,4.74,61,35.4,Prefer not to say,High School,Self-employed
9489,30,33875,2.44,34,83.75,Female,High School,Employed
9490,37,49964,2.41,50,42.55,Non-binary,Master's Degree,Retired
9491,37,93954,3.22,42,85.3,Female,Master's Degree,Employed
9492,34,77687,1.38,42,27.74,Non-binary,High School,Unemployed
9493,30,50789,2.21,28,47.19,Male,Associate Degree,Retired
9494,38,52402,1.92,48,27.87,Prefer not to say,Associate Degree,Self-employed
9495,25,35306,1.89,40,21.52,Female,Master's Degree,Self-employed
9496,22,37973,3.55,44,42.11,Male,Bachelor's Degree,Unemployed
9497,47,55432,2.54,39,33.47,Female,Doctorate,Retired
9498,42,42126,1.68,41,78.71,Female,Master's Degree,Retired
9499,35,63562,4.55,31,74.76,Male,Associate Degree,Student
9500,51,73545,4.5,38,35.86,Non-binary,High School,Employed
9501,32,54989,4.45,35,99.23,Non-binary,Associate Degree,Retired
9502,48,51526,2.56,32,97.38,Non-binary,High School,Student
9503,36,24788,1.23,41,91.78,Female,Master's Degree,Unemployed
9504,24,61214,1.43,43,58.65,Non-binary,Doctorate,Unemployed
9505,53,32844,2.1,42,41.23,Non-binary,Doctorate,Unemployed
9506,44,43729,1.88,38,31.3,Female,Master's Degree,Student
9507,33,64393,4.5,44,1.5,Male,Doctorate,Self-employed
9508,42,65446,4.95,42,63.18,Prefer not to say,Doctorate,Unemployed
9509,30,43002,4.27,40,55.32,Non-binary,Bachelor's Degree,Student
9510,43,43866,3.92,41,62.99,Male,Bachelor's Degree,Student
9511,18,39510,3.35,51,57.6,Female,Bachelor's Degree,Employed
9512,24,32032,4.08,27,13.77,Female,High School,Unemployed
9513,44,40478,4.79,36,69.54,Non-binary,Bachelor's Degree,Self-employed
9514,32,25803,3.41,43,36.04,Non-binary,Master's Degree,Student
9515,37,60245,1.62,24,51.63,Male,Bachelor's Degree,Self-employed
9516,21,55917,1.66,53,36.57,Non-binary,Master's Degree,Self-employed
9517,53,58407,3.34,42,2.2,Male,Bachelor's Degree,Unemployed
9518,46,35683,2.33,49,87.66,Female,Doctorate,Unemployed
9519,32,32073,4.64,51,14.87,Male,Bachelor's Degree,Employed
9520,30,50802,3.45,44,58.22,Female,Master's Degree,Self-employed
9521,45,50961,3.71,17,88.31,Non-binary,Master's Degree,Self-employed
9522,54,47790,1.02,41,22.13,Prefer not to say,Master's Degree,Student
9523,44,45657,3,42,41.2,Male,Bachelor's Degree,Student
9524,56,75661,2.72,29,37.77,Prefer not to say,High School,Student
9525,25,56390,3.82,22,8.92,Male,Master's Degree,Self-employed
9526,26,79560,2.53,44,42.35,Male,High School,Employed
9527,23,69034,4.91,27,47.95,Prefer not to say,Bachelor's Degree,Retired
9528,39,75549,3.68,60,2.66,Prefer not to say,High School,Student
9529,36,33883,3.64,42,48.81,Non-binary,High School,Retired
9530,33,58897,4.68,53,9.38,Prefer not to say,Master's Degree,Employed
9531,43,43523,4.98,40,89.25,Prefer not to say,Bachelor's Degree,Self-employed
9532,47,25049,1.79,47,65.02,Non-binary,Master's Degree,Retired
9533,19,72440,4.24,40,5.64,Prefer not to say,Doctorate,Unemployed
9534,29,45594,1.65,50,82.7,Prefer not to say,Associate Degree,Self-employed
9535,43,34173,2.83,19,36.16,Non-binary,High School,Unemployed
9536,30,43781,1.4,48,22.56,Prefer not to say,Bachelor's Degree,Employed
9537,27,38056,3.49,46,25.39,Male,High School,Retired
9538,45,39594,2.87,38,59.77,Male,Bachelor's Degree,Retired
9539,22,46675,3.51,35,8.16,Prefer not to say,Master's Degree,Employed
9540,31,75962,3.71,37,5.87,Prefer not to say,Associate Degree,Employed
9541,38,40005,3.48,42,62.75,Prefer not to say,Associate Degree,Self-employed
9542,29,74889,2.18,52,98.19,Female,Associate Degree,Employed
9543,42,62732,4.35,34,48.34,Prefer not to say,Associate Degree,Student
9544,29,55944,3.21,22,41.33,Male,High School,Unemployed
9545,49,61221,2.96,64,94.72,Prefer not to say,Bachelor's Degree,Employed
9546,33,50204,4.95,46,24.1,Female,Doctorate,Student
9547,41,69290,2.13,36,24.05,Non-binary,Bachelor's Degree,Retired
9548,42,58504,3.11,51,90.51,Female,High School,Employed
9549,28,25030,3.73,49,64.69,Female,Master's Degree,Unemployed
9550,18,54443,1.5,44,5.38,Male,Doctorate,Unemployed
9551,38,61759,2.42,35,67.4,Prefer not to say,Doctorate,Self-employed
9552,35,45664,4.21,46,82,Male,Doctorate,Retired
9553,40,51893,1.95,50,27.4,Female,High School,Retired
9554,32,40807,2.97,22,38.29,Female,Associate Degree,Unemployed
9555,30,29335,3.52,42,19.77,Prefer not to say,Associate Degree,Student
9556,55,26744,3.68,42,63.33,Non-binary,Associate Degree,Unemployed
9557,20,26943,3.91,42,66.42,Male,Bachelor's Degree,Employed
9558,42,60035,4.46,40,6.85,Non-binary,Associate Degree,Self-employed
9559,29,20000,2.57,51,67.77,Female,Doctorate,Employed
9560,31,40002,3.83,37,65.85,Non-binary,Associate Degree,Retired
9561,31,38515,3.93,39,3.51,Male,Doctorate,Employed
9562,26,45767,2.2,43,55.54,Female,Doctorate,Retired
9563,40,22153,4.87,38,61.39,Female,Bachelor's Degree,Self-employed
9564,48,56058,4.46,26,43.02,Non-binary,Associate Degree,Retired
9565,39,30902,2.16,42,90.13,Prefer not to say,Master's Degree,Self-employed
9566,36,66986,3.7,42,32.84,Prefer not to say,Associate Degree,Student
9567,25,40673,3.87,36,6.72,Male,Master's Degree,Student
9568,40,48565,2.73,38,67.19,Prefer not to say,Bachelor's Degree,Self-employed
9569,56,50056,4.45,10,60.52,Female,High School,Unemployed
9570,31,53663,3.76,52,98.91,Female,Bachelor's Degree,Self-employed
9571,31,50555,3.63,49,23.13,Non-binary,Bachelor's Degree,Retired
9572,29,43593,1.88,26,39.55,Female,Master's Degree,Student
9573,30,55145,2.63,33,46.12,Female,Bachelor's Degree,Student
9574,18,56992,2.74,54,86.15,Male,Doctorate,Self-employed
9575,39,38522,3.93,28,41.46,Prefer not to say,Bachelor's Degree,Unemployed
9576,26,56395,3.47,44,77.21,Prefer not to say,Bachelor's Degree,Self-employed
9577,18,67875,1.34,35,15.69,Prefer not to say,Master's Degree,Retired
9578,42,60588,2.23,44,40.98,Male,Bachelor's Degree,Retired
9579,24,63985,2.89,40,15.5,Prefer not to say,Bachelor's Degree,Employed
9580,31,52578,3.95,37,94.97,Non-binary,Associate Degree,Unemployed
9581,49,35957,3.97,43,17.78,Prefer not to say,Doctorate,Student
9582,20,37855,2.96,35,41.91,Female,Doctorate,Retired
9583,19,54798,1.47,22,8.23,Male,Doctorate,Retired
9584,37,64141,2.17,30,92.14,Non-binary,Bachelor's Degree,Unemployed
9585,46,91788,2.02,29,62.38,Male,Doctorate,Self-employed
9586,19,64727,4.12,23,96.25,Non-binary,Associate Degree,Employed
9587,39,32443,1.72,43,4.23,Non-binary,High School,Retired
9588,40,38490,2.86,38,17.5,Female,High School,Employed
9589,18,84177,3.68,43,38,Prefer not to say,Associate Degree,Student
9590,42,46784,4.86,45,62.14,Prefer not to say,High School,Employed
9591,43,50712,5,47,32.95,Non-binary,High School,Retired
9592,31,35593,4.81,44,71.19,Non-binary,Master's Degree,Self-employed
9593,47,73476,3.87,30,16.51,Prefer not to say,Bachelor's Degree,Retired
9594,46,57504,3.99,45,60.06,Male,Master's Degree,Student
9595,36,38380,4.04,42,39.8,Non-binary,Master's Degree,Employed
9596,30,35092,4.45,61,50.82,Non-binary,Associate Degree,Self-employed
9597,25,54608,4.81,40,56.96,Male,High School,Self-employed
9598,34,50663,2.78,43,5.99,Male,Associate Degree,Employed
9599,40,62481,2.67,39,92.4,Prefer not to say,Doctorate,Employed
9600,31,58204,2.84,40,78.61,Prefer not to say,Master's Degree,Employed
9601,18,46032,3.64,39,44.25,Male,High School,Student
9602,47,41842,4.1,35,54.75,Male,Bachelor's Degree,Self-employed
9603,36,47600,4.48,41,3.25,Female,Master's Degree,Retired
9604,31,41739,2.82,46,49.79,Female,High School,Student
9605,43,48047,2.45,35,42.63,Prefer not to say,Doctorate,Employed
9606,50,50246,4.93,48,37.45,Non-binary,Associate Degree,Employed
9607,18,36531,1.93,47,81.54,Male,High School,Retired
9608,39,59460,1.89,31,18.19,Prefer not to say,High School,Retired
9609,20,44443,3.86,30,17.63,Female,Master's Degree,Retired
9610,39,37371,1.72,44,52.17,Non-binary,High School,Unemployed
9611,36,44725,2.6,34,68.71,Female,Doctorate,Student
9612,41,53633,2.17,29,2.24,Female,Bachelor's Degree,Unemployed
9613,30,51245,1.67,57,54.58,Female,Doctorate,Retired
9614,18,56331,3.32,30,29.87,Non-binary,High School,Self-employed
9615,30,63475,2.49,24,75.69,Female,Bachelor's Degree,Student
9616,39,69574,2.85,32,46.89,Prefer not to say,Doctorate,Unemployed
9617,45,54282,1.78,42,83.41,Non-binary,Bachelor's Degree,Employed
9618,23,33958,4.07,40,39.7,Male,Master's Degree,Student
9619,45,45963,2.26,58,82.71,Male,High School,Self-employed
9620,28,34935,2.37,32,71.65,Male,Bachelor's Degree,Self-employed
9621,38,75452,2.01,42,82.83,Male,Associate Degree,Retired
9622,29,79811,2.74,51,81.24,Female,Master's Degree,Retired
9623,36,59754,2.85,33,48.64,Female,High School,Employed
9624,43,62876,3.12,47,36.81,Male,Master's Degree,Self-employed
9625,22,53764,4.87,21,76.51,Non-binary,Associate Degree,Retired
9626,28,55490,4.62,57,36.15,Female,High School,Unemployed
9627,36,26038,3.44,49,8.94,Female,Master's Degree,Retired
9628,59,48891,1.16,33,85.88,Non-binary,Master's Degree,Employed
9629,26,36782,3.45,48,39.72,Non-binary,Bachelor's Degree,Employed
9630,55,54220,1.36,53,13.26,Prefer not to say,Bachelor's Degree,Unemployed
9631,55,49105,3.84,27,64.65,Non-binary,Master's Degree,Student
9632,34,79202,2.56,34,88.98,Male,Bachelor's Degree,Self-employed
9633,32,63749,4.35,53,86.1,Male,High School,Employed
9634,28,54267,4.77,40,55.44,Non-binary,Bachelor's Degree,Self-employed
9635,34,45995,2.67,44,8.81,Prefer not to say,High School,Unemployed
9636,20,75140,2.84,40,69.66,Prefer not to say,High School,Unemployed
9637,34,49550,3.36,48,60.88,Male,High School,Student
9638,49,54975,1.79,45,21.01,Male,High School,Employed
9639,28,50633,4.71,41,90.05,Non-binary,Master's Degree,Unemployed
9640,32,43937,2.73,18,8.67,Female,Doctorate,Retired
9641,18,50547,1.67,46,37.3,Prefer not to say,Doctorate,Self-employed
9642,38,20570,4.05,47,9.45,Male,High School,Self-employed
9643,37,26784,1.88,27,91.19,Non-binary,Doctorate,Retired
9644,35,55244,1.57,28,3.54,Non-binary,High School,Self-employed
9645,32,73522,3.25,45,42.58,Non-binary,Doctorate,Retired
9646,32,55223,3.69,41,86.18,Prefer not to say,Associate Degree,Self-employed
9647,40,39194,3.28,20,25.14,Female,Bachelor's Degree,Unemployed
9648,34,28357,3.63,31,10.5,Non-binary,Doctorate,Student
9649,38,61767,1.46,43,12.7,Non-binary,High School,Employed
9650,37,41492,2.9,46,40.49,Female,Bachelor's Degree,Employed
9651,46,59648,2.43,34,42.86,Non-binary,Bachelor's Degree,Employed
9652,41,55847,4.89,38,71.81,Male,Master's Degree,Employed
9653,36,57174,1.2,31,23.79,Prefer not to say,Master's Degree,Employed
9654,50,50504,2.19,53,70.18,Female,Doctorate,Retired
9655,39,55754,4.77,41,99.9,Female,Master's Degree,Unemployed
9656,48,48208,4.93,33,86.43,Prefer not to say,High School,Student
9657,41,40470,4.3,28,63.56,Non-binary,Master's Degree,Employed
9658,18,35547,1.3,27,93.99,Prefer not to say,Associate Degree,Self-employed
9659,48,20000,3.25,58,99.11,Male,Doctorate,Self-employed
9660,36,47283,2.6,38,57.03,Female,Bachelor's Degree,Student
9661,34,72790,4.23,36,27.36,Non-binary,Bachelor's Degree,Employed
9662,37,60951,1.22,37,91.5,Non-binary,Associate Degree,Employed
9663,31,53415,1.79,33,84.42,Prefer not to say,High School,Unemployed
9664,37,38989,2.96,38,8.46,Female,Bachelor's Degree,Self-employed
9665,29,64960,1.63,40,93.64,Prefer not to say,Associate Degree,Self-employed
9666,47,48210,3.77,40,36.62,Female,Master's Degree,Retired
9667,33,73624,4.28,27,32.21,Prefer not to say,Doctorate,Self-employed
9668,31,35283,3.82,48,34.33,Non-binary,Associate Degree,Employed
9669,25,38750,2.76,34,32,Prefer not to say,Associate Degree,Employed
9670,37,37290,4.51,33,51.6,Female,Master's Degree,Self-employed
9671,36,27768,1.55,32,57.98,Male,High School,Retired
9672,38,35944,2.04,29,42.56,Prefer not to say,Master's Degree,Student
9673,24,51548,2.96,42,41.26,Male,Master's Degree,Self-employed
9674,18,39316,1.25,48,73.73,Non-binary,Bachelor's Degree,Student
9675,41,20000,1.38,32,0.3,Prefer not to say,Associate Degree,Self-employed
9676,49,66114,2.59,21,94.69,Male,Associate Degree,Student
9677,24,24738,4.78,29,71.44,Prefer not to say,Master's Degree,Employed
9678,50,58838,4.63,35,70.73,Prefer not to say,Master's Degree,Employed
9679,37,50468,2.86,27,42.2,Non-binary,Associate Degree,Student
9680,34,81760,1.57,34,96.58,Female,Associate Degree,Unemployed
9681,31,64954,1.71,34,0.03,Female,Associate Degree,Employed
9682,21,42430,2.51,39,7.65,Prefer not to say,High School,Retired
9683,44,39469,1.84,25,80.41,Non-binary,Master's Degree,Retired
9684,27,72540,1.33,45,73.87,Prefer not to say,Master's Degree,Student
9685,27,27861,3.7,56,27.14,Non-binary,Bachelor's Degree,Unemployed
9686,44,52863,3.33,54,59.48,Female,Bachelor's Degree,Retired
9687,18,48033,2.17,34,53.21,Non-binary,Doctorate,Employed
9688,19,44851,4.12,46,52.71,Prefer not to say,Associate Degree,Self-employed
9689,34,55302,4.1,45,59.56,Male,Associate Degree,Self-employed
9690,37,52843,2.96,39,99.37,Male,Doctorate,Employed
9691,39,56861,1.39,41,98.73,Prefer not to say,Master's Degree,Unemployed
9692,31,52084,4.67,46,98.17,Male,Associate Degree,Student
9693,60,56265,3.67,48,54.87,Prefer not to say,Bachelor's Degree,Employed
9694,32,51400,1.99,31,31.81,Prefer not to say,High School,Self-employed
9695,32,40108,3.44,47,56.01,Female,Master's Degree,Student
9696,27,50060,2.62,56,62.27,Female,High School,Unemployed
9697,36,39284,3.54,48,31.14,Female,High School,Retired
9698,41,38294,2.9,55,63.28,Prefer not to say,Doctorate,Self-employed
9699,47,44957,2.94,14,62.2,Non-binary,High School,Unemployed
9700,20,48208,3.94,45,90.35,Prefer not to say,Associate Degree,Employed
9701,32,50528,3.45,42,23.76,Female,Doctorate,Unemployed
9702,39,63745,1.32,50,69.76,Female,Bachelor's Degree,Unemployed
9703,40,42523,1.26,28,45.08,Male,High School,Student
9704,35,52952,2.22,34,12.99,Female,Associate Degree,Self-employed
9705,40,51770,2.72,49,31.62,Non-binary,Associate Degree,Self-employed
9706,26,40870,2.1,29,5.73,Prefer not to say,Bachelor's Degree,Unemployed
9707,50,51106,3.61,42,31.93,Non-binary,Doctorate,Employed
9708,44,65040,1.78,39,6.9,Prefer not to say,Doctorate,Unemployed
9709,21,52797,3.82,38,92.54,Male,Doctorate,Employed
9710,24,53398,4.09,45,10.17,Male,Bachelor's Degree,Student
9711,24,39420,1.5,28,81.73,Non-binary,Bachelor's Degree,Self-employed
9712,41,79532,3.6,32,90.61,Male,Bachelor's Degree,Self-employed
9713,22,40274,4.85,38,46.77,Prefer not to say,Doctorate,Self-employed
9714,31,24983,1.77,27,5.39,Male,High School,Self-employed
9715,39,62902,4.64,52,59.58,Prefer not to say,Bachelor's Degree,Student
9716,34,48277,3.42,32,23.48,Prefer not to say,Bachelor's Degree,Unemployed
9717,37,45454,3.36,47,17.67,Non-binary,Doctorate,Self-employed
9718,24,41816,1.21,31,56.68,Prefer not to say,Bachelor's Degree,Retired
9719,40,78075,3.99,47,35.64,Male,High School,Employed
9720,28,55318,2.91,23,73.04,Non-binary,Doctorate,Employed
9721,31,58246,3.88,54,59.13,Prefer not to say,Bachelor's Degree,Self-employed
9722,37,52439,4.24,51,82.93,Prefer not to say,Bachelor's Degree,Employed
9723,36,54050,3.1,34,5.84,Prefer not to say,Master's Degree,Employed
9724,35,70979,2.05,31,23.49,Non-binary,Master's Degree,Student
9725,27,46237,1.57,44,56.7,Prefer not to say,Associate Degree,Employed
9726,32,28145,1.64,24,88.04,Non-binary,Associate Degree,Student
9727,35,63020,4.47,40,81.34,Male,Bachelor's Degree,Employed
9728,21,57450,1.49,31,67.95,Non-binary,Master's Degree,Student
9729,30,51619,2.54,37,57.41,Female,Associate Degree,Employed
9730,38,57061,2.34,33,63.15,Female,Doctorate,Retired
9731,22,44438,4.46,32,21.36,Prefer not to say,Master's Degree,Unemployed
9732,46,50310,2.91,57,59.52,Prefer not to say,High School,Student
9733,47,48024,4.99,47,49.38,Female,High School,Retired
9734,22,41127,3.95,25,38.44,Male,High School,Unemployed
9735,48,67837,4.4,31,88.77,Non-binary,High School,Unemployed
9736,33,28816,1.39,48,82.94,Female,Master's Degree,Retired
9737,39,85413,2.01,49,7.67,Non-binary,Doctorate,Self-employed
9738,30,63160,1.54,26,98.57,Male,High School,Self-employed
9739,44,23330,2.85,46,23,Male,Doctorate,Student
9740,39,46637,3.87,42,21.53,Female,Associate Degree,Self-employed
9741,26,47471,1.68,20,94.38,Prefer not to say,Associate Degree,Student
9742,23,55878,1.52,35,44.48,Male,Bachelor's Degree,Retired
9743,20,35159,3.46,38,80.54,Male,Master's Degree,Self-employed
9744,36,50480,1.92,40,28.82,Non-binary,High School,Self-employed
9745,40,48183,2.92,26,87.32,Non-binary,Doctorate,Employed
9746,41,38935,1.2,32,83.23,Female,Doctorate,Employed
9747,33,36848,3.72,33,51.95,Female,Master's Degree,Unemployed
9748,23,63782,3.17,34,70.51,Non-binary,Associate Degree,Employed
9749,28,24551,3.59,34,96.4,Male,Master's Degree,Retired
9750,46,57168,2.1,38,45.2,Prefer not to say,Doctorate,Student
9751,30,61962,2.11,43,49.42,Prefer not to say,Master's Degree,Student
9752,36,46721,4.21,57,72.28,Female,Associate Degree,Employed
9753,24,50785,3.87,48,38.64,Non-binary,Associate Degree,Employed
9754,38,67452,3.32,53,96.12,Male,High School,Student
9755,30,39427,3.51,35,4.04,Prefer not to say,High School,Unemployed
9756,45,40975,1.38,29,40.34,Prefer not to say,High School,Self-employed
9757,42,42567,4.42,48,71.39,Prefer not to say,Associate Degree,Unemployed
9758,30,67479,4.08,39,42.94,Male,Doctorate,Retired
9759,33,69384,3.36,47,25.92,Male,High School,Retired
9760,29,29061,4.67,31,41.35,Female,Master's Degree,Self-employed
9761,20,65093,1.67,46,88.15,Female,Doctorate,Self-employed
9762,26,62283,3.75,38,54.7,Non-binary,Bachelor's Degree,Unemployed
9763,36,73303,4.85,35,33.51,Non-binary,High School,Student
9764,38,55776,2.24,36,67.15,Non-binary,Bachelor's Degree,Self-employed
9765,36,49336,1.06,44,61.18,Non-binary,High School,Unemployed
9766,31,67178,3.94,47,56.04,Non-binary,Doctorate,Unemployed
9767,44,60483,1.03,36,39.12,Female,Bachelor's Degree,Student
9768,35,83673,4.49,43,7.22,Male,Associate Degree,Unemployed
9769,42,64380,1.23,43,62.07,Prefer not to say,High School,Retired
9770,18,52303,3.61,47,41.98,Male,Master's Degree,Student
9771,18,32388,2.51,49,42.88,Female,Bachelor's Degree,Employed
9772,37,41286,1.81,58,23.41,Prefer not to say,Master's Degree,Unemployed
9773,20,28460,4.59,35,24.94,Prefer not to say,Bachelor's Degree,Self-employed
9774,32,46774,3.98,54,78.75,Male,Doctorate,Self-employed
9775,31,63891,2.36,41,47.94,Prefer not to say,Master's Degree,Student
9776,50,49944,2.14,29,10.93,Female,High School,Self-employed
9777,38,65325,3.94,33,4.59,Prefer not to say,Associate Degree,Self-employed
9778,36,55063,4.35,44,22.47,Male,Doctorate,Employed
9779,43,43953,3.86,47,48.74,Male,Bachelor's Degree,Self-employed
9780,38,51314,3.56,29,61.73,Non-binary,High School,Student
9781,30,57081,1.91,32,14.37,Female,Bachelor's Degree,Student
9782,45,52088,4.41,34,43.39,Prefer not to say,Master's Degree,Retired
9783,23,52260,4,31,7.26,Prefer not to say,Master's Degree,Unemployed
9784,38,38464,3.07,21,3.77,Prefer not to say,Associate Degree,Unemployed
9785,19,43505,3.05,17,86.33,Male,Master's Degree,Unemployed
9786,37,83876,3.28,36,65.83,Female,Doctorate,Student
9787,36,68426,4.31,42,78.11,Prefer not to say,Bachelor's Degree,Self-employed
9788,51,27892,3.97,46,18.19,Female,Bachelor's Degree,Unemployed
9789,19,20000,4.42,26,32.22,Prefer not to say,Doctorate,Self-employed
9790,28,51142,3.03,26,44.38,Non-binary,Master's Degree,Self-employed
9791,43,63402,3.5,34,65.8,Non-binary,Master's Degree,Retired
9792,38,42200,4.42,40,53.48,Non-binary,Doctorate,Unemployed
9793,36,65324,1.93,50,55.15,Male,Associate Degree,Student
9794,25,50894,2.78,47,15.69,Prefer not to say,High School,Student
9795,29,47554,3.48,36,47.48,Male,High School,Retired
9796,47,61341,4.66,43,82.38,Male,Master's Degree,Unemployed
9797,34,42021,1.06,31,50.95,Male,High School,Self-employed
9798,38,45699,1.85,40,19.97,Non-binary,High School,Unemployed
9799,33,60052,1.94,39,41.34,Female,High School,Student
9800,23,49529,2.31,54,75.48,Female,Master's Degree,Student
9801,44,78631,2.13,44,13.5,Female,Bachelor's Degree,Student
9802,40,60407,3.36,32,58.05,Prefer not to say,Master's Degree,Self-employed
9803,58,59432,4.54,32,96.53,Male,Master's Degree,Student
9804,24,49257,3.55,36,38.03,Male,Associate Degree,Unemployed
9805,43,63121,1.97,24,4.36,Prefer not to say,Associate Degree,Self-employed
9806,21,45160,4.46,37,63.31,Male,Master's Degree,Unemployed
9807,36,54235,3.53,38,4.71,Female,Doctorate,Employed
9808,44,36255,1.88,44,19.16,Male,Doctorate,Employed
9809,18,65591,2.45,46,4.84,Prefer not to say,Associate Degree,Self-employed
9810,32,54359,4.16,40,17.07,Prefer not to say,Associate Degree,Student
9811,29,79737,3.96,23,85.49,Female,Bachelor's Degree,Student
9812,27,85884,3.31,27,73.49,Male,Associate Degree,Self-employed
9813,38,61449,1.58,33,34.19,Prefer not to say,High School,Unemployed
9814,46,51026,4.21,46,89.71,Prefer not to say,Master's Degree,Employed
9815,33,35809,2.23,46,66.52,Prefer not to say,Master's Degree,Student
9816,37,63571,4.09,37,44.77,Female,Master's Degree,Student
9817,36,53154,3.59,63,6.83,Male,Bachelor's Degree,Employed
9818,35,58070,2.06,55,73.07,Non-binary,Bachelor's Degree,Self-employed
9819,24,75946,1.85,52,37.55,Male,High School,Self-employed
9820,46,37633,1.52,47,30.28,Female,Master's Degree,Self-employed
9821,37,36135,1.97,44,28.83,Female,High School,Student
9822,38,46453,1.63,43,0.77,Prefer not to say,Associate Degree,Unemployed
9823,26,62318,3.47,21,74.26,Prefer not to say,Master's Degree,Retired
9824,30,58323,3.4,29,14.53,Female,High School,Self-employed
9825,33,36564,3.34,37,52.06,Non-binary,Bachelor's Degree,Retired
9826,19,61348,3.57,41,1.61,Non-binary,Bachelor's Degree,Unemployed
9827,18,31981,4.26,38,62.79,Female,Bachelor's Degree,Student
9828,28,37433,4.65,42,36.95,Prefer not to say,High School,Retired
9829,40,48268,1.92,18,63.07,Female,High School,Self-employed
9830,28,41698,3.35,45,8.99,Prefer not to say,High School,Retired
9831,24,63347,1.31,40,26.63,Prefer not to say,Doctorate,Employed
9832,26,54295,1.48,38,11.03,Female,Master's Degree,Unemployed
9833,30,76483,3.62,49,64.61,Male,Doctorate,Employed
9834,31,46292,2.95,29,10.86,Female,Doctorate,Unemployed
9835,56,48166,4.03,37,61.71,Male,Associate Degree,Unemployed
9836,45,68155,2.7,42,13.47,Non-binary,Associate Degree,Student
9837,45,48636,1.51,31,94.34,Prefer not to say,Bachelor's Degree,Unemployed
9838,46,72410,4.49,19,41.64,Non-binary,Doctorate,Unemployed
9839,25,58112,1.33,28,12.66,Prefer not to say,Associate Degree,Self-employed
9840,22,20000,1.76,39,4.18,Prefer not to say,Doctorate,Employed
9841,23,67663,2.11,37,32.94,Female,Master's Degree,Retired
9842,48,63690,4.98,39,89.14,Prefer not to say,Doctorate,Student
9843,29,64269,2.67,33,14.38,Non-binary,Bachelor's Degree,Unemployed
9844,22,21335,3.01,26,79.08,Prefer not to say,High School,Self-employed
9845,30,40055,4.08,41,41.74,Male,Bachelor's Degree,Unemployed
9846,32,41169,3.55,38,80.29,Male,Doctorate,Student
9847,37,37383,4.37,46,87.43,Female,Doctorate,Employed
9848,37,76128,2.95,32,99.78,Female,High School,Retired
9849,26,49823,4.89,19,6.82,Prefer not to say,Bachelor's Degree,Self-employed
9850,41,49451,4.19,13,79.63,Non-binary,Bachelor's Degree,Student
9851,28,58280,2.61,35,6.97,Female,Doctorate,Student
9852,33,58539,2.53,41,31.48,Female,Master's Degree,Unemployed
9853,41,20000,4.72,37,64.62,Female,Associate Degree,Self-employed
9854,28,40304,3.74,34,44.73,Male,Doctorate,Retired
9855,29,28808,3.49,24,56.53,Non-binary,Doctorate,Student
9856,40,56004,4.03,21,96.62,Female,Associate Degree,Retired
9857,26,45666,3.24,43,81.87,Prefer not to say,High School,Employed
9858,31,50230,1.64,37,36.37,Female,Doctorate,Unemployed
9859,40,20000,2.28,36,59.99,Female,Master's Degree,Retired
9860,55,45352,3.23,24,4.85,Male,High School,Student
9861,41,66726,1.07,30,45.29,Male,High School,Student
9862,39,71141,2.75,40,60.84,Female,High School,Student
9863,40,60782,4.02,42,71.47,Non-binary,Doctorate,Student
9864,24,29968,1.66,38,90.15,Male,High School,Self-employed
9865,36,68891,1.26,53,28.31,Female,Bachelor's Degree,Unemployed
9866,34,60860,4.34,34,90.22,Non-binary,Doctorate,Self-employed
9867,38,48242,3.47,52,66.15,Female,Doctorate,Self-employed
9868,36,20000,1.71,42,7.76,Non-binary,Associate Degree,Unemployed
9869,38,64303,4.23,41,38.03,Prefer not to say,High School,Student
9870,31,41117,3.63,49,47.66,Male,Doctorate,Employed
9871,35,55192,2.34,33,35.25,Prefer not to say,Master's Degree,Self-employed
9872,22,51025,2.5,36,11.59,Non-binary,Master's Degree,Retired
9873,31,73075,1.62,27,55.16,Male,Doctorate,Self-employed
9874,48,48119,4.34,49,13.18,Male,Doctorate,Unemployed
9875,38,49773,3.04,43,91.5,Prefer not to say,Master's Degree,Self-employed
9876,34,73679,3.23,50,86.53,Non-binary,Master's Degree,Retired
9877,53,40126,4.53,42,47.52,Male,Bachelor's Degree,Self-employed
9878,21,62214,1.06,51,6.77,Non-binary,Master's Degree,Employed
9879,23,47020,1.27,32,55.22,Non-binary,Bachelor's Degree,Self-employed
9880,52,34961,1.65,49,59.22,Male,Doctorate,Retired
9881,35,50017,1.12,36,88.84,Male,High School,Student
9882,32,60375,3.63,40,6.75,Male,High School,Employed
9883,23,70305,3.54,47,69.21,Prefer not to say,Associate Degree,Student
9884,39,72120,1.84,63,56.28,Male,Bachelor's Degree,Self-employed
9885,40,45578,1.6,48,17.48,Male,Master's Degree,Retired
9886,24,35191,1.58,49,12.17,Female,Bachelor's Degree,Unemployed
9887,33,45218,4.81,34,69.4,Female,Associate Degree,Employed
9888,31,32277,3.77,41,33.98,Prefer not to say,Associate Degree,Retired
9889,37,46739,3.34,39,99.99,Prefer not to say,Bachelor's Degree,Unemployed
9890,23,44875,2.29,54,89.4,Female,Master's Degree,Employed
9891,47,60912,2.73,38,56.57,Prefer not to say,Doctorate,Employed
9892,44,20000,1.36,53,64.17,Female,Doctorate,Self-employed
9893,31,38995,4.99,26,15.89,Female,Doctorate,Unemployed
9894,32,39117,4.02,53,89.4,Non-binary,Associate Degree,Employed
9895,33,67806,3.49,31,45.89,Prefer not to say,Bachelor's Degree,Employed
9896,27,33292,3.35,48,52.14,Male,Associate Degree,Self-employed
9897,30,53399,3.02,31,87.31,Female,Master's Degree,Self-employed
9898,32,48078,2.03,46,0.63,Non-binary,High School,Student
9899,51,65645,1.91,30,49.43,Non-binary,Associate Degree,Student
9900,44,58937,3.2,50,62.68,Female,Master's Degree,Student
9901,44,51818,1.28,48,15.93,Prefer not to say,Master's Degree,Student
9902,38,41679,1.3,33,6.83,Female,Master's Degree,Unemployed
9903,23,22214,3.24,45,53.49,Prefer not to say,High School,Unemployed
9904,34,53706,4.68,49,54.75,Female,Doctorate,Retired
9905,44,57957,4.66,30,33.03,Female,Bachelor's Degree,Retired
9906,22,26376,1.04,29,88.22,Non-binary,Associate Degree,Student
9907,41,31494,1.43,29,30.11,Male,High School,Student
9908,58,53784,3.33,27,51.65,Male,Master's Degree,Unemployed
9909,45,55087,4.39,29,18.67,Non-binary,High School,Student
9910,49,35140,4.82,49,1.12,Prefer not to say,Associate Degree,Student
9911,37,41389,4.44,45,42.6,Female,Bachelor's Degree,Unemployed
9912,44,22452,3.71,23,52.69,Prefer not to say,Associate Degree,Employed
9913,27,70658,1.8,34,76.47,Male,High School,Unemployed
9914,42,30501,1.29,28,44.88,Prefer not to say,Master's Degree,Student
9915,41,58133,1.19,48,27.87,Female,Master's Degree,Unemployed
9916,37,49475,3.45,35,60.42,Male,Doctorate,Retired
9917,48,69343,1.14,24,38.12,Prefer not to say,Doctorate,Employed
9918,29,38116,3.96,41,23.34,Prefer not to say,Bachelor's Degree,Employed
9919,33,50918,3.85,46,91.03,Prefer not to say,Bachelor's Degree,Employed
9920,35,24523,1.32,30,53.67,Male,Doctorate,Unemployed
9921,24,20922,4.63,37,20.05,Male,Doctorate,Retired
9922,37,58945,3.09,30,67.09,Prefer not to say,Associate Degree,Self-employed
9923,18,23224,4.62,52,80.31,Non-binary,Associate Degree,Retired
9924,45,46576,4.61,35,75.85,Female,Master's Degree,Retired
9925,35,65169,1.79,32,59.95,Male,Master's Degree,Student
9926,29,61200,2.52,39,51.96,Male,Doctorate,Retired
9927,26,40031,1.54,37,77.73,Male,Associate Degree,Unemployed
9928,32,26172,4.1,46,70.81,Female,Doctorate,Employed
9929,41,57642,3.02,52,57.15,Male,Doctorate,Retired
9930,40,70133,4.72,52,65.77,Non-binary,Bachelor's Degree,Retired
9931,27,40066,1.83,36,16.86,Male,Doctorate,Self-employed
9932,26,37950,3.75,43,1.99,Male,Master's Degree,Self-employed
9933,41,42126,4.96,54,93.11,Non-binary,Bachelor's Degree,Student
9934,27,58574,3.66,55,93.53,Female,Associate Degree,Self-employed
9935,35,68427,1.28,31,78.8,Female,Master's Degree,Student
9936,36,31405,3.35,45,37.23,Male,High School,Unemployed
9937,38,27525,1.72,44,15.08,Female,Associate Degree,Employed
9938,43,85099,1.12,49,35.73,Non-binary,High School,Self-employed
9939,22,47340,2.34,52,72.62,Female,Master's Degree,Unemployed
9940,18,53793,2.06,29,33.52,Male,Associate Degree,Employed
9941,29,39621,4.16,33,79.59,Non-binary,High School,Unemployed
9942,53,57349,2.49,49,67.3,Male,High School,Unemployed
9943,55,64400,3.93,41,63,Non-binary,Associate Degree,Unemployed
9944,53,54496,1.06,17,93.02,Non-binary,Doctorate,Unemployed
9945,33,76112,1.06,23,89.34,Male,Master's Degree,Self-employed
9946,18,45098,1.12,46,71.17,Male,Master's Degree,Retired
9947,18,46056,1.88,48,19.92,Female,Bachelor's Degree,Unemployed
9948,28,53471,2.5,26,93.89,Prefer not to say,Associate Degree,Employed
9949,33,56974,3.43,50,22.71,Female,Master's Degree,Self-employed
9950,48,53419,4.94,38,37.26,Male,High School,Self-employed
9951,43,30733,2.42,29,82.68,Male,Associate Degree,Unemployed
9952,37,54687,1.22,34,20.87,Female,High School,Unemployed
9953,26,44387,1.78,27,63.86,Prefer not to say,Associate Degree,Employed
9954,25,41285,4.59,33,45.78,Prefer not to say,High School,Retired
9955,37,50487,3.8,21,62.4,Male,High School,Self-employed
9956,41,35577,4.16,39,95.81,Prefer not to say,Associate Degree,Unemployed
9957,38,32969,1.5,45,80.84,Non-binary,Bachelor's Degree,Student
9958,24,20000,1.54,26,29.58,Female,High School,Student
9959,41,76208,1.45,40,5.73,Prefer not to say,Associate Degree,Unemployed
9960,39,58335,4.43,31,96.7,Prefer not to say,Doctorate,Student
9961,24,48248,1.84,46,58.52,Female,Doctorate,Employed
9962,27,39991,3.57,16,17.31,Non-binary,Bachelor's Degree,Retired
9963,41,20000,3.06,47,62.71,Prefer not to say,Associate Degree,Student
9964,32,39072,3.18,21,4.22,Non-binary,Bachelor's Degree,Employed
9965,50,60737,1.78,37,18.75,Male,High School,Student
9966,40,64132,3.54,32,63.26,Male,Doctorate,Employed
9967,30,59634,1.17,36,40.25,Non-binary,Bachelor's Degree,Employed
9968,34,52375,4.97,24,32.51,Non-binary,High School,Unemployed
9969,35,69558,1.11,56,65.55,Female,Doctorate,Self-employed
9970,27,45071,1.2,27,86.64,Female,Bachelor's Degree,Employed
9971,25,66277,2.3,27,67.86,Female,High School,Student
9972,42,44231,4.33,57,46.34,Prefer not to say,Master's Degree,Unemployed
9973,43,36782,2.03,43,65.89,Male,Doctorate,Self-employed
9974,41,34914,2.89,27,69.57,Female,High School,Retired
9975,50,34032,1.07,38,77.51,Prefer not to say,Master's Degree,Employed
9976,29,59886,1.32,37,30.7,Prefer not to say,Bachelor's Degree,Employed
9977,51,38858,3.43,23,11.44,Non-binary,Master's Degree,Self-employed
9978,25,34504,1.78,32,68.19,Female,Doctorate,Unemployed
9979,24,60706,3.78,39,12.11,Non-binary,Associate Degree,Retired
9980,18,54919,4.14,52,46.2,Non-binary,Bachelor's Degree,Self-employed
9981,30,64438,4.4,38,23.07,Prefer not to say,Master's Degree,Retired
9982,29,57688,1.54,38,33.21,Male,High School,Self-employed
9983,40,38703,2.82,31,47.06,Prefer not to say,Associate Degree,Unemployed
9984,37,51141,4.79,50,89.62,Prefer not to say,Associate Degree,Student
9985,23,51876,4.09,49,68.04,Prefer not to say,Bachelor's Degree,Self-employed
9986,31,36212,1.47,47,17.16,Male,Master's Degree,Student
9987,31,33430,3.01,41,87.94,Female,Doctorate,Self-employed
9988,18,39789,4.69,24,50.05,Prefer not to say,Master's Degree,Employed
9989,25,80548,2.76,50,20.43,Prefer not to say,Master's Degree,Unemployed
9990,27,43808,4.35,40,52.74,Female,Bachelor's Degree,Employed
9991,49,68493,2.98,36,19.09,Female,Bachelor's Degree,Retired
9992,36,42970,1.43,44,36.73,Prefer not to say,High School,Student
9993,41,63332,1.59,42,80.55,Male,Doctorate,Retired
9994,20,63537,1.19,29,65.86,Non-binary,Bachelor's Degree,Student
9995,46,64288,1.78,36,47.79,Non-binary,High School,Student
9996,48,55817,4.57,20,22.64,Prefer not to say,Associate Degree,Unemployed
9997,18,70660,3.6,40,28.22,Male,High School,Retired
9998,27,55675,3.96,53,97.82,Female,Doctorate,Employed
9999,39,75702,3.49,22,34.29,Male,High School,Employed
10000,41,25701,2.55,41,61.61,Non-binary,High School,Student
